87539319;3;3:3,7:1,31:1,67:1,223:1;167:436,228:423,255:414
119824488;3;2:3,3:3,7:1,19:1,43:1,97:1;11:493,90:492,346:428
143604279;3;3:3,7:1,13:1,211:1,277:1;111:522,359:460,408:423
175959000;3;2:3,3:3,5:3,7:3,19:1;70:560,198:552,315:525
327763000;3;2:3,5:3,31:1,97:1,109:1;300:670,339:661,510:580
700314552;3;2:3,3:3,7:1,31:1,67:1,223:1;334:872,456:846,510:828
804360375;3;3:6,5:3,7:1,13:1,97:1;15:930,198:927,295:920
958595904;3;2:6,3:3,7:1,19:1,43:1,97:1;22:986,180:984,692:856
1148834232;3;2:3,3:3,7:1,13:1,211:1,277:1;222:1044,718:920,816:846
1407672000;3;2:6,3:3,5:3,7:3,19:1;140:1120,396:1104,630:1050
1840667192;3;2:3,7:1,13:1,61:1,181:1,229:1;225:1223,372:1214,681:1151
1915865217;3;3:6,7:1,37:1,73:1,139:1;9:1242,484:1217,969:1002
2363561613;3;3:6,7:1,31:1,67:1,223:1;501:1308,684:1269,765:1242
2622104000;3;2:6,5:3,31:1,97:1,109:1;600:1340,678:1322,1020:1160
3080802816;3;2:9,3:3,7:1,13:1,31:1,79:1;81:1455,456:1440,904:1328
3235261176;3;2:3,3:6,7:1,19:1,43:1,97:1;33:1479,270:1476,1038:1284
3499524728;3;2:3,7:4,19:1,43:1,223:1;116:1518,350:1512,1169:1239
3623721192;3;2:3,3:3,7:1,13:1,19:1,31:1,313:1;348:1530,761:1471,1098:1320
3877315533;3;3:6,7:1,13:1,211:1,277:1;333:1566,1077:1380,1224:1269
4750893000;3;2:3,3:6,5:3,7:3,19:1;210:1680,594:1656,945:1575
5544709352;3;2:3,7:1,13:1,19:1,31:1,67:1,193:1;207:1769,842:1704,1076:1626
5602516416;3;2:6,3:3,7:1,31:1,67:1,223:1;668:1744,912:1692,1020:1656
6434883000;3;2:3,3:6,5:3,7:1,13:1,97:1;30:1860,396:1854,590:1840
7668767232;3;2:9,3:3,7:1,19:1,43:1,97:1;44:1972,360:1968,1384:1712
8849601000;3;2:3,3:3,5:3,31:1,97:1,109:1;900:2010,1017:1983,1530:1740
9190673856;3;2:6,3:3,7:1,13:1,211:1,277:1;444:2088,1436:1840,1632:1692
10458523413;3;3:6,13:1,31:1,97:1,367:1;438:2181,1058:2101,1269:2034
10499580728;3;2:3,7:1,13:1,19:1,43:1,127:1,139:1;219:2189,1262:2040,1604:1854
10833628897;3;7:1,13:3,37:1,79:1,241:1;738:2185,988:2145,1326:2041
10942414875;3;3:3,5:3,7:1,31:1,67:1,223:1;835:2180,1140:2115,1275:2070
11261376000;3;2:9,3:3,5:3,7:3,19:1;280:2240,792:2208,1260:2100
14725337536;3;2:6,7:1,13:1,61:1,181:1,229:1;450:2446,744:2428,1362:2302
14978061000;3;2:3,3:3,5:3,7:1,19:1,43:1,97:1;55:2465,450:2460,1730:2140
15170835645;3;3:2,5:1,7:1,31:1,37:1,199:1,211:1;517:2468,709:2456,1733:2152
15326921736;3;2:3,3:6,7:1,37:1,73:1,139:1;18:2484,968:2434,1938:2004
17950534875;3;3:3,5:3,7:1,13:1,211:1,277:1;555:2610,1795:2300,2040:2115
18778674824;3;2:3,7:1,13:1,31:1,37:1,43:1,523:1;8:2658,575:2649,1899:2285
18908492904;3;2:3,3:6,7:1,31:1,67:1,223:1;1002:2616,1368:2538,1530:2484
20976832000;3;2:9,5:3,31:1,97:1,109:1;1200:2680,1356:2644,2040:2320
21303180171;3;3:3,7:3,13:1,19:1,67:1,139:1;147:2772,1107:2712,1666:2555
21717730125;3;3:9,5:3,7:1,13:1,97:1;45:2790,594:2781,885:2760
21989186856;3;2:3,3:3,7:1,13:1,19:1,97:1,607:1;393:2799,1392:2682,2186:2260
21994875000;3;2:3,3:3,5:6,7:3,19:1;350:2800,990:2760,1575:2625
24646422528;3;2:12,3:3,7:1,13:1,31:1,79:1;162:2910,912:2880,1808:2656
25882089408;3;2:6,3:6,7:1,19:1,43:1,97:1;66:2958,540:2952,2076:2568
26059452841;3;31:1,43:3,97:1,109:1;417:2962,1290:2881,2193:2494
27996197824;3;2:6,7:4,19:1,43:1,223:1;232:3036,700:3024,2338:2478
28989769536;3;2:6,3:3,7:1,13:1,19:1,31:1,313:1;696:3060,1522:2942,2196:2640
30025986417;3;3:3,7:4,31:1,67:1,223:1;1169:3052,1596:2961,1785:2898
31018524264;3;2:3,3:6,7:1,13:1,211:1,277:1;666:3132,2154:2760,2448:2538
38007144000;3;2:6,3:6,5:3,7:3,19:1;420:3360,1188:3312,1890:3150
38786216625;3;3:2,5:3,13:1,37:1,229:1,313:1;50:3385,1390:3305,1618:3257
38947913424;3;2:4,3:3,7:3,31:1,61:1,139:1;738:3378,1115:3349,1974:3150
40970375000;3;2:3,5:6,31:1,97:1,109:1;1500:3350,1695:3305,2550:2900
41099799384;3;2:3,3:3,7:4,19:1,43:1,97:1;77:3451,630:3444,2422:2996
44357674816;3;2:6,7:1,13:1,19:1,31:1,67:1,193:1;414:3538,1684:3408,2152:3252
44820131328;3;2:9,3:3,7:1,31:1,67:1,223:1;1336:3488,1824:3384,2040:3312
49256267697;3;3:3,7:4,13:1,211:1,277:1;777:3654,2513:3220,2856:2961
49698014184;3;2:3,3:3,7:1,13:1,61:1,181:1,229:1;675:3669,1116:3642,2043:3453
51479064000;3;2:6,3:6,5:3,7:1,13:1,97:1;60:3720,792:3708,1180:3680
51728360859;3;3:9,7:1,37:1,73:1,139:1;27:3726,1452:3651,2907:3006
53072642168;3;2:3,7:1,13:1,271:1,367:1,733:1;36:3758,1454:3684,2543:3321
56065076613;3;3:3,7:2,13:1,41:1,43:3;992:3805,1548:3741,2742:3285
60353937000;3;2:3,3:3,5:3,7:6,19:1;490:3920,1386:3864,2205:3675
61350137856;3;2:12,3:3,7:1,19:1,43:1,97:1;88:3944,720:3936,2768:3424
62190076347;3;3:3,7:1,19:1,103:1,277:1,607:1;1588:3875,2046:3771,2124:3747
63816163551;3;3:9,7:1,31:1,67:1,223:1;1503:3924,2052:3807,2295:3726
70796808000;3;2:6,3:3,5:3,31:1,97:1,109:1;1800:4020,2034:3966,3060:3480
73525390848;3;2:9,3:3,7:1,13:1,211:1,277:1;888:4176,2872:3680,3264:3384
83181676032;3;2:9,3:6,7:1,13:1,31:1,79:1;243:4365,1368:4320,2712:3984
83668187304;3;2:3,3:6,13:1,31:1,97:1,367:1;876:4362,2116:4202,2538:4068
83996645824;3;2:6,7:1,13:1,19:1,43:1,127:1,139:1;438:4378,2524:4080,3208:3708
86669031176;3;2:3,7:1,13:3,37:1,79:1,241:1;1476:4370,1976:4290,2652:4082
87352051752;3;2:3,3:9,7:1,19:1,43:1,97:1;99:4437,810:4428,3114:3852
87539319000;3;2:3,3:3,5:3,7:1,31:1,67:1,223:1;1670:4360,2280:4230,2550:4140
90091008000;3;2:12,3:3,5:3,7:3,19:1;560:4480,1584:4416,2520:4200
94487167656;3;2:3,3:3,7:4,19:1,43:1,223:1;348:4554,1050:4536,3507:3717
97840472184;3;2:3,3:6,7:1,13:1,19:1,31:1,313:1;1044:4590,2283:4413,3294:3960
100545046875;3;3:6,5:6,7:1,13:1,97:1;75:4650,990:4635,1475:4600
104622178752;3;2:6,3:2,7:1,13:1,31:3,67:1;124:4712,928:4700,1271:4681
104687519391;3;3:9,7:1,13:1,211:1,277:1;999:4698,3231:4140,3672:3807
106872501519;3;3:6,7:1,19:1,31:3,37:1;558:4743,2487:4506,3751:3782
109568696139;3;3:3,7:1,19:1,31:1,73:1,97:1,139:1;750:4779,1363:4748,2154:4635
112422709000;3;2:3,5:3,7:3,31:1,97:1,109:1;2100:4690,2373:4627,3570:4060
116514833589;3;3:3,7:1,11:3,31:1,67:1,223:1;1837:4796,2508:4653,2805:4554
117802700288;3;2:9,7:1,13:1,61:1,181:1,229:1;900:4892,1488:4856,2724:4604
119068866189;3;3:3,7:2,13:1,19:1,199:1,1831:1;576:4917,821:4912,3573:4188
119824488000;3;2:6,3:3,5:3,7:1,19:1,43:1,97:1;110:4930,900:4920,3460:4280
121366685160;3;2:3,3:2,5:1,7:1,31:1,37:1,199:1,211:1;1034:4936,1418:4912,3466:4304
122026235968;3;2:6,7:1,13:1,19:1,67:1,109:1,151:1;132:4960,873:4951,3720:4132
122615373888;3;2:6,3:6,7:1,37:1,73:1,139:1;36:4968,1936:4868,3876:4008
128274111000;3;2:3,3:9,5:3,7:3,19:1;630:5040,1782:4968,2835:4725
132651091125;3;3:3,5:3,7:3,19:1,37:1,163:1;45:5100,2157:4968,3269:4606
142220774241;3;3:3,7:1,13:1,29:1,31:3,67:1;612:5217,3084:4833,3410:4681
143604279000;3;2:3,3:3,5:3,7:1,13:1,211:1,277:1;1110:5220,3590:4600,4080:4230
149498759592;3;2:3,3:3,7:1,13:1,19:1,31:1,37:1,349:1;986:5296,1626:5256,3867:4509
149707152504;3;2:3,3:3,7:1,13:1,19:1,31:1,67:1,193:1;621:5307,2526:5112,3228:4878
150229398592;3;2:6,7:1,13:1,31:1,37:1,43:1,523:1;16:5316,1150:5298,3798:4570
151267943232;3;2:6,3:6,7:1,31:1,67:1,223:1;2004:5232,2736:5076,3060:4968
159486393528;3;2:3,3:3,7:1,11:3,19:1,43:1,97:1;121:5423,990:5412,3806:4708
160780814649;3;3:5,7:1,13:1,73:1,103:1,967:1;1065:5424,3382:4961,3828:4713
167814656000;3;2:12,5:3,31:1,97:1,109:1;2400:5360,2712:5288,4080:4640
170425441368;3;2:3,3:3,7:3,13:1,19:1,67:1,139:1;294:5544,2214:5424,3332:5110
173741841000;3;2:3,3:9,5:3,7:1,13:1,97:1;90:5580,1188:5562,1770:5520
175913494848;3;2:6,3:3,7:1,13:1,19:1,97:1,607:1;786:5598,2784:5364,4372:4520
175959000000;3;2:6,3:3,5:6,7:3,19:1;700:5600,1980:5520,3150:5250
177853640328;3;2:3,3:3,7:1,13:1,19:1,37:1,61:1,211:1;937:5615,3554:5104,4050:4812
184877417088;3;2:7,3:5,7:3,13:1,31:1,43:1;2541:5523,3028:5396,3954:4974
189855538327;3;7:4,13:1,73:1,97:1,859:1;903:5740,1359:5722,3591:5236
191137295349;3;3:3,7:1,11:3,13:1,211:1,277:1;1221:5742,3949:5060,4488:4653
191450482496;3;2:6,7:3,13:1,17:1,19:1,31:1,67:1;1925:5691,2934:5498,4032:5012
192323883843;3;3:3,7:1,13:3,31:1,67:1,223:1;2171:5668,2964:5499,3315:5382
197171380224;3;2:15,3:3,7:1,13:1,31:1,79:1;324:5820,1824:5760,3616:5312
207056715264;3;2:9,3:6,7:1,19:1,43:1,97:1;132:5916,1080:5904,4152:5136
208438080643;3;13:1,19:1,31:1,37:1,67:1,79:1,139:1;1782:5875,3768:5371,4174:5139
208475622728;3;2:3,31:1,43:3,97:1,109:1;834:5924,2580:5762,4386:4988
210662877789;3;3:9,7:1,13:1,337:1,349:1;613:5948,3645:5454,4482:4941
223969582592;3;2:9,7:4,19:1,43:1,223:1;464:6072,1400:6048,4676:4956
230083399000;3;2:3,5:3,7:1,13:1,61:1,181:1,229:1;1125:6115,1860:6070,3405:5755
231918156288;3;2:9,3:3,7:1,13:1,19:1,31:1,313:1;1392:6120,3044:5884,4392:5280
234201429000;3;2:3,3:3,5:3,7:3,11:3,19:1;770:6160,2178:6072,3465:5775
235645700472;3;2:3,3:3,7:3,13:1,19:1,79:1,163:1;672:6174,3102:5904,4039:5537
237565962991;3;7:4,31:1,43:1,199:1,373:1;2503:6054,3556:5775,4431:5320
238939227000;3;2:3,3:6,5:3,31:1,97:1,109:1;2700:6030,3051:5949,4590:5220
239226670592;3;2:9,7:1,13:1,43:1,97:1,1231:1;449:6207,4076:5556,4800:5048
239483152125;3;3:6,5:3,7:1,37:1,73:1,139:1;45:6210,2420:6085,4845:5010
240207891336;3;2:3,3:3,7:4,31:1,67:1,223:1;2338:6104,3192:5922,3570:5796
243349354053;3;3:6,13:1,31:1,37:1,61:1,367:1;900:6237,1309:6224,4893:5016
247620672000;3;2:9,3:3,5:3,13:1,73:1,151:1;1425:6255,2640:6120,2944:6056
248148194112;3;2:6,3:6,7:1,13:1,211:1,277:1;1332:6264,4308:5520,4896:5076
257906381824;3;2:10,7:1,13:1,19:1,31:1,37:1,127:1;807:6361,1812:6316,3400:6024
263254400136;3;2:3,3:3,7:1,13:3,19:1,43:1,97:1;143:6409,1170:6396,4498:5564
266927432616;3;2:3,3:3,13:3,43:1,103:1,127:1;985:6431,4056:5850,4394:5668
275895608625;3;3:6,5:3,7:4,13:1,97:1;105:6510,1386:6489,2065:6440
282380132151;3;3:9,13:1,31:1,97:1,367:1;1314:6543,3174:6303,3807:6102
283488679656;3;2:3,3:3,7:1,13:1,19:1,43:1,127:1,139:1;657:6567,3786:6120,4812:5562
292507980219;3;3:3,7:1,13:3,37:1,79:1,241:1;2214:6555,2964:6435,3978:6123
295445201625;3;3:6,5:3,7:1,31:1,67:1,223:1;2505:6540,3420:6345,3825:6210
300634478586;3;2:1,3:3,13:1,19:1,31:1,37:1,43:1,457:1;183:6699,1555:6671,5009:5593
304057152000;3;2:9,3:6,5:3,7:3,19:1;840:6720,2376:6624,3780:6300
310289733000;3;2:3,3:2,5:3,13:1,37:1,229:1,313:1;100:6770,2780:6610,3236:6514
311583307392;3;2:7,3:3,7:3,31:1,61:1,139:1;1476:6756,2230:6698,3948:6300
315498600963;3;3:3,7:1,13:4,211:1,277:1;1443:6786,4667:5980,5304:5499
319616506125;3;3:3,5:3,7:1,19:1,31:1,103:1,223:1;288:6837,1046:6829,5085:5730
320465258659;3;7:1,13:1,19:1,31:1,37:1,283:1,571:1;1986:6787,2395:6744,5230:5619
327763000000;3;2:6,5:6,31:1,97:1,109:1;3000:6700,3390:6610,5100:5800
328798395072;3;2:6,3:3,7:4,19:1,43:1,97:1;154:6902,1260:6888,4844:5992
330175414296;3;2:3,3:3,7:1,13:1,19:3,31:1,79:1;2166:6840,2943:6729,4294:6308
354861398528;3;2:9,7:1,13:1,19:1,31:1,67:1,193:1;828:7076,3368:6816,4304:6504
358561050624;3;2:12,3:3,7:1,31:1,67:1,223:1;2672:6976,3648:6768,4080:6624
360113256776;3;2:3,7:1,13:1,19:1,67:1,73:1,5323:1;2818:6964,3970:6676,4801:6295
381240326376;3;2:3,3:5,7:4,13:1,61:1,103:1;165:7251,2768:7114,5376:6090
385100352000;3;2:9,3:3,5:3,7:1,13:1,31:1,79:1;405:7275,2280:7200,4520:6640
386581923000;3;2:3,3:3,5:3,7:3,13:3,19:1;910:7280,2574:7176,4095:6825
394050141576;3;2:3,3:3,7:4,13:1,211:1,277:1;1554:7308,5026:6440,5712:5922
397584113472;3;2:6,3:3,7:1,13:1,61:1,181:1,229:1;1350:7338,2232:7284,4086:6906
404407647000;3;2:3,3:6,5:3,7:1,19:1,43:1,97:1;165:7395,1350:7380,5190:6420
409612562415;3;3:5,5:1,7:1,31:1,37:1,199:1,211:1;1551:7404,2127:7368,5199:6456
411832512000;3;2:9,3:6,5:3,7:1,13:1,97:1;120:7440,1584:7416,2360:7360
413826886872;3;2:3,3:9,7:1,37:1,73:1,139:1;54:7452,2904:7302,5814:6012
424581137344;3;2:6,7:1,13:1,271:1,367:1,733:1;72:7516,2908:7368,5086:6642
430080674247;3;3:3,7:1,17:3,31:1,67:1,223:1;2839:7412,3876:7191,4335:7038
436252553000;3;2:3,5:3,11:3,31:1,97:1,109:1;3300:7370,3729:7271,5610:6380
437440591000;3;2:3,5:3,7:4,19:1,43:1,223:1;580:7590,1750:7560,5845:6195
439386172407;3;3:5,7:3,13:1,31:1,103:1,127:1;399:7602,743:7600,5799:6252
448520612904;3;2:3,3:3,7:2,13:1,41:1,43:3;1984:7610,3096:7482,5484:6570
452965149000;3;2:3,3:3,5:3,7:1,13:1,19:1,31:1,313:1;1740:7650,3805:7355,5490:6600
472233009528;3;2:3,3:3,7:1,31:1,73:1,79:1,1747:1;2228:7726,2820:7662,5583:6681
474894161469;3;3:3,7:3,13:1,19:1,31:1,37:1,181:1;2373:7728,2621:7702,5964:6405
482831496000;3;2:6,3:3,5:3,7:6,19:1;980:7840,2772:7728,4410:7350
484664441625;3;3:6,5:3,7:1,13:1,211:1,277:1;1665:7830,5385:6900,6120:6345
490801102848;3;2:15,3:3,7:1,19:1,43:1,97:1;176:7888,1440:7872,5536:6848
497520610776;3;2:3,3:3,7:1,19:1,103:1,277:1,607:1;3176:7750,4092:7542,4248:7494
499501199799;3;3:6,7:1,31:1,37:1,61:1,1399:1;1063:7928,3930:7599,6183:6408
501172171344;3;2:4,3:3,13:1,79:3,181:1;747:7941,3713:7663,5214:7110
507024220248;3;2:3,3:3,7:1,13:1,31:1,37:1,43:1,523:1;24:7974,1725:7947,5697:6855
508252843000;3;2:3,5:3,7:2,31:1,313:1,1069:1;2830:7860,4974:7276,5575:6945
509082282072;3;2:3,3:3,7:6,13:1,23:1,67:1;1272:7974,3941:7651,5670:6888
510529308408;3;2:3,3:9,7:1,31:1,67:1,223:1;3006:7848,4104:7614,4590:7452
513359176113;3;3:3,7:1,31:1,43:1,73:1,103:1,271:1;1425:7992,1593:7986,4492:7505
566374464000;3;2:9,3:3,5:3,31:1,97:1,109:1;3600:8040,4068:7932,6120:6960
575185864617;3;3:6,7:3,13:1,19:1,67:1,139:1;441:8316,3321:8136,4998:7665
586378713375;3;3:12,5:3,7:1,13:1,97:1;135:8370,1782:8343,2655:8280
588203126784;3;2:12,3:3,7:1,13:1,211:1,277:1;1776:8352,5744:7360,6528:6768
588697709544;3;2:3,3:3,7:1,17:3,19:1,43:1,97:1;187:8381,1530:8364,5882:7276
593708045112;3;2:3,3:6,7:1,13:1,19:1,97:1,607:1;1179:8397,4176:8046,6558:6780
593861625000;3;2:3,3:6,5:6,7:3,19:1;1050:8400,2970:8280,4725:7875
600432189021;3;3:3,7:1,19:3,31:1,67:1,223:1;3173:8284,4332:8037,4845:7866
605275992496;3;2:4,7:1,19:1,31:1,37:1,43:1,73:1,79:1;594:8458,4566:7990,5443:7629
620504707032;3;2:3,3:3,7:3,31:1,43:1,61:1,103:1;1743:8505,2934:8412,5110:7868
631348846856;3;2:3,7:4,13:1,61:1,181:1,229:1;1575:8561,2604:8498,4767:8057
646317255320;3;2:3,5:1,11:3,31:1,79:1,4957:1;44:8646,5462:7848,6281:7359
657141769431;3;3:6,7:4,37:1,73:1,139:1;63:8694,3388:8519,6783:7014
665453408256;3;2:12,3:6,7:1,13:1,31:1,79:1;486:8730,2736:8640,5424:7968
669345498432;3;2:6,3:6,13:1,31:1,97:1,367:1;1752:8724,4232:8404,5076:8136
671973166592;3;2:9,7:1,13:1,19:1,43:1,127:1,139:1;876:8756,5048:8160,6416:7416
678755646296;3;2:3,7:1,13:1,19:1,67:1,73:1,79:1,127:1;998:8784,5120:8166,6273:7559
680558704488;3;2:3,3:3,13:1,43:1,151:1,163:1,229:1;2117:8755,3114:8664,4266:8448
693088669000;3;2:3,5:3,7:1,13:1,19:1,31:1,67:1,193:1;1035:8845,4210:8520,5380:8130
693352249408;3;2:6,7:1,13:3,37:1,79:1,241:1;2952:8740,3952:8580,5304:8164
698816414016;3;2:6,3:9,7:1,19:1,43:1,97:1;198:8874,1620:8856,6228:7704
700314552000;3;2:6,3:3,5:3,7:1,31:1,67:1,223:1;3340:8720,4560:8460,5100:8280
703605226707;3;3:3,31:1,43:3,97:1,109:1;1251:8886,3870:8643,6579:7482
705527822727;3;3:3,7:1,13:1,17:3,211:1,277:1;1887:8874,6103:7820,6936:7191
711087080067;3;3:3,7:1,13:1,19:1,61:1,67:1,3727:1;2307:8874,2606:8851,3522:8739
720095311000;3;2:3,5:3,13:3,31:1,97:1,109:1;3900:8710,4407:8593,6630:7540
720728064000;3;2:15,3:3,5:3,7:3,19:1;1120:8960,3168:8832,5040:8400
736115010624;3;2:6,3:3,7:1,19:1,31:1,277:1,373:1;1398:9018,1945:8999,4912:8516
753431128632;3;2:3,3:6,7:1,13:1,19:1,74719:1;477:9099,4668:8670,5065:8543
755897341248;3;2:6,3:3,7:4,19:1,43:1,223:1;696:9108,2100:9072,7014:7434
782638019072;3;2:9,7:1,13:1,19:3,31:1,79:1;513:9215,2888:9120,3924:8972
782723777472;3;2:6,3:6,7:1,13:1,19:1,31:1,313:1;2088:9180,4566:8826,6588:7920
804360375000;3;2:3,3:6,5:6,7:1,13:1,97:1;150:9300,1980:9270,2950:9200
806313656512;3;2:6,7:1,13:1,31:1,43:1,283:1,367:1;972:9304,5133:8755,6892:7824
806895808056;3;2:3,3:3,13:1,19:1,43:1,547:1,643:1;2312:9262,4461:8955,6836:7870
810701633259;3;3:6,7:4,31:1,67:1,223:1;3507:9156,4788:8883,5355:8694
821876163192;3;2:3,3:3,7:1,19:4,43:1,97:1;209:9367,1710:9348,6574:8132
836977430016;3;2:9,3:2,7:1,13:1,31:3,67:1;248:9424,1856:9400,2542:9362
837500155128;3;2:3,3:9,7:1,13:1,211:1,277:1;1998:9396,6462:8280,7344:7614
854980012152;3;2:3,3:6,7:1,19:1,31:3,37:1;1116:9486,4974:9012,7502:7564
857052870219;3;3:3,7:1,13:1,19:1,37:1,127:1,3907:1;603:9498,6291:8472,6520:8339
864486567000;3;2:3,3:3,5:3,7:3,17:3,19:1;1190:9520,3366:9384,5355:8925
870434038656;3;2:7,3:3,7:1,13:1,19:1,31:1,37:1,127:1;2718:9474,5100:9036,6661:8315
872354677824;3;2:6,3:3,7:1,19:1,67:1,181:1,313:1;1399:9545,1732:9536,6774:8250
876549569112;3;2:3,3:3,7:1,19:1,31:1,73:1,97:1,139:1;1500:9558,2726:9496,4308:9270
899381672000;3;2:6,5:3,7:3,31:1,97:1,109:1;4200:9380,4746:9254,7140:8120
917600156649;3;3:3,11:3,109:1,433:1,541:1;1078:9713,2305:9674,5049:9240
932118668712;3;2:3,3:3,7:1,11:3,31:1,67:1,223:1;3674:9592,5016:9306,5610:9108
942421602304;3;2:12,7:1,13:1,61:1,181:1,229:1;1800:9784,2976:9712,5448:9208
950859559000;3;2:3,5:3,13:1,31:1,37:1,43:1,1483:1;3291:9709,3670:9660,5670:9160
952550929512;3;2:3,3:3,7:2,13:1,19:1,199:1,1831:1;1152:9834,1642:9824,7146:8376
958595904000;3;2:9,3:3,5:3,7:1,19:1,43:1,97:1;220:9860,1800:9840,6920:8560
970933481280;3;2:6,3:2,5:1,7:1,31:1,37:1,199:1,211:1;2068:9872,2836:9824,6932:8608
976209887744;3;2:9,7:1,13:1,19:1,67:1,109:1,151:1;264:9920,1746:9902,7440:8264
980922991104;3;2:9,3:6,7:1,37:1,73:1,139:1;72:9936,3872:9736,7752:8016
984981749661;3;3:3,7:1,13:1,19:3,211:1,277:1;2109:9918,6821:8740,7752:8037
1001497375125;3;3:6,5:3,13:1,37:1,73:1,313:1;4365:9720,5076:9549,7310:8485
1001999997999;3;3:3,7:3,11:3,13:3,37:1;1320:9999,1999:9980,7722:8151
1006106826816;3;2:6,3:6,7:2,13:1,97:1,349:1;456:10020,2680:9956,6589:8963
1014843272625;3;3:3,5:3,7:1,13:1,79:1,151:1,277:1;5009:9616,6225:9180,7305:8550
1019886765625;3;5:6,7:2,13:1,43:1,2383:1;4150:9825,6624:9001,7500:8425
1022342420808;3;2:3,3:9,19:1,31:1,73:1,151:1;2277:10035,3152:9970,6939:8829
1026192888000;3;2:6,3:9,5:3,7:3,19:1;1260:10080,3564:9936,5670:9450
1047227848875;3;3:5,5:3,13:1,37:1,229:1,313:1;150:10155,4170:9915,4854:9771
1051593662448;3;2:4,3:6,7:3,31:1,61:1,139:1;2214:10134,3345:10047,5922:9450
1056715365888;3;2:9,3:3,7:4,13:1,31:1,79:1;567:10185,3192:10080,6328:9296
1061208729000;3;2:3,3:3,5:3,7:3,19:1,37:1,163:1;90:10200,4314:9936,6538:9212
1065090894273;3;3:3,7:1,23:3,31:1,67:1,223:1;3841:10028,5244:9729,5865:9522
1070603659125;3;3:6,5:3,7:1,11:3,13:1,97:1;165:10230,2178:10197,3245:10120
1097813860416;3;2:6,3:6,7:1,13:1,19:1,31:1,439:1;2862:10242,5939:9613,6372:9432
1103104702089;3;3:5,13:1,37:1,43:1,139:1,1579:1;929:10330,4098:10113,7377:8886
1106200125000;3;2:3,3:3,5:6,31:1,97:1,109:1;4500:10050,5085:9915,7650:8700
1109041710651;3;3:6,7:6,67:1,193:1;1568:10339,1827:10332,7355:8926
1109694583368;3;2:3,3:6,7:4,19:1,43:1,97:1;231:10353,1890:10332,7266:8988
1125524213576;3;2:3,7:1,19:1,31:1,61:1,73:1,79:1,97:1;695:10401,3954:10208,7026:9200
1137766193928;3;2:3,3:3,7:1,13:1,29:1,31:3,67:1;1224:10434,6168:9666,6820:9362
1147757021073;3;3:3,13:1,19:1,37:1,79:1,97:1,607:1;297:10470,881:10468,7922:8665
1148834232000;3;2:6,3:3,5:3,7:1,13:1,211:1,277:1;2220:10440,7180:9200,8160:8460
1154630906091;3;3:3,13:2,19:1,31:1,43:1,97:1,103:1;2868:10419,5883:9834,7768:8819
1178143119153;3;3:3,7:1,11:3,13:1,19:1,67:1,283:1;1426:10553,2662:10505,5412:10065
1195990076736;3;2:6,3:3,7:1,13:1,19:1,31:1,37:1,349:1;1972:10592,3252:10512,7734:9018
1197657220032;3;2:6,3:3,7:1,13:1,19:1,31:1,67:1,193:1;1242:10614,5052:10224,6456:9756
1200336981704;3;2:3,7:7,19:1,43:1,223:1;812:10626,2450:10584,8183:8673
1201835188736;3;2:9,7:1,13:1,31:1,37:1,43:1,523:1;32:10632,2300:10596,7596:9140
1206902781000;3;2:3,3:3,5:3,7:3,19:4;1330:10640,3762:10488,5985:9975
1210143545856;3;2:9,3:6,7:1,31:1,67:1,223:1;4008:10464,5472:10152,6120:9936
1242936368856;3;2:3,3:3,7:4,13:1,19:1,31:1,313:1;2436:10710,5327:10297,7686:9240
1275891148224;3;2:6,3:3,7:1,11:3,19:1,43:1,97:1;242:10846,1980:10824,7612:9416
1286246517192;3;2:3,3:5,7:1,13:1,73:1,103:1,967:1;2130:10848,6764:9922,7656:9426
1295447561837;3;11:3,13:1,19:1,31:1,79:1,1609:1;396:10901,6402:10109,8570:8733
1307315426625;3;3:6,5:3,13:1,31:1,97:1,367:1;2190:10905,5290:10505,6345:10170
1312447591000;3;2:3,5:3,7:1,13:1,19:1,43:1,127:1,139:1;1095:10945,6310:10200,8020:9270
1329919227819;3;3:6,7:4,13:1,211:1,277:1;2331:10962,7539:9660,8568:8883
1341846382968;3;2:3,3:6,7:1,13:1,61:1,181:1,229:1;2025:11007,3348:10926,6129:10359
1342517248000;3;2:15,5:3,31:1,97:1,109:1;4800:10720,5424:10576,8160:9280
1350293881608;3;2:3,3:3,7:3,19:1,67:1,103:1,139:1;690:11052,7623:9681,8386:9128
1354203612125;3;5:3,7:1,13:3,37:1,79:1,241:1;3690:10925,4940:10725,6630:10205
1363403530944;3;2:6,3:3,7:3,13:1,19:1,67:1,139:1;588:11088,4428:10848,6664:10220
1367801859375;3;3:3,5:6,7:1,31:1,67:1,223:1;4175:10900,5700:10575,6375:10350
1376755179336;3;2:3,3:3,673:1,757:1,12511:1;992:11122,2546:11080,5493:10659
1389934728000;3;2:6,3:9,5:3,7:1,13:1,97:1;180:11160,2376:11124,3540:11040
1396665743193;3;3:12,7:1,37:1,73:1,139:1;81:11178,4356:10953,8721:9018
1399056055488;3;2:6,3:3,7:1,13:1,37:2,67:1,97:1;4140:10992,6476:10408,7617:9855
1407307958784;3;2:9,3:3,7:1,13:1,19:1,97:1,607:1;1572:11196,5568:10728,8744:9040
1407672000000;3;2:9,3:3,5:6,7:3,19:1;1400:11200,3960:11040,6300:10500
1422829122624;3;2:6,3:3,7:1,13:1,19:1,37:1,61:1,211:1;1874:11230,7108:10208,8100:9624
1432961338536;3;2:3,3:3,7:1,13:1,271:1,367:1,733:1;108:11274,4362:11052,7629:9963
1457904545496;3;2:3,3:3,7:1,19:1,23:3,43:1,97:1;253:11339,2070:11316,7958:9844
1479019336704;3;2:10,3:5,7:3,13:1,31:1,43:1;5082:11046,6056:10792,7908:9948
1513010536128;3;2:6,3:3,7:1,13:1,31:1,211:1,1471:1;3104:11404,6885:10587,7212:10440
1513757068551;3;3:6,7:2,13:1,41:1,43:3;2976:11415,4644:11223,8226:9855
1518844306616;3;2:3,7:4,13:1,73:1,97:1,859:1;1806:11480,2718:11444,7182:10472
1521668864989;3;7:1,13:3,31:1,43:1,199:1,373:1;61:11502,6604:10725,8229:9880
1529098362792;3;2:3,3:3,7:1,11:3,13:1,211:1,277:1;2442:11484,7898:10120,8976:9306
1531603859968;3;2:9,7:3,13:1,17:1,19:1,31:1,67:1;3850:11382,5868:10996,8064:10024
1538591070744;3;2:3,3:3,7:1,13:3,31:1,67:1,223:1;4342:11336,5928:10998,6630:10764
1568057335208;3;2:3,7:1,13:1,19:3,43:1,67:1,109:1;2124:11594,5339:11229,7220:10602
1577371041792;3;2:18,3:3,7:1,13:1,31:1,79:1;648:11640,3648:11520,7232:10624
1580060482875;3;3:3,5:3,7:1,37:1,43:1,127:1,331:1;1915:11630,2256:11619,3340:11555
1610299619000;3;2:3,5:3,17:3,31:1,97:1,109:1;5100:11390,5763:11237,8670:9860
1629556299000;3;2:3,3:6,5:3,7:6,19:1;1470:11760,4158:11592,6615:11025
1651966490375;3;5:3,31:1,61:1,97:1,109:1,661:1;1818:11807,3300:11735,5480:11415
1656453722112;3;2:12,3:6,7:1,19:1,43:1,97:1;264:11832,2160:11808,8304:10272
1658465000647;3;7:3,13:1,19:1,73:1,229:1,1171:1;3488:11735,5231:11486,7127:10904
1659967644160;3;2:9,5:1,7:1,31:1,67:1,103:1,433:1;4932:11548,6024:11296,6931:10989
1667504645144;3;2:3,13:1,19:1,31:1,37:1,67:1,79:1,139:1;3564:11750,7536:10742,8348:10278
1667804981824;3;2:6,31:1,43:3,97:1,109:1;1668:11848,5160:11524,8772:9976
1679132061369;3;3:6,7:1,19:1,103:1,277:1,607:1;4764:11625,6138:11313,6372:11241
1685303022312;3;2:3,3:9,7:1,13:1,337:1,349:1;1226:11896,7290:10908,8964:9882
1723036415877;3;3:12,7:1,31:1,67:1,223:1;4509:11772,6156:11421,6885:11178
1747233262593;3;3:3,7:1,13:1,23:3,211:1,277:1;2553:12006,8257:10580,9384:9729
1767179743875;3;3:6,5:3,7:1,13:4,97:1;195:12090,2574:12051,3835:11960
1791756660736;3;2:12,7:4,19:1,43:1,223:1;928:12144,2800:12096,9352:9912
1840667192000;3;2:6,5:3,7:1,13:1,61:1,181:1,229:1;2250:12230,3720:12140,6810:11510
1842680339136;3;2:6,3:3,7:1,13:1,19:1,37:1,79:1,211:1;5420:11896,5619:11853,6348:11664
1855345250304;3;2:12,3:3,7:1,13:1,19:1,31:1,313:1;2784:12240,6088:11768,8784:10560
1872257625000;3;2:3,3:3,5:6,7:1,19:1,43:1,97:1;275:12325,2250:12300,8650:10700
1873611432000;3;2:6,3:3,5:3,7:3,11:3,19:1;1540:12320,4356:12144,6930:11550
1885165603776;3;2:6,3:3,7:3,13:1,19:1,79:1,163:1;1344:12348,6204:11808,8078:11074
1896354455625;3;3:2,5:4,7:1,31:1,37:1,199:1,211:1;2585:12340,3545:12280,8665:10760
1900527703928;3;2:3,7:4,31:1,43:1,199:1,373:1;5006:12108,7112:11550,8862:10640
1901835307736;3;2:3,7:4,13:1,19:1,31:1,67:1,193:1;1449:12383,5894:11928,7532:11382
1911513816000;3;2:6,3:6,5:3,31:1,97:1,109:1;5400:12060,6102:11898,9180:10440
1913813364736;3;2:12,7:1,13:1,43:1,97:1,1231:1;898:12414,8152:11112,9600:10096
1915865217000;3;2:3,3:6,5:3,7:1,37:1,73:1,139:1;90:12420,4840:12170,9690:10020
1921663130688;3;2:6,3:3,7:4,31:1,67:1,223:1;4676:12208,6384:11844,7140:11592
1946794832424;3;2:3,3:6,13:1,31:1,37:1,61:1,367:1;1800:12474,2618:12448,9786:10032
1980965376000;3;2:12,3:3,5:3,13:1,73:1,151:1;2850:12510,5280:12240,5888:12112
1985185552896;3;2:9,3:6,7:1,13:1,211:1,277:1;2664:12528,8616:11040,9792:10152
2063251054592;3;2:13,7:1,13:1,19:1,31:1,37:1,127:1;1614:12722,3624:12632,6800:12048
2106035201088;3;2:6,3:3,7:1,13:3,19:1,43:1,97:1;286:12818,2340:12792,8996:11128
2112174838440;3;2:3,3:3,5:1,19:1,43:1,79:1,157:1,193:1;1304:12826,2689:12791,4762:12608
2134996451091;3;3:3,7:1,29:3,31:1,67:1,223:1;4843:12644,6612:12267,7395:12006
2135419460928;3;2:6,3:3,13:3,43:1,103:1,127:1;1970:12862,8112:11700,8788:11336
2140786353069;3;3:5,7:1,13:1,19:1,73:1,223:1,313:1;1164:12885,5522:12541,7914:11805
2140893153000;3;2:3,3:3,5:3,7:3,19:1,23:3;1610:12880,4554:12696,7245:12075
2175815002816;3;2:6,7:1,13:1,31:1,139:1,277:1,313:1;1452:12952,4456:12780,8353:11679
2207164869000;3;2:3,3:6,5:3,7:4,13:1,97:1;210:13020,2772:12978,4130:12880
2210606903232;3;2:6,3:2,7:1,13:1,103:1,241:1,1699:1;3100:12968,7727:12049,8968:11420
2235096962000;3;2:4,5:3,7:1,31:1,37:1,181:1,769:1;2330:13050,5822:12678,9935:10785
2243816859375;3;3:3,5:6,7:1,13:1,211:1,277:1;2775:13050,8975:11500,10200:10575
2245905252864;3;2:9,3:9,7:1,13:1,31:1,79:1;729:13095,4104:12960,8136:11952
2248126417000;3;2:3,5:3,19:3,31:1,97:1,109:1;5700:12730,6441:12559,9690:11020
2259041057208;3;2:3,3:9,13:1,31:1,97:1,367:1;2628:13086,6348:12606,7614:12204
2267909437248;3;2:6,3:3,7:1,13:1,19:1,43:1,127:1,139:1;1314:13134,7572:12240,9624:11124
2307582801125;3;5:3,7:1,19:3,31:1,79:1,157:1;1710:13205,7148:12477,8930:11685
2310962733469;3;13:4,19:1,43:1,97:1,1021:1;52:13221,3237:13156,6810:12589
2340063841752;3;2:3,3:3,7:1,13:3,37:1,79:1,241:1;4428:13110,5928:12870,7956:12246
2347334353000;3;2:3,5:3,7:1,13:1,31:1,37:1,43:1,523:1;40:13290,2875:13245,9495:11425
2358505397304;3;2:3,3:12,7:1,19:1,43:1,97:1;297:13311,2430:13284,9342:11556
2363561613000;3;2:3,3:6,5:3,7:1,31:1,67:1,223:1;5010:13080,6840:12690,7650:12420
2405075828688;3;2:4,3:3,13:1,19:1,31:1,37:1,43:1,457:1;366:13398,3110:13342,10018:11186
2432457216000;3;2:12,3:6,5:3,7:3,19:1;1680:13440,4752:13248,7560:12600
2449928032552;3;2:3,7:1,11:3,13:1,61:1,181:1,229:1;2475:13453,4092:13354,7491:12661
2482317864000;3;2:6,3:2,5:3,13:1,37:1,229:1,313:1;200:13540,5560:13220,6472:13028
2492666459136;3;2:10,3:3,7:3,31:1,61:1,139:1;2952:13512,4460:13396,7896:12600
2523988807704;3;2:3,3:3,7:1,13:4,211:1,277:1;2886:13572,9334:11960,10608:10998
2550016603827;3;3:6,7:1,11:3,37:1,73:1,139:1;99:13662,5324:13387,10659:11022
2551153526712;3;2:3,3:6,7:4,19:1,43:1,223:1;1044:13662,3150:13608,10521:11151
2556932049000;3;2:3,3:3,5:3,7:1,19:1,31:1,103:1,223:1;576:13674,2092:13658,10170:11460
2560850045208;3;2:3,3:2,7:1,13:1,37:1,109:1,199:1,487:1;1852:13670,4835:13477,7606:12848
2563722069272;3;2:3,7:1,13:1,19:1,31:1,37:1,283:1,571:1;3972:13574,4790:13488,10460:11238
2579121784512;3;2:6,3:3,7:1,13:3,37:1,43:1,61:1;3692:13624,3861:13611,7614:12882
2607883852329;3;3:3,7:1,31:4,67:1,223:1;5177:13516,7068:13113,7905:12834
2622104000000;3;2:9,5:6,31:1,97:1,109:1;6000:13400,6780:13220,10200:11600
2630387160576;3;2:9,3:3,7:4,19:1,43:1,97:1;308:13804,2520:13776,9688:11984
2641403314368;3;2:6,3:3,7:1,13:1,19:3,31:1,79:1;4332:13680,5886:13458,8588:12616
2641692748968;3;2:3,3:9,7:1,13:1,19:1,31:1,313:1;3132:13770,6849:13239,9882:11880
2662897521375;3;3:3,5:3,7:3,13:1,19:1,67:1,139:1;735:13860,5535:13560,8330:12775
2669167709208;3;2:3,3:6,7:4,11:1,13:1,31:1,43:1;4284:13734,4728:13686,8821:12563
2703367387539;3;3:6,7:4,13:3,19:1,37:1;1638:13923,6282:13491,11011:11102
2714716265625;3;3:9,5:6,7:1,13:1,97:1;225:13950,2970:13905,4425:13800
2724941294712;3;2:3,3:6,7:1,13:1,43:1,97:1,1231:1;7790:13108,9171:12501,10800:11358
2746367559000;3;2:3,3:3,5:3,13:1,19:1,43:1,61:1,157:1;246:14004,9755:12205,11110:11120
2748648357000;3;2:3,3:3,5:3,7:1,13:1,19:1,97:1,607:1;1965:13995,6960:13410,10930:11300
2749359375000;3;2:3,3:3,5:9,7:3,19:1;1750:14000,4950:13800,7875:13125
2752055194616;3;2:3,7:1,13:3,79:1,103:1,2749:1;3645:13931,4940:13806,9809:12183
2766487751937;3;3:10,7:4,13:1,19:1,79:1;5436:13761,6025:13658,10080:12033
2799353321821;3;7:4,19:1,67:1,331:1,2767:1;2142:14077,5572:13797,10044:12133
2824798826304;3;2:6,3:5,7:1,13:1,31:3,67:1;372:14136,2784:14100,3813:14043
2826563023557;3;3:12,7:1,13:1,211:1,277:1;2997:14094,9693:12420,11016:11421
2838891188224;3;2:12,7:1,13:1,19:1,31:1,67:1,193:1;1656:14152,6736:13632,8608:13008
2868488404992;3;2:15,3:3,7:1,31:1,67:1,223:1;5344:13952,7296:13536,8160:13248
2880906054208;3;2:6,7:1,13:1,19:1,67:1,73:1,5323:1;5636:13928,7940:13352,9602:12590
2885557541013;3;3:9,7:1,19:1,31:3,37:1;1674:14229,7461:13518,11253:11346
2922399437832;3;2:3,3:3,7:1,19:1,29:3,43:1,97:1;319:14297,2610:14268,10034:12412
2950732202112;3;2:7,3:3,19:1,37:1,67:1,18127:1;2556:14316,5182:14114,8705:13183
2958354795753;3;3:6,7:1,19:1,31:1,73:1,97:1,139:1;2250:14337,4089:14244,6462:13905
3031368604992;3;2:6,3:3,7:6,13:1,31:1,37:1;3449:14407,8232:13524,10976:11956
3035413143000;3;2:3,3:3,5:3,7:3,31:1,97:1,109:1;6300:14070,7119:13881,10710:12180
3049922611008;3;2:6,3:5,7:4,13:1,61:1,103:1;330:14502,5536:14228,10752:12180
3080802816000;3;2:12,3:3,5:3,7:1,13:1,31:1,79:1;810:14550,4560:14400,9040:13280
3083220189504;3;2:6,3:6,7:1,13:1,19:1,37:1,1033:1;1434:14550,4016:14452,9309:13155
3092655384000;3;2:6,3:3,5:3,7:3,13:3,19:1;1820:14560,5148:14352,8190:13650
3145900506903;3;3:6,7:1,11:3,31:1,67:1,223:1;5511:14388,7524:13959,8415:13662
3152401132608;3;2:6,3:3,7:4,13:1,211:1,277:1;3108:14616,10052:12880,11424:11844
3153233388032;3;2:9,7:1,13:3,43:1,67:1,139:1;2952:14624,8297:13719,10368:12680
3180672907776;3;2:9,3:3,7:1,13:1,61:1,181:1,229:1;2700:14676,4464:14568,8172:13812
3214859387103;3;3:6,7:2,13:1,19:1,199:1,1831:1;1728:14751,2463:14736,10719:12564
3235261176000;3;2:6,3:6,5:3,7:1,19:1,43:1,97:1;330:14790,2700:14760,10380:12840
3257431605125;3;5:3,31:1,43:3,97:1,109:1;2085:14810,6450:14405,10965:12470
3266269461000;3;2:3,3:3,5:3,7:1,13:1,19:1,31:1,37:1,61:1;914:14836,1125:14835,10460:12850
3276900499320;3;2:3,3:5,5:1,7:1,31:1,37:1,199:1,211:1;3102:14808,4254:14736,10398:12912
3290217425101;3;31:1,37:1,241:1,607:1,19609:1;4044:14773,4917:14692,8622:13837
3294660096000;3;2:12,3:6,5:3,7:1,13:1,97:1;240:14880,3168:14832,4720:14720
3294708371136;3;2:6,3:3,7:1,13:1,19:1,67:1,109:1,151:1;396:14880,2619:14853,11160:12396
3310615094976;3;2:6,3:9,7:1,37:1,73:1,139:1;108:14904,5808:14604,11628:12024
3396649098752;3;2:9,7:1,13:1,271:1,367:1,733:1;144:15032,5816:14736,10172:13284
3440645393976;3;2:3,3:3,7:1,17:3,31:1,67:1,223:1;5678:14824,7752:14382,8670:14076
3463400997000;3;2:3,3:12,5:3,7:3,19:1;1890:15120,5346:14904,8505:14175
3490020424000;3;2:6,5:3,11:3,31:1,97:1,109:1;6600:14740,7458:14542,11220:12760
3499524728000;3;2:6,5:3,7:4,19:1,43:1,223:1;1160:15180,3500:15120,11690:12390
3502364760531;3;3:3,7:1,13:1,29:3,211:1,277:1;3219:15138,10411:13340,11832:12267
3515089379256;3;2:3,3:5,7:3,13:1,31:1,103:1,127:1;798:15204,1486:15200,11598:12504
3519161120384;3;2:7,7:1,13:1,19:1,31:1,43:1,79:1,151:1;2706:15182,4227:15101,8196:14372
3538534597696;3;2:6,7:1,37:1,43:1,103:1,157:1,307:1;1341:15235,2500:15216,9216:14020
3551186093247;3;3:3,13:3,73:1,151:1,5431:1;1038:15255,2431:15236,4663:15110
3561658900875;3;3:3,5:3,19:1,37:1,1087:1,1381:1;1035:15270,5715:15000,6508:14867
3569691322008;3;2:3,3:3,7:1,19:1,31:3,43:1,97:1;341:15283,2790:15252,10726:13268
3581579460375;3;3:6,5:3,7:3,19:1,37:1,163:1;135:15300,6471:14904,9807:13818
3587273530659;3;3:6,7:3,13:1,31:1,97:1,367:1;3066:15267,7406:14707,8883:14238
3588164903232;3;2:6,3:3,7:2,13:1,41:1,43:3;3968:15220,6192:14964,10968:13140
3601356189704;3;2:3,7:4,13:1,19:1,43:1,127:1,139:1;1533:15323,8834:14280,11228:12978
3623721192000;3;2:6,3:3,5:3,7:1,13:1,19:1,31:1,313:1;3480:15300,7610:14710,10980:13200
3715934711671;3;7:4,13:3,37:1,79:1,241:1;5166:15295,6916:15015,9282:14287
3747878552061;3;3:5,7:4,31:1,43:1,61:1,79:1;6996:15045,9258:14349,10885:13496
3753248302125;3;3:3,5:3,7:4,31:1,67:1,223:1;5845:15260,7980:14805,8925:14490
3777864076224;3;2:6,3:3,7:1,31:1,73:1,79:1,1747:1;4456:15452,5640:15324,11166:13362
3799153291752;3;2:3,3:3,7:3,13:1,19:1,31:1,37:1,181:1;4746:15456,5242:15404,11928:12810
3839960904507;3;3:6,7:1,13:1,29:1,31:3,67:1;1836:15651,9252:14499,10230:14043
3842642332529;3;7:1,11:3,13:1,19:1,109:1,15319:1;1646:15657,3410:15609,7788:14993
3862651968000;3;2:9,3:3,5:3,7:6,19:1;1960:15680,5544:15456,8820:14700
3877315533000;3;2:3,3:6,5:3,7:1,13:1,211:1,277:1;3330:15660,10770:13800,12240:12690
3926408822784;3;2:18,3:3,7:1,19:1,43:1,97:1;352:15776,2880:15744,11072:13696
3938530307257;3;7:1,13:1,19:1,37:1,157:1,271:1,1447:1;3057:15754,5289:15592,10732:13929
3951822522375;3;3:6,5:3,7:1,13:1,17:3,97:1;255:15810,3366:15759,5015:15640
3980164886208;3;2:6,3:3,7:1,19:1,103:1,277:1,607:1;6352:15500,8184:15084,8496:14988
3987892421000;3;2:3,5:3,23:3,31:1,97:1,109:1;6900:15410,7797:15203,11730:13340
3996009598392;3;2:3,3:6,7:1,31:1,37:1,61:1,1399:1;2126:15856,7860:15198,12366:12816
4009377370752;3;2:7,3:3,13:1,79:3,181:1;1494:15882,7426:15326,10428:14220
4036466508984;3;2:3,3:6,7:1,13:1,19:1,31:1,37:1,349:1;2958:15888,4878:15768,11601:13527
4042093117608;3;2:3,3:6,7:1,13:1,19:1,31:1,67:1,193:1;1863:15921,7578:15336,9684:14634
4043945820824;3;2:3,7:1,13:4,61:1,181:1,229:1;2925:15899,4836:15782,8853:14963
4056193761984;3;2:6,3:3,7:1,13:1,31:1,37:1,43:1,523:1;48:15948,3450:15894,11394:13710
4066022744000;3;2:6,5:3,7:2,31:1,313:1,1069:1;5660:15720,9948:14552,11150:13890
4072658256576;3;2:6,3:3,7:6,13:1,23:1,67:1;2544:15948,7882:15302,11340:13776
4084234467264;3;2:6,3:9,7:1,31:1,67:1,223:1;6012:15696,8208:15228,9180:14904
4085263066248;3;2:3,3:2,7:1,13:1,19:1,37:1,79:1,103:1,109:1;1321:15983,4322:15880,9364:14834
4100548548096;3;2:9,3:3,7:1,11:3,13:1,31:1,79:1;891:16005,5016:15840,9944:14608
4106873408904;3;2:3,3:3,7:1,31:1,43:1,73:1,103:1,271:1;2850:15984,3186:15972,8984:15010
4209155881749;3;3:6,7:1,13:3,37:1,73:1,139:1;117:16146,6292:15821,12597:13026
4230379828584;3;2:3,3:5,7:3,13:1,139:1,3511:1;1344:16170,6746:15772,9843:14853
4278115075689;3;3:3,7:1,13:1,31:3,211:1,277:1;3441:16182,11129:14260,12648:13113
4291464051000;3;2:3,3:3,5:3,7:3,19:1,29:3;2030:16240,5742:16008,9135:15225
4305951200096;3;2:5,7:2,13:3,31:1,61:1,661:1;1310:16266,8438:15474,10985:14391
4306132625256;3;2:3,3:6,7:1,11:3,19:1,43:1,97:1;363:16269,2970:16236,11418:14124
4341081995523;3;3:8,7:1,13:1,73:1,103:1,967:1;3195:16272,10146:14883,11484:14139
4352829656896;3;2:6,7:3,43:1,727:1,6343:1;4116:16240,5883:16069,10804:14568
4360583872125;3;3:3,5:3,13:1,31:1,67:1,109:1,439:1;1805:16330,3470:16285,10272:14853
4434129125307;3;3:3,7:1,31:1,37:3,67:1,223:1;6179:16132,8436:15651,9435:15318
4495065455979;3;3:5,7:1,37:1,43:1,61:1,73:1,373:1;4595:16384,8634:15675,8738:15643
4530995712000;3;2:12,3:3,5:3,31:1,97:1,109:1;7200:16080,8136:15864,12240:13920
4601486916936;3;2:3,3:6,7:3,13:1,19:1,67:1,139:1;882:16632,6642:16272,9996:15330
4657129551711;3;3:3,7:3,13:1,19:1,97:1,139:1,151:1;2880:16671,10775:15046,12810:13671
4657867412968;3;2:3,7:4,11:3,19:1,43:1,223:1;1276:16698,3850:16632,12859:13629
4691029707000;3;2:3,3:12,5:3,7:1,13:1,97:1;270:16740,3564:16686,5310:16560
4705625014272;3;2:15,3:3,7:1,13:1,211:1,277:1;3552:16704,11488:14720,13056:13536
4709581676352;3;2:6,3:3,7:1,17:3,19:1,43:1,97:1;374:16762,3060:16728,11764:14552
4749664360896;3;2:6,3:6,7:1,13:1,19:1,97:1,607:1;2358:16794,8352:16092,13116:13560
4750893000000;3;2:6,3:6,5:6,7:3,19:1;2100:16800,5940:16560,9450:15750
4802048288856;3;2:3,3:6,7:1,13:1,19:1,37:1,61:1,211:1;2811:16845,10662:15312,12150:14436
4803457512168;3;2:3,3:3,7:1,19:3,31:1,67:1,223:1;6346:16568,8664:16074,9690:15732
4823172906552;3;2:3,3:3,7:1,11:3,13:1,19:1,31:1,313:1;3828:16830,8371:16181,12078:14520
4842207939968;3;2:7,7:1,19:1,31:1,37:1,43:1,73:1,79:1;1188:16916,9132:15980,10886:15258
4848277078125;3;3:2,5:6,13:1,37:1,229:1,313:1;250:16925,6950:16525,8090:16285
4868489178000;3;2:4,3:3,5:3,7:3,31:1,61:1,139:1;3690:16890,5575:16745,9870:15750
4964037656256;3;2:6,3:3,7:3,31:1,43:1,61:1,103:1;3486:17010,5868:16824,10220:15736
4991690261376;3;2:7,3:8,7:3,13:1,31:1,43:1;7623:16569,9084:16188,11862:14922
5050790774848;3;2:6,7:4,13:1,61:1,181:1,229:1;3150:17122,5208:16996,9534:16114
5121296875000;3;2:3,5:9,31:1,97:1,109:1;7500:16750,8475:16525,12750:14500
5126099534829;3;3:3,7:4,13:1,73:1,97:1,859:1;2709:17220,4077:17166,10773:15708
5137474923000;3;2:3,3:3,5:3,7:4,19:1,43:1,97:1;385:17255,3150:17220,12110:14980
5160706974423;3;3:6,7:1,11:3,13:1,211:1,277:1;3663:17226,11847:15180,13464:13959
5169163027392;3;2:6,3:3,7:3,13:1,17:1,19:1,31:1,67:1;5775:17073,8802:16494,12096:15036
5170538042560;3;2:6,5:1,11:3,31:1,79:1,4957:1;88:17292,10924:15696,12562:14718
5192744863761;3;3:6,7:1,13:3,31:1,67:1,223:1;6513:17004,8892:16497,9945:16146
5203596626235;3;3:2,5:1,7:4,31:1,37:1,199:1,211:1;3619:17276,4963:17192,12131:15064
5241994569000;3;2:3,3:3,5:3,7:3,19:1,31:3;2170:17360,6138:17112,9765:16275
5257134155448;3;2:3,3:6,7:4,37:1,73:1,139:1;126:17388,6776:17038,13566:14028
5323627266048;3;2:15,3:6,7:1,13:1,31:1,79:1;972:17460,5472:17280,10848:15936
5354763987456;3;2:9,3:6,13:1,31:1,97:1,367:1;3504:17448,8464:16808,10152:16272
5375785332736;3;2:12,7:1,13:1,19:1,43:1,127:1,139:1;1752:17512,10096:16320,12832:14832
5383741263992;3;2:3,7:1,13:1,19:1,31:1,109:1,127:1,907:1;5195:17373,6336:17246,12872:14814
5422497850224;3;2:4,3:6,7:1,13:3,19:1,37:1,43:1;2574:17550,8406:16902,11443:15773
5430045170368;3;2:6,7:1,13:1,19:1,67:1,73:1,79:1,127:1;1996:17568,10240:16332,12546:15118
5444469635904;3;2:6,3:3,13:1,43:1,151:1,163:1,229:1;4234:17510,6228:17328,8532:16896
5517107812125;3;3:6,5:3,7:1,13:1,19:3,97:1;285:17670,3762:17613,5605:17480
5544709352000;3;2:6,5:3,7:1,13:1,19:1,31:1,67:1,193:1;2070:17690,8420:17040,10760:16260
5546817995264;3;2:9,7:1,13:3,37:1,79:1,241:1;5904:17480,7904:17160,10608:16328
5590531312128;3;2:9,3:9,7:1,19:1,43:1,97:1;396:17748,3240:17712,12456:15408
5602516416000;3;2:9,3:3,5:3,7:1,31:1,67:1,223:1;6680:17440,9120:16920,10200:16560
5608541044288;3;2:6,7:3,13:1,19:1,31:1,61:1,547:1;4536:17668,8767:17025,11179:16149
5613673271544;3;2:3,3:3,13:1,19:1,67:1,79:1,103:1,193:1;3165:17739,5300:17614,10606:16412
5627828177361;3;3:3,13:1,19:1,31:1,37:1,67:1,79:1,139:1;5346:17625,11304:16113,12522:15417
5628841813656;3;2:3,3:3,31:1,43:3,97:1,109:1;2502:17772,7740:17286,13158:14964
5644222581816;3;2:3,3:3,7:1,13:1,17:3,211:1,277:1;3774:17748,12206:15640,13872:14382
5687897700303;3;3:12,7:1,13:1,337:1,349:1;1839:17844,10935:16362,13446:14823
5688696640536;3;2:3,3:3,7:1,13:1,19:1,61:1,67:1,3727:1;4614:17748,5212:17702,7044:17478
5758773764751;3;3:3,7:2,61:3,127:1,151:1;4359:17838,5490:17751,10126:16775
5760762488000;3;2:6,5:3,13:3,31:1,97:1,109:1;7800:17420,8814:17186,13260:15080
5765824512000;3;2:18,3:3,5:3,7:3,19:1;2240:17920,6336:17664,10080:16800
5888920084992;3;2:9,3:3,7:1,19:1,31:1,277:1,373:1;2796:18036,3890:17998,9824:17032
5897445363712;3;2:12,7:1,19:1,61:1,103:1,1723:1;9108:17260,10960:16608,14101:14571
5902970576328;3;2:3,3:3,7:2,19:3,31:1,43:1,61:1;1539:18069,2812:18050,10562:16780
5910127180776;3;2:3,3:6,7:2,13:1,19:1,31:1,37:1,73:1;7290:17676,7663:17609,10548:16794
5977625518592;3;2:9,7:1,13:1,31:1,43:1,109:1,883:1;3929:18087,9936:17096,12132:16124
6027449029056;3;2:6,3:6,7:1,13:1,19:1,74719:1;954:18198,9336:17340,10130:17086
6033297404799;3;3:3,7:1,31:1,41:3,67:1,223:1;6847:17876,9348:17343,10455:16974
6047178729984;3;2:9,3:3,7:4,19:1,43:1,223:1;1392:18216,4200:18144,14028:14868
6069469790664;3;2:3,3:3,7:1,19:1,37:3,43:1,97:1;407:18241,3330:18204,12802:15836
6157033462125;3;3:3,5:3,7:4,13:1,211:1,277:1;3885:18270,12565:16100,14280:14805
6160692787704;3;2:3,3:3,7:1,13:1,373:1,823:1,1021:1;46:18332,9383:17473,14334:14760
6181274468161;3;13:4,43:2,67:1,1747:1;4446:18265,5889:18148,12240:16321
6212251773000;3;2:3,3:3,5:3,7:1,13:1,61:1,181:1,229:1;3375:18345,5580:18210,10215:17265
6261104152576;3;2:12,7:1,13:1,19:3,31:1,79:1;1026:18430,5776:18240,7848:17944
6261790219776;3;2:9,3:6,7:1,13:1,19:1,31:1,313:1;4176:18360,9132:17652,13176:15840
6317197654824;3;2:3,3:6,7:1,19:1,37:1,43:1,5119:1;2426:18472,12042:16596,12237:16491
6323438583000;3;2:3,3:6,5:3,7:3,11:3,19:1;2310:18480,6534:18216,10395:17325
6362433912744;3;2:3,3:6,7:3,13:1,19:1,79:1,163:1;2016:18522,9306:17712,12117:16611
6391060014528;3;2:6,3:5,7:1,19:1,37:3,61:1;1208:18556,2775:18537,7104:18204
6414281000757;3;3:3,7:4,31:1,43:1,199:1,373:1;7509:18162,10668:17325,13293:15960
6434883000000;3;2:6,3:6,5:6,7:1,13:1,97:1;300:18600,3960:18540,5900:18400
6441085464632;3;2:3,7:4,13:1,31:1,37:1,43:1,523:1;56:18606,4025:18543,13293:15995
6445442643003;3;3:6,7:1,13:1,31:1,79:1,97:1,409:1;587:18610,7587:18180,10203:17526
6450509252096;3;2:9,7:1,13:1,31:1,43:1,283:1,367:1;1944:18608,10266:17510,13784:15648
6451359129000;3;2:3,3:9,5:3,31:1,97:1,109:1;8100:18090,9153:17847,13770:15660
6454209728512;3;2:12,7:3,13:1,193:1,1831:1;3024:18592,11781:16891,13264:16032
6455166464448;3;2:6,3:3,13:1,19:1,43:1,547:1,643:1;4624:18524,8922:17910,13672:15740
6459120105984;3;2:9,3:3,7:1,13:1,43:1,97:1,1231:1;1347:18621,12228:16668,14400:15144
6466045107375;3;3:9,5:3,7:1,37:1,73:1,139:1;135:18630,7260:18255,14535:15030
6485613066072;3;2:3,3:6,7:4,31:1,67:1,223:1;7014:18312,9576:17766,10710:17388
6512786624448;3;2:6,3:3,13:1,19:1,139:1,151:1,727:1;3036:18648,8000:18172,12297:16695
6570432559431;3;3:9,13:1,31:1,37:1,61:1,367:1;2700:18711,3927:18672,14679:15048
6575009305536;3;2:6,3:3,7:1,19:4,43:1,97:1;418:18734,3420:18696,13148:16264
6634080271000;3;2:3,5:3,7:1,13:1,271:1,367:1,733:1;180:18790,7270:18420,12715:16605
6685758144000;3;2:9,3:6,5:3,13:1,73:1,151:1;4275:18765,7920:18360,8832:18168
6695819440128;3;2:12,3:2,7:1,13:1,31:3,67:1;496:18848,3712:18800,5084:18724
6700001241024;3;2:6,3:9,7:1,13:1,211:1,277:1;3996:18792,12924:16560,14688:15228
6755519396808;3;2:3,3:3,7:2,13:1,97:1,439:1,1153:1;1856:18898,9645:18027,10914:17604
6768523786752;3;2:9,3:3,7:1,13:4,31:1,79:1;1053:18915,5928:18720,11752:17264
6839840097216;3;2:6,3:6,7:1,19:1,31:3,37:1;2232:18972,9948:18024,15004:15128
6856422961752;3;2:3,3:3,7:1,13:1,19:1,37:1,127:1,3907:1;1206:18996,12582:16944,13040:16678
6913330659144;3;2:3,3:5,7:1,13:1,19:1,31:1,43:1,1543:1;5064:18930,9564:18210,9689:18175
6915892536000;3;2:6,3:3,5:3,7:3,17:3,19:1;2380:19040,6732:18768,10710:17850
6925629745216;3;2:6,7:1,13:3,31:1,61:3;3172:19032,7059:18733,15006:15250
6959988635733;3;3:3,7:1,31:1,43:3,67:1,223:1;7181:18748,9804:18189,10965:17802
6960803326750;3;2:1,5:3,7:4,13:1,337:1,2647:1;3703:19047,4585:19005,7825:18645
6963472309248;4;2:10,3:3,7:1,13:1,19:1,31:1,37:1,127:1;2421:19083,5436:18948,10200:18072,13322:16630
6978837422592;3;2:9,3:3,7:1,19:1,67:1,181:1,313:1;2798:19090,3464:19072,13548:16500
6989511555936;3;2:5,3:3,7:1,13:2,37:1,421:1,439:1;5937:18927,10338:18054,14614:15698
6999923002527;3;3:3,7:1,13:1,19:1,61:1,73:1,151:1,223:1;7327:18764,9255:18378,11496:17631
7008134576625;3;3:3,5:3,7:2,13:1,41:1,43:3;4960:19025,7740:18705,13710:16425
7012396552896;3;2:6,3:3,7:1,19:1,31:1,73:1,97:1,139:1;3000:19116,5452:18992,8616:18540
7107868803672;3;2:3,3:6,7:1,13:3,19:1,43:1,97:1;429:19227,3510:19188,13494:16692
7169838686017;3;7:1,19:1,1327:1,1489:1,27283:1;6140:19073,8585:18698,9929:18362
7195053376000;3;2:9,5:3,7:3,31:1,97:1,109:1;8400:18760,9492:18508,14280:16240
7207040680632;3;2:3,3:6,13:3,43:1,103:1,127:1;2955:19293,12168:17550,13182:17004
7273987544187;3;3:3,7:1,13:1,37:3,211:1,277:1;4107:19314,13283:17020,15096:15651
7306990798653;3;3:3,7:6,13:1,19:1,67:1,139:1;1029:19404,7749:18984,11662:17885
7340801253192;3;2:3,3:3,11:3,109:1,433:1,541:1;2156:19426,4610:19348,10098:18480
7380008147512;3;2:3,7:1,11:3,13:1,19:1,31:1,67:1,193:1;2277:19459,9262:18744,11836:17886
7449181432875;3;3:9,5:3,7:4,13:1,97:1;315:19530,4158:19467,6195:19320
7456949349696;3;2:6,3:3,7:1,11:3,31:1,67:1,223:1;7348:19184,10032:18612,11220:18216
7539372818432;3;2:15,7:1,13:1,61:1,181:1,229:1;3600:19568,5952:19424,10896:18416
7542291091608;3;2:3,3:3,7:4,13:1,19:1,97:1,607:1;2751:19593,9744:18774,15302:15820
7544242125000;3;2:3,3:3,5:6,7:6,19:1;2450:19600,6930:19320,11025:18375
7606876472000;3;2:6,5:3,13:1,31:1,37:1,43:1,1483:1;6582:19418,7340:19320,11340:18320
7620407436096;3;2:6,3:3,7:2,13:1,19:1,199:1,1831:1;2304:19668,3284:19648,14292:16752
7624263568077;3;3:12,13:1,31:1,97:1,367:1;3942:19629,9522:18909,11421:18306
7650156873177;3;3:3,7:2,13:4,61:1,3319:1;5265:19578,11617:18254,13806:17121
7654194350712;3;2:3,3:6,7:1,13:1,19:1,43:1,127:1,139:1;1971:19701,11358:18360,14436:16686
7668767232000;3;2:12,3:3,5:3,7:1,19:1,43:1,97:1;440:19720,3600:19680,13840:17120
7688455827416;3;2:3,7:4,13:3,19:1,43:1,223:1;1508:19734,4550:19656,15197:16107
7767467850240;3;2:9,3:2,5:1,7:1,31:1,37:1,199:1,211:1;4136:19744,5672:19648,13864:17216
7773759543375;3;3:3,5:3,7:1,19:1,103:1,277:1,607:1;7940:19375,10230:18855,10620:18735
7792439433597;3;3:3,7:1,13:1,31:1,79:1,109:3;1746:19821,6213:19620,12317:18094
7809679101952;3;2:12,7:1,13:1,19:1,67:1,109:1,151:1;528:19840,3492:19804,14880:16528
7847383928832;3;2:12,3:6,7:1,37:1,73:1,139:1;144:19872,7744:19472,15504:16032
7879853997288;3;2:3,3:3,7:1,13:1,19:3,211:1,277:1;4218:19836,13642:17480,15504:16074
7897715465913;3;3:6,7:1,13:3,37:1,79:1,241:1;6642:19665,8892:19305,11934:18369
7961315458824;3;2:3,3:3,7:1,13:4,19:1,31:1,313:1;4524:19890,9893:19123,14274:17160
7977020443875;3;3:9,5:3,7:1,31:1,67:1,223:1;7515:19620,10260:19035,11475:18630
7993811807000;3;2:3,5:3,29:3,31:1,97:1,109:1;8700:19430,9831:19169,14790:16820
8011979001000;3;2:3,3:6,5:3,13:1,37:1,73:1,313:1;8730:19440,10152:19098,14620:16970
8015999983992;3;2:3,3:3,7:3,11:3,13:3,37:1;2640:19998,3998:19960,15444:16302
8023655703609;3;3:3,7:1,13:1,19:1,37:1,79:1,127:1,463:1;10025:19144,11394:18705,14328:17193
8048854614528;3;2:9,3:6,7:2,13:1,97:1,349:1;912:20040,5360:19912,13178:17926
8051978297664;3;2:6,3:3,7:1,19:3,37:1,43:1,61:1;5396:19912,5643:19893,7380:19704
8117130921822;3;2:1,3:6,13:1,19:1,31:1,37:1,43:1,457:1;549:20097,4665:20013,15027:16779
8118746181000;3;2:3,3:3,5:3,7:1,13:1,79:1,151:1,277:1;10018:19232,12450:18360,14610:17100
8159094125000;3;2:3,5:6,7:2,13:1,43:1,2383:1;8300:19650,13248:18002,15000:16850
8178739366464;3;2:6,3:9,19:1,31:1,73:1,151:1;4554:20070,6304:19940,13878:17658
8209543104000;3;2:9,3:9,5:3,7:3,19:1;2520:20160,7128:19872,11340:18900
8258423537448;3;2:3,3:3,7:1,19:1,41:3,43:1,97:1;451:20213,3690:20172,14186:17548
8260081705512;3;2:3,3:6,7:1,13:1,43:1,283:1,1279:1;2826:20196,5171:20101,11184:19002
8377822791000;3;2:3,3:5,5:3,13:1,37:1,229:1,313:1;300:20310,8340:19830,9708:19542
8412749299584;3;2:7,3:6,7:3,31:1,61:1,139:1;4428:20268,6690:20094,11844:18900
8453722927104;3;2:12,3:3,7:4,13:1,31:1,79:1;1134:20370,6384:20160,12656:18592
8489669832000;3;2:6,3:3,5:3,7:3,19:1,37:1,163:1;180:20400,8628:19872,13076:18424
8518462226001;3;3:6,7:1,13:4,211:1,277:1;4329:20358,14001:17940,15912:16497
8520727154184;3;2:3,3:3,7:1,23:3,31:1,67:1,223:1;7682:20056,10488:19458,11730:19044
8564829273000;3;2:3,3:6,5:3,7:1,11:3,13:1,97:1;330:20460,4356:20394,6490:20240
8629645665375;3;3:6,5:3,7:1,19:1,31:1,103:1,223:1;864:20511,3138:20487,15255:17190
8652561983793;3;3:3,7:1,13:1,19:1,31:1,37:1,283:1,571:1;5958:20361,7185:20232,15690:16857
8782510883328;3;2:9,3:6,7:1,13:1,19:1,31:1,439:1;5724:20484,11878:19226,12744:18864
8824837616712;3;2:3,3:5,13:1,37:1,43:1,139:1,1579:1;1858:20660,8196:20226,14754:17772
8849601000000;3;2:6,3:3,5:6,31:1,97:1,109:1;9000:20100,10170:19830,15300:17400
8872333685208;3;2:3,3:6,7:6,67:1,193:1;3136:20678,3654:20664,14710:17852
8877556666944;3;2:6,3:6,7:4,19:1,43:1,97:1;462:20706,3780:20664,14532:17976
8912851227000;3;2:3,3:3,5:3,7:3,19:1,37:3;2590:20720,7326:20424,11655:19425
8914736185992;3;2:3,3:6,7:1,13:1,19:3,31:1,79:1;6498:20520,8829:20187,12882:18924
8938392324463;3;7:3,31:1,43:3,97:1,109:1;2919:20734,9030:20167,15351:17458
8972813590055;3;5:1,7:3,19:1,61:1,709:1,6367:1;4088:20727,12836:18999,14474:18111
9004193708608;3;2:6,7:1,19:1,31:1,61:1,73:1,79:1,97:1;1390:20802,7908:20416,14052:18400
9043197914296;3;2:3,7:1,13:1,17:3,61:1,181:1,229:1;3825:20791,6324:20638,11577:19567
9079244570627;3;7:3,11:1,31:1,97:1,349:1,2293:1;4428:20795,6195:20678,15971:17106
9088594716537;3;3:3,7:1,31:1,47:3,67:1,223:1;7849:20492,10716:19881,11985:19458
9102129551424;3;2:6,3:3,7:1,13:1,29:1,31:3,67:1;2448:20868,12336:19332,13640:18724
9182056168584;3;2:3,3:3,13:1,19:1,37:1,79:1,97:1,607:1;594:20940,1762:20936,15844:17330
9190673856000;3;2:9,3:3,5:3,7:1,13:1,211:1,277:1;4440:20880,14360:18400,16320:16920
9231043341429;3;3:3,7:3,13:1,19:1,31:1,349:1,373:1;2534:20965,4480:20909,12534:19365
9237047248728;3;2:3,3:3,13:2,19:1,31:1,43:1,97:1,103:1;5736:20838,11766:19668,15536:17638
9276688204875;3;3:6,5:3,7:1,13:1,19:1,97:1,607:1;10196:20179,10440:20115,16395:16950
9412645811121;3;3:6,7:1,17:3,37:1,73:1,139:1;153:21114,8228:20689,16473:17034
9425144953224;3;2:3,3:3,7:1,11:3,13:1,19:1,67:1,283:1;2852:21106,5324:21010,10824:20130
9526885567416;3;2:3,3:3,7:1,19:1,43:4,97:1;473:21199,3870:21156,14878:18404
9534716834552;3;2:3,7:3,13:3,31:1,163:1,313:1;1365:21203,10430:20328,13221:19331
9554500479160;3;2:3,5:1,7:1,13:1,37:1,79:1,331:1,2713:1;901:21219,1956:21214,6078:21052
9567920613888;3;2:9,3:3,7:1,13:1,19:1,31:1,37:1,349:1;3944:21184,6504:21024,15468:18036
9568106287272;3;2:3,3:3,13:1,31:1,43:1,463:1,5521:1;12201:19791,14364:18762,14917:18419
9581257760256;3;2:9,3:3,7:1,13:1,19:1,31:1,67:1,193:1;2484:21228,10104:20448,12912:19512
9602695853632;3;2:6,7:7,19:1,43:1,223:1;1624:21252,4900:21168,16366:17346
9614681509888;3;2:12,7:1,13:1,31:1,37:1,43:1,523:1;64:21264,4600:21192,15192:18280
9655222248000;3;2:6,3:3,5:3,7:3,19:4;2660:21280,7524:20976,11970:19950
9681148366848;3;2:12,3:6,7:1,31:1,67:1,223:1;8016:20928,10944:20304,12240:19872
9723057932952;3;2:3,3:3,7:1,13:1,19:1,67:1,73:1,5323:1;8454:20892,11910:20028,14403:18885
9764387533000;3;2:3,5:3,31:4,97:1,109:1;9300:20770,10509:20491,15810:17980
9781195177728;3;2:8,3:3,13:1,31:1,43:1,127:1,643:1;3018:21366,9137:20815,10308:20556
9786652682625;3;3:6,5:3,7:1,13:1,23:3,97:1;345:21390,4554:21321,6785:21160
9897350512959;3;3:3,7:1,13:1,41:3,211:1,277:1;4551:21402,14719:18860,16728:17343
9943490950848;3;2:6,3:3,7:4,13:1,19:1,31:1,313:1;4872:21420,10654:20594,15372:18480
9959404613067;3;3:6,7:1,13:3,43:1,73:1,283:1;598:21515,6984:21267,13572:19539
10124040254328;3;2:3,3:5,7:1,11:3,13:1,19:1,31:1,73:1;2334:21624,2937:21615,14894:18964
10207129185792;3;2:9,3:3,7:1,11:3,19:1,43:1,97:1;484:21692,3960:21648,15224:18832
10289972137536;3;2:6,3:5,7:1,13:1,73:1,103:1,967:1;4260:21696,13528:19844,15312:18852
10293488812152;3;2:3,3:8,7:4,13:1,61:1,103:1;495:21753,8304:21342,16128:18270
10298913341031;3;3:3,7:7,31:1,67:1,223:1;8183:21364,11172:20727,12495:20286
10363580494696;3;2:3,11:3,13:1,19:1,31:1,79:1,1609:1;792:21802,12804:20218,17140:17466
10397709504000;3;2:9,3:6,5:3,7:1,13:1,31:1,79:1;1215:21825,6840:21600,13560:19920
10437711921000;3;2:3,3:6,5:3,7:3,13:3,19:1;2730:21840,7722:21528,12285:20475
10458523413000;3;2:3,3:6,5:3,13:1,31:1,97:1,367:1;4380:21810,10580:21010,12690:20340
10499580728000;3;2:6,5:3,7:1,13:1,19:1,43:1,127:1,139:1;2190:21890,12620:20400,16040:18540
10639353822552;3;2:3,3:6,7:4,13:1,211:1,277:1;4662:21924,15078:19320,17136:17766
10734771063744;3;2:6,3:6,7:1,13:1,61:1,181:1,229:1;4050:22014,6696:21852,12258:20718
10740137984000;3;2:18,5:3,31:1,97:1,109:1;9600:21440,10848:21152,16320:18560
10802351052864;3;2:6,3:3,7:3,19:1,67:1,103:1,139:1;1380:22104,15246:19362,16772:18256
10833628897000;3;2:3,5:3,7:1,13:3,37:1,79:1,241:1;7380:21850,9880:21450,13260:20410
10907228247552;3;2:9,3:3,7:3,13:1,19:1,67:1,139:1;1176:22176,8856:21696,13328:20440
10919006469000;3;2:3,3:9,5:3,7:1,19:1,43:1,97:1;495:22185,4050:22140,15570:19260
10942414875000;3;2:3,3:3,5:6,7:1,31:1,67:1,223:1;8350:21800,11400:21150,12750:20700
11014041434688;3;2:6,3:3,673:1,757:1,12511:1;1984:22244,5092:22160,10986:21318
11059539185205;3;3:8,5:1,7:1,31:1,37:1,199:1,211:1;4653:22212,6381:22104,15597:19368
11119477824000;3;2:9,3:9,5:3,7:1,13:1,97:1;360:22320,4752:22248,7080:22080
11135426007608;3;2:3,7:4,19:1,31:1,73:1,97:1,139:1;3500:22302,10052:21630,14295:20177
11173325945544;3;2:3,3:12,7:1,37:1,73:1,139:1;162:22356,8712:21906,17442:18036
11192448443904;3;2:9,3:3,7:1,13:1,37:2,67:1,97:1;8280:21984,12952:20816,15234:19710
11258463670272;3;2:12,3:3,7:1,13:1,19:1,97:1,607:1;3144:22392,11136:21456,17488:18080
11261376000000;3;2:12,3:3,5:6,7:3,19:1;2800:22400,7920:22080,12600:21000
11382632980992;3;2:9,3:3,7:1,13:1,19:1,37:1,61:1,211:1;3748:22460,14216:20416,16200:19248
11417545410453;3;3:3,7:1,13:1,43:3,211:1,277:1;4773:22446,15437:19780,17544:18189
11463690708288;3;2:6,3:3,7:1,13:1,271:1,367:1,733:1;216:22548,8724:22104,15258:19926
11612178204669;3;3:6,7:1,17:3,31:1,67:1,223:1;8517:22236,11628:21573,13005:21114
11663236363968;3;2:6,3:3,7:1,19:1,23:3,43:1,97:1;506:22678,4140:22632,15916:19688
11694065953752;3;2:3,3:2,7:1,13:1,31:3,181:1,331:1;3140:22678,8053:22355,12214:21452
11778818931000;3;2:3,3:3,5:3,11:3,31:1,97:1,109:1;9900:22110,11187:21813,16830:19140
11810895957000;3;2:3,3:3,5:3,7:4,19:1,43:1,223:1;1740:22770,5250:22680,17535:18585
11832154693632;3;2:13,3:5,7:3,13:1,31:1,43:1;10164:22092,12112:21584,15816:19896
11863426654989;3;3:8,7:3,13:1,31:1,103:1,127:1;1197:22806,2229:22800,17397:18756
12104084289024;3;2:9,3:3,7:1,13:1,31:1,211:1,1471:1;6208:22808,13770:21174,14424:20880
12110056548408;3;2:3,3:6,7:2,13:1,41:1,43:3;5952:22830,9288:22446,16452:19710
12127270239000;3;2:3,3:3,5:3,7:3,19:1,41:3;2870:22960,8118:22632,12915:21525
12150754452928;3;2:6,7:4,13:1,73:1,97:1,859:1;3612:22960,5436:22888,14364:20944
12173350919912;3;2:3,7:1,13:3,31:1,43:1,199:1,373:1;122:23004,13208:21450,16458:19760
12181726446344;3;2:3,7:1,13:4,19:1,31:1,67:1,193:1;2691:22997,10946:22152,13988:21138
12230059023000;3;2:3,3:6,5:3,7:1,13:1,19:1,31:1,313:1;5220:22950,11415:22065,16470:19800
12232786902336;3;2:6,3:3,7:1,11:3,13:1,211:1,277:1;4884:22968,15796:20240,17952:18612
12252830879744;3;2:12,7:3,13:1,17:1,19:1,31:1,67:1;7700:22764,11736:21992,16128:20048
12308728565952;3;2:6,3:3,7:1,13:3,31:1,67:1,223:1;8684:22672,11856:21996,13260:21528
12440537817624;3;2:3,3:3,7:1,19:1,43:1,47:3,97:1;517:23171,4230:23124,16262:20116
12544458681664;3;2:6,7:1,13:1,19:3,43:1,67:1,109:1;4248:23188,10678:22458,14440:21204
12568130859375;3;3:6,5:9,7:1,13:1,97:1;375:23250,4950:23175,7375:23000
12618968334336;3;2:21,3:3,7:1,13:1,31:1,79:1;1296:23280,7296:23040,14464:21248
12625136269928;4;2:3,7:1,13:1,19:3,61:1,181:1,229:1;4275:23237,7068:23066,10362:22580,12939:21869
12640483863000;3;2:3,3:3,5:3,7:1,37:1,43:1,127:1,331:1;3830:23260,4512:23238,6680:23110
12708933499808;3;2:5,7:3,13:1,19:1,31:1,37:1,61:1,67:1;4595:23277,10346:22638,14270:21402
12750291257256;3;2:3,3:6,7:1,31:1,73:1,79:1,1747:1;6684:23178,8460:22986,16749:20043
12822142359663;3;3:6,7:3,13:1,19:1,31:1,37:1,181:1;7119:23184,7863:23106,17892:19215
12882396952000;3;2:6,5:3,17:3,31:1,97:1,109:1;10200:22780,11526:22474,17340:19720
13032591194763;3;3:3,7:1,31:1,53:3,67:1,223:1;8851:23108,12084:22419,13515:21942
13036450392000;3;2:6,3:6,5:3,7:6,19:1;2940:23520,8316:23184,13230:22050
13077772344000;3;2:6,3:2,5:3,7:1,13:1,31:3,67:1;620:23560,4640:23500,6355:23405
13085939923875;3;3:9,5:3,7:1,13:1,211:1,277:1;4995:23490,16155:20700,18360:19035
13112542594333;3;7:1,13:1,43:1,79:1,163:1,433:1,601:1;198:23581,2269:23574,11602:22605
13140919523403;3;3:6,7:1,19:3,37:1,73:1,139:1;171:23598,9196:23123,18411:19038
13197206281896;3;2:3,3:6,7:1,13:1,67:1,211:1,1759:1;1643:23629,2970:23616,8388:23274
13215731923000;3;2:3,5:3,31:1,61:1,97:1,109:1,661:1;3636:23614,6600:23470,10960:22830
13251629776896;3;2:15,3:6,7:1,19:1,43:1,97:1;528:23664,4320:23616,16608:20544
13267720005176;3;2:3,7:3,13:1,19:1,73:1,229:1,1171:1;6976:23470,10462:22972,14254:21808
13279741153280;3;2:12,5:1,7:1,31:1,67:1,103:1,433:1;9864:23096,12048:22592,13862:21978
13303672302375;3;3:2,5:3,7:3,13:1,37:1,229:1,313:1;350:23695,9730:23135,11326:22799
13340037161152;3;2:6,13:1,19:1,31:1,37:1,67:1,79:1,139:1;7128:23500,15072:21484,16696:20556
13342439854592;3;2:9,31:1,43:3,97:1,109:1;3336:23696,10320:23048,17544:19952
13359062689875;3;3:6,5:3,7:1,19:1,31:3,37:1;2790:23715,12435:22530,18755:18910
13359134304432;3;2:4,3:3,7:6,31:1,61:1,139:1;5166:23646,7805:23443,13818:22050
13363516714392;3;2:3,3:6,13:1,19:1,37:1,157:1,1597:1;5094:23652,11961:22671,15839:21097
13401726234624;3;2:12,3:6,7:1,13:1,31:1,37:1,43:1;3488:23728,7776:23472,15615:21249
13433056490952;3;2:3,3:6,7:1,19:1,103:1,277:1,607:1;9528:23250,12276:22626,12744:22482
13482424178496;3;2:6,3:9,7:1,13:1,337:1,349:1;2452:23792,14580:21816,17928:19764
13486532394573;3;3:9,7:1,31:1,37:1,61:1,1399:1;3189:23784,11790:22797,18549:19224
13531648626288;3;2:4,3:6,13:1,79:3,181:1;2241:23823,11139:22989,15642:21330
13541249445750;3;2:1,3:3,5:3,13:1,19:1,31:1,37:1,73:1,97:1;3951:23799,14285:21985,18675:19155
13689653946696;3;2:3,3:6,7:1,13:1,31:1,37:1,43:1,523:1;72:23922,5175:23841,17091:20565
13696087017375;3;3:3,5:3,7:1,19:1,31:1,73:1,97:1,139:1;3750:23895,6815:23740,10770:23175
13722826761000;3;2:3,3:3,5:3,7:2,31:1,313:1,1069:1;8490:23580,14922:21828,16725:20835
13745221615944;3;2:3,3:6,7:6,13:1,23:1,67:1;3816:23922,11823:22953,17010:20664
13768815628288;3;2:12,7:4,19:1,31:1,2377:1;336:23968,4767:23905,18640:19392
13784291327016;3;2:3,3:12,7:1,31:1,67:1,223:1;9018:23544,12312:22842,13770:22356
13860697755051;3;3:6,7:1,31:1,43:1,73:1,103:1,271:1;4275:23976,4779:23958,13476:22515
13920294662703;3;3:6,11:3,13:1,31:1,97:1,367:1;4818:23991,11638:23111,13959:22374
13974941948968;3;2:3,7:1,11:3,13:1,19:1,43:1,127:1,139:1;2409:24079,13882:22440,17644:20394
13977866100744;3;2:3,3:3,7:1,13:1,23:3,211:1,277:1;5106:24012,16514:21160,18768:19458
13989972213000;3;2:3,3:3,5:3,7:3,19:1,43:3;3010:24080,8514:23736,13545:22575
14052838625000;3;2:3,5:6,7:3,31:1,97:1,109:1;10500:23450,11865:23135,17850:20300
14097231188712;3;2:3,3:3,7:7,19:1,43:1,97:1;539:24157,4410:24108,16954:20972
14137437951000;3;2:3,3:6,5:3,7:1,13:4,97:1;390:24180,5148:24102,7670:23920
14334053285888;3;2:15,7:4,19:1,43:1,223:1;1856:24288,5600:24192,18704:19824
14419560061907;3;7:1,11:3,13:3,37:1,79:1,241:1;8118:24035,10868:23595,14586:22451
14564354198625;3;3:3,5:3,7:1,11:3,31:1,67:1,223:1;9185:23980,12540:23265,14025:22770
14643633204928;3;2:6,7:1,13:1,73:1,79:1,127:1,3433:1;2112:24460,11905:23487,14416:22668
14725337536000;3;2:9,5:3,7:1,13:1,61:1,181:1,229:1;4500:24460,7440:24280,13620:23020
14741442713088;3;2:9,3:3,7:1,13:1,19:1,37:1,79:1,211:1;10840:23792,11238:23706,12696:23328
14842762002432;3;2:15,3:3,7:1,13:1,19:1,31:1,313:1;5568:24480,12176:23536,17568:21120
14883608273625;3;3:3,5:3,7:2,13:1,19:1,199:1,1831:1;2880:24585,4105:24560,17865:20940
14909427058617;3;3:3,7:1,13:1,47:3,211:1,277:1;5217:24534,16873:21620,19176:19881
14978061000000;3;2:6,3:3,5:6,7:1,19:1,43:1,97:1;550:24650,4500:24600,17300:21400
14988891456000;3;2:9,3:3,5:3,7:3,11:3,19:1;3080:24640,8712:24288,13860:23100
15075116665875;3;3:2,5:3,7:1,97:1,157:1,337:1,373:1;11555:23830,12907:23468,18890:20275
15081324830208;3;2:9,3:3,7:3,13:1,19:1,79:1,163:1;2688:24696,12408:23616,16156:22148
15105858391000;3;2:3,5:3,13:1,37:1,67:1,73:1,6421:1;70:24720,13809:23191,15435:22525
15135984235008;3;2:9,3:3,7:1,13:1,17:3,31:1,79:1;1377:24735,7752:24480,15368:22576
15170835645000;3;2:3,3:2,5:4,7:1,31:1,37:1,199:1,211:1;5170:24680,7090:24560,17330:21520
15204221631424;3;2:6,7:4,31:1,43:1,199:1,373:1;10012:24216,14224:23100,17724:21280
15214682461888;3;2:6,7:4,13:1,19:1,31:1,67:1,193:1;2898:24766,11788:23856,15064:22764
15253279496000;3;2:6,5:3,7:1,13:1,19:1,67:1,109:1,151:1;660:24800,4365:24755,18600:20660
15292110528000;3;2:9,3:6,5:3,31:1,97:1,109:1;10800:24120,12204:23796,18360:20880
15310506917888;3;2:15,7:1,13:1,43:1,97:1,1231:1;1796:24828,16304:22224,19200:20192
15326921736000;3;2:6,3:6,5:3,7:1,37:1,73:1,139:1;180:24840,9680:24340,19380:20040
15373305045504;3;2:9,3:3,7:4,31:1,67:1,223:1;9352:24416,12768:23688,14280:23184
15530018344659;3;3:9,7:3,13:1,19:1,67:1,139:1;1323:24948,9963:24408,14994:22995
15574358659392;3;2:6,3:6,13:1,31:1,37:1,61:1,367:1;3600:24948,5236:24896,19572:20064
15832225261125;3;3:15,5:3,7:1,13:1,97:1;405:25110,5346:25029,7965:24840
15847723008000;3;2:15,3:3,5:3,13:1,73:1,151:1;5700:25020,10560:24480,11776:24224
15881484423168;3;2:12,3:6,7:1,13:1,211:1,277:1;5328:25056,17232:22080,19584:20304
15894838157688;3;2:3,3:6,7:1,17:3,19:1,43:1,97:1;561:25143,4590:25092,17646:21828
16030117218024;3;2:3,3:9,7:1,13:1,19:1,97:1,607:1;3537:25191,12528:24138,19674:20340
16034263875000;3;2:3,3:9,5:6,7:3,19:1;3150:25200,8910:24840,14175:23625
16159972203648;3;2:7,3:3,7:1,13:1,37:1,97:1,103:1,139:1;9860:24772,13239:24009,19010:21022
16211669103567;3;3:6,7:1,19:3,31:1,67:1,223:1;9519:24852,12996:24111,14535:23598
16342451797392;3;2:4,3:3,7:1,19:1,31:1,37:1,43:1,73:1,79:1;1782:25374,13698:23970,16329:22887
16366039694920;3;2:3,5:1,37:1,919:1,3061:1,3931:1;5298:25312,12397:24363,16492:22818
16408268853184;3;2:6,13:1,19:1,31:1,73:1,523:1,877:1;1788:25408,13683:24013,17436:22312
16458285602304;3;2:9,3:2,7:1,13:1,19:1,31:1,37:1,1801:1;2096:25432,3775:25409,15212:23476
16506008436736;3;2:16,7:1,13:1,19:1,31:1,37:1,127:1;3228:25444,7248:25264,13600:24096
16581386390625;3;3:3,5:6,7:3,19:1,37:1,163:1;225:25500,10785:24840,16345:23030
16602179239000;3;2:3,5:3,31:1,37:3,97:1,109:1;11100:24790,12543:24457,18870:21460
16753627089864;3;2:3,3:6,7:3,31:1,43:1,61:1,103:1;5229:25515,8802:25236,15330:23604
16848281608704;3;2:9,3:3,7:1,13:3,19:1,43:1,97:1;572:25636,4680:25584,17992:22256
16878877821351;3;3:6,7:1,13:1,31:1,43:1,163:1,1171:1;10098:25119,11040:24951,16442:23167
16894899820071;3;3:3,7:7,13:1,211:1,277:1;5439:25578,17591:22540,19992:20727
16897398707520;3;2:6,3:3,5:1,19:1,43:1,79:1,157:1,193:1;2608:25652,5378:25582,9524:25216
17046418865112;3;2:3,3:3,7:4,13:1,61:1,181:1,229:1;4725:25683,7812:25494,14301:24171
17079971608728;3;2:3,3:3,7:1,29:3,31:1,67:1,223:1;9686:25288,13224:24534,14790:24012
17083355687424;3;2:9,3:3,13:3,43:1,103:1,127:1;3940:25724,16224:23400,17576:22672
17107536484584;3;2:3,3:3,7:1,13:3,43:1,229:1,523:1;16048:23498,17537:22711,19344:21450
17126290824552;3;2:3,3:5,7:1,13:1,19:1,73:1,223:1,313:1;2328:25770,11044:25082,15828:23610
17127145224000;3;2:6,3:3,5:3,7:3,19:1,23:3;3220:25760,9108:25392,14490:24150
17193164988664;3;2:3,7:4,17:3,19:1,43:1,223:1;1972:25806,5950:25704,19873:21063
17399269197765;3;3:9,5:1,7:3,13:1,31:1,1279:1;3402:25893,7069:25736,11781:25074
17406520022528;3;2:9,7:1,13:1,31:1,139:1,277:1,313:1;2904:25904,8912:25560,16706:23358
17450565893640;3;2:3,3:3,5:1,11:3,31:1,79:1,4957:1;132:25938,16386:23544,18843:22077
17453127289383;3;3:3,73:1,103:1,127:1,151:1,4483:1;7326:25743,15159:24084,17252:23095
17657318952000;3;2:6,3:6,5:3,7:4,13:1,97:1;420:26040,5544:25956,8260:25760
17684855225856;3;2:9,3:2,7:1,13:1,103:1,241:1,1699:1;6200:25936,15454:24098,17936:22840
17742827774637;3;3:9,7:4,37:1,73:1,139:1;189:26082,10164:25557,20349:21042
17777596780125;3;3:3,5:3,7:1,13:1,29:1,31:3,67:1;3060:26085,15420:24165,17050:23405
17803342216296;3;2:3,3:3,7:1,13:1,17:3,19:1,31:1,313:1;5916:26010,12937:25007,18666:22440
17839110299976;3;2:3,3:3,7:1,19:1,43:1,53:3,97:1;583:26129,4770:26076,18338:22684
17880775696000;3;2:7,5:3,7:1,31:1,37:1,181:1,769:1;4660:26100,11644:25356,19870:21570
17950534875000;3;2:3,3:3,5:6,7:1,13:1,211:1,277:1;5550:26100,17950:23000,20400:21150
17967242022912;3;2:12,3:9,7:1,13:1,31:1,79:1;1458:26190,8208:25920,16272:23904
17978737796901;3;3:3,7:1,31:1,59:3,67:1,223:1;9853:25724,13452:24957,15045:24426
17985011336000;3;2:6,5:3,19:3,31:1,97:1,109:1;11400:25460,12882:25118,19380:22040
18034842343761;3;3:3,19:1,37:1,43:1,241:1,277:1,331:1;4569:26178,11220:25521,18521:22690
18072328457664;3;2:6,3:9,13:1,31:1,97:1,367:1;5256:26172,12696:25212,15228:24408
18143275497984;3;2:9,3:3,7:1,13:1,19:1,43:1,127:1,139:1;2628:26268,15144:24480,19248:22248
18203916263624;3;2:3,7:4,13:1,271:1,367:1,733:1;252:26306,10178:25788,17801:23247
18212205591125;3;5:3,7:2,13:2,19:1,277:1,3343:1;5:26310,8628:25997,18765:22640
18268591257000;3;2:3,3:3,5:3,7:3,19:1,47:3;3290:26320,9306:25944,14805:24675
18326402449992;3;2:3,3:3,7:1,13:1,19:1,67:1,73:1,79:1,127:1;2994:26352,15360:24498,18819:22677
18375085021176;3;2:3,3:6,13:1,43:1,151:1,163:1,229:1;6351:26265,9342:25992,12798:25344
18460662409000;3;2:3,5:3,7:1,19:3,31:1,79:1,157:1;3420:26410,14296:24954,17860:23370
18487701867752;3;2:3,13:4,19:1,43:1,97:1,1021:1;104:26442,6474:26312,13620:25178
18566511557048;3;2:3,7:1,13:1,19:1,43:1,211:1,337:1,439:1;2510:26472,8909:26139,12158:25596
18687344949000;3;2:3,3:3,5:3,7:1,13:1,19:1,31:1,37:1,349:1;4930:26480,8130:26280,19335:22545
18713394063000;3;2:3,3:3,5:3,7:1,13:1,19:1,31:1,67:1,193:1;3105:26535,12630:25560,16140:24390
18720510734016;3;2:6,3:3,7:1,13:3,37:1,79:1,241:1;8856:26220,11856:25740,15912:24492
18778674824000;3;2:6,5:3,7:1,13:1,31:1,37:1,43:1,523:1;80:26580,5750:26490,18990:22850
18868043178432;3;2:6,3:12,7:1,19:1,43:1,97:1;594:26622,4860:26568,18684:23112
18908492904000;3;2:6,3:6,5:3,7:1,31:1,67:1,223:1;10020:26160,13680:25380,15300:24840
18997341121089;3;3:6,31:1,43:3,97:1,109:1;3753:26658,11610:25929,19737:22446
19049251213629;3;3:6,7:1,13:1,17:3,211:1,277:1;5661:26622,18309:23460,20808:21573
19199351161809;3;3:6,7:1,13:1,19:1,61:1,67:1,3727:1;6921:26622,7818:26553,10566:26217
19230321278259;3;3:3,7:5,13:1,41:1,43:3;6944:26635,10836:26187,19194:22995
19240606629504;3;2:7,3:3,13:1,19:1,31:1,37:1,43:1,457:1;732:26796,6220:26684,20036:22372
19442573397000;3;2:3,3:3,5:3,13:3,31:1,97:1,109:1;11700:26130,13221:25779,19890:22620
19459657728000;3;2:15,3:6,5:3,7:3,19:1;3360:26880,9504:26496,15120:25200
19599424260416;3;2:6,7:1,11:3,13:1,61:1,181:1,229:1;4950:26906,8184:26708,14982:25322
19617545185875;3;3:6,5:3,7:1,13:1,29:3,97:1;435:26970,5742:26883,8555:26680
19858542912000;3;2:9,3:2,5:3,13:1,37:1,229:1,313:1;400:27080,11120:26440,12944:26056
19869762165939;3;3:3,7:1,31:1,61:3,67:1,223:1;10187:26596,13908:25803,15555:25254
19875105286848;3;2:6,3:6,7:1,19:1,31:1,277:1,373:1;4194:27054,5835:26997,14736:25548
19935799191000;3;2:3,3:3,5:3,7:1,11:3,19:1,43:1,97:1;605:27115,4950:27060,19030:23540
19941331673088;3;2:13,3:3,7:3,31:1,61:1,139:1;5904:27024,8920:26792,15792:25200
20097601831125;3;3:5,5:3,7:1,13:1,73:1,103:1,967:1;5325:27120,16910:24805,19140:23565
20120816704625;3;5:3,7:1,13:1,19:1,31:1,43:1,211:1,331:1;5585:27120,11048:26577,16278:25097
20191910461632;3;2:6,3:3,7:1,13:4,211:1,277:1;5772:27144,18668:23920,21216:21996
20192382243495;3;3:2,5:1,7:1,11:3,31:1,37:1,199:1,211:1;5687:27148,7799:27016,19063:23672
20209296272256;3;2:7,3:3,7:1,13:1,19:1,31:1,79:1,1381:1;1780:27236,3111:27225,9132:26892
20342640473064;3;2:3,3:9,7:1,13:1,19:1,74719:1;1431:27297,14004:26010,15195:25629
20400132830616;3;2:3,3:6,7:1,11:3,37:1,73:1,139:1;198:27324,10648:26774,21318:22044
20409228213696;3;2:6,3:6,7:4,19:1,43:1,223:1;2088:27324,6300:27216,21042:22302
20455456392000;3;2:6,3:3,5:3,7:1,19:1,31:1,103:1,223:1;1152:27348,4184:27316,20340:22920
20486800361664;3;2:6,3:2,7:1,13:1,37:1,109:1,199:1,487:1;3704:27340,9670:26954,15212:25696
20509776554176;3;2:6,7:1,13:1,19:1,31:1,37:1,283:1,571:1;7944:27148,9580:26976,20920:22476
20632974276096;3;2:9,3:3,7:1,13:3,37:1,43:1,61:1;7384:27248,7722:27222,15228:25764
20701400391000;3;2:3,3:3,5:3,7:9,19:1;3430:27440,9702:27048,15435:25725
20863070818632;3;2:3,3:3,7:1,31:4,67:1,223:1;10354:27032,14136:26226,15810:25668
20976832000000;3;2:12,5:6,31:1,97:1,109:1;12000:26800,13560:26440,20400:23200
21043097284608;3;2:12,3:3,7:4,19:1,43:1,97:1;616:27608,5040:27552,19376:23968
21105579621672;3;2:3,3:3,7:4,13:1,19:1,37:1,61:1,73:1;5754:27552,9541:27251,18938:24280
21131226514944;4;2:9,3:3,7:1,13:1,19:3,31:1,79:1;1539:27645,8664:27360,11772:26916,17176:25232
21133541991744;3;2:6,3:9,7:1,13:1,19:1,31:1,313:1;6264:27540,13698:26478,19764:23760
21254818396968;3;2:3,3:3,13:1,19:3,31:1,97:1,367:1;2571:27693,5548:27626,16074:25764
21286220456664;3;2:3,3:6,19:1,577:3;3462:27696,9613:27323,15579:25965
21303180171000;3;2:3,3:3,5:3,7:3,13:1,19:1,67:1,139:1;1470:27720,11070:27120,16660:25550
21331196187021;3;3:3,7:4,19:1,103:1,277:1,607:1;11116:27125,14322:26397,14868:26229
21349613783232;3;2:6,3:3,7:1,19:1,37:1,73:1,163:1,211:1;4716:27696,14824:26252,16343:25705
21353341673664;3;2:6,3:6,7:4,11:1,13:1,31:1,43:1;8568:27468,9456:27372,17642:25126
21379374244683;3;3:3,7:1,13:1,53:3,211:1,277:1;5883:27666,19027:24380,21624:22419
21626939100312;3;2:3,3:6,7:4,13:3,19:1,37:1;3276:27846,12564:26982,22022:22204
21661703776512;3;2:8,3:3,19:1,31:1,877:1,6067:1;396:27876,16164:25932,19597:24179
21717730125000;3;2:3,3:9,5:6,7:1,13:1,97:1;450:27900,5940:27810,8850:27600
21770468725824;3;2:6,3:3,7:1,13:1,31:1,43:1,283:1,367:1;2916:27912,15399:26265,20676:23472
21786186817512;3;2:3,3:6,13:1,19:1,43:1,547:1,643:1;6936:27786,13383:26865,20508:23610
21799530357696;3;2:6,3:6,7:1,13:1,43:1,97:1,1231:1;15580:26216,18342:25002,21600:22716
21888944097993;3;3:9,7:4,31:1,67:1,223:1;10521:27468,14364:26649,16065:26082
21970940472000;3;2:6,3:3,5:3,13:1,19:1,43:1,61:1,157:1;492:28008,19510:24410,22220:22240
21989186856000;3;2:6,3:3,5:3,7:1,13:1,19:1,97:1,607:1;3930:27990,13920:26820,21860:22600
21994875000000;3;2:6,3:3,5:9,7:3,19:1;3500:28000,9900:27600,15750:26250
22016441556928;3;2:6,7:1,13:3,79:1,103:1,2749:1;7290:27862,9880:27612,19618:24366
22131902015496;3;2:3,3:10,7:4,13:1,19:1,79:1;10872:27522,12050:27316,20160:24066
22190656406184;3;2:3,3:6,7:1,19:4,43:1,97:1;627:28101,5130:28044,19722:24396
22231705041000;3;2:3,3:3,5:3,7:1,13:1,19:1,37:1,61:1,211:1;4685:28075,17770:25520,20250:24060
22394826574568;3;2:3,7:4,19:1,67:1,331:1,2767:1;4284:28154,11144:27594,20088:24266
22395397725064;3;2:3,7:1,13:1,23:3,61:1,181:1,229:1;5175:28129,8556:27922,15663:26473
22589753723000;3;2:3,5:3,31:1,41:3,97:1,109:1;12300:27470,13899:27101,20910:23780
22598390610432;3;2:9,3:5,7:1,13:1,31:3,67:1;744:28272,5568:28200,7626:28086
22612504188456;3;2:3,3:12,7:1,13:1,211:1,277:1;5994:28188,19386:24840,22032:22842
22711129505792;3;2:15,7:1,13:1,19:1,31:1,67:1,193:1;3312:28304,13472:27264,17216:26016
22947907239936;3;2:18,3:3,7:1,31:1,67:1,223:1;10688:27904,14592:27072,16320:26496
22977375938361;3;3:6,13:4,31:1,97:1,367:1;5694:28353,13754:27313,16497:26442
23047248433664;3;2:9,7:1,13:1,19:1,67:1,73:1,5323:1;11272:27856,15880:26704,19204:25180
23067578859416;3;2:3,7:1,13:4,19:1,43:1,127:1,139:1;2847:28457,16406:26520,20852:24102
23084460328104;3;2:3,3:9,7:1,19:1,31:3,37:1;3348:28458,14922:27036,22506:22692
23109677136000;3;2:7,3:5,5:3,7:3,13:1,31:1,43:1;12705:27615,15140:26980,19770:24870
23140427495913;3;3:6,7:1,13:1,19:1,37:1,127:1,3907:1;1809:28494,18873:25416,19560:25017
23310332095239;3;3:6,7:1,23:3,37:1,73:1,139:1;207:28566,11132:27991,22287:23046
23341137309000;3;2:3,3:6,5:3,7:3,17:3,19:1;3570:28560,10098:28152,16065:26775
23379195502656;3;2:6,3:3,7:1,19:1,29:3,43:1,97:1;638:28594,5220:28536,20068:24824
23501719043712;3;2:7,3:6,7:1,13:1,19:1,31:1,37:1,127:1;8154:28422,15300:27108,19983:24945
23553576301248;3;2:6,3:6,7:1,19:1,67:1,181:1,313:1;4197:28635,5196:28608,20322:24750
23600608202808;3;2:3,3:6,7:1,13:1,19:1,67:1,181:1,193:1;3902:28660,5139:28629,15156:27198
23605857616896;3;2:10,3:3,19:1,37:1,67:1,18127:1;5112:28632,10364:28228,17410:26366
23666838366024;3;2:3,3:6,7:1,19:1,31:1,73:1,97:1,139:1;4500:28674,8178:28488,12924:27810
23731942290875;3;5:3,7:4,13:1,73:1,97:1,859:1;4515:28700,6795:28610,17955:26180
23801482686709;3;7:1,13:6,37:1,79:1,241:1;9594:28405,12844:27885,17238:26533
23892161918625;3;3:3,5:3,7:1,11:3,13:1,211:1,277:1;6105:28710,19745:25300,22440:23265
23931310312000;3;2:6,5:3,7:3,13:1,17:1,19:1,31:1,67:1;9625:28455,14670:27490,20160:25060
23962699931625;3;3:6,5:3,7:1,13:1,31:3,97:1;465:28830,6138:28737,9145:28520
24003240109352;3;2:3,7:4,19:4,43:1,223:1;2204:28842,6650:28728,22211:23541
24040485480375;3;3:3,5:3,7:1,13:3,31:1,67:1,223:1;10855:28340,14820:27495,16575:26910
24250948839936;3;2:9,3:3,7:6,13:1,31:1,37:1;6898:28814,16464:27048,21952:23912
24283305144000;3;2:6,3:3,5:3,7:3,31:1,97:1,109:1;12600:28140,14238:27762,21420:24360
24332846508152;3;2:3,7:4,13:1,19:1,109:1,211:1,223:1;4967:28929,15225:27503,22878:23120
24399380888064;3;2:9,3:5,7:4,13:1,61:1,103:1;660:29004,11072:28456,21504:24360
24524433899784;3;2:3,3:2,7:4,13:1,19:3,37:1,43:1;5320:28994,12994:28160,13433:28063
24609433520952;3;2:3,3:3,7:1,19:1,43:1,59:3,97:1;649:29087,5310:29028,20414:25252
24641518275703;3;7:1,31:1,79:1,151:1,283:1,33637:1;3687:29080,4575:29062,15039:27694
24646422528000;3;2:15,3:3,5:3,7:1,13:1,31:1,79:1;1620:29100,9120:28800,18080:26560
24665761516032;3;2:9,3:6,7:1,13:1,19:1,37:1,1033:1;2868:29100,8032:28904,18618:26310
24677018278129;3;7:4,19:1,43:1,619:1,20323:1;1218:29113,11536:28497,20185:25434
24741243072000;3;2:9,3:3,5:3,7:3,13:3,19:1;3640:29120,10296:28704,16380:27300
24775204229523;3;3:6,11:3,109:1,433:1,541:1;3234:29139,6915:29022,15147:27720
24790062248280;3;2:3,3:3,5:1,7:3,181:1,331:1,1117:1;632:29158,9156:28854,12861:28299
24855103655928;3;2:3,3:3,7:1,13:1,19:4,31:1,313:1;6612:29070,14459:27949,20862:25080
24994416190744;3;2:3,7:1,11:3,13:1,31:1,37:1,43:1,523:1;88:29238,6325:29139,20889:25135
25167204055224;3;2:3,3:6,7:1,11:3,31:1,67:1,223:1;11022:28776,15048:27918,16830:27324
25219209060864;3;2:9,3:3,7:4,13:1,211:1,277:1;6216:29232,20104:25760,22848:23688
25225867104256;3;2:12,7:1,13:3,43:1,67:1,139:1;5904:29248,16594:27438,20736:25360
25387427430729;3;3:5,7:1,13:1,19:1,31:1,37:1,139:1,379:1;3266:29377,9753:29028,16977:27366
25445383262208;3;2:12,3:3,7:1,13:1,61:1,181:1,229:1;5400:29352,8928:29136,16344:27624
25620195397832;3;2:3,7:3,19:1,43:1,103:1,181:1,613:1;18:29480,4893:29435,8004:29282
25673208093000;3;2:3,3:3,5:3,13:1,31:1,37:1,43:1,1483:1;9873:29127,11010:28980,17010:27480
25718875096824;3;2:3,3:6,7:2,13:1,19:1,199:1,1831:1;3456:29502,4926:29472,21438:25128
25882089408000;3;2:9,3:6,5:3,7:1,19:1,43:1,97:1;660:29580,5400:29520,20760:25680
26047825112504;3;2:3,13:1,19:1,31:1,337:1,883:1,1429:1;3934:29620,5467:29581,7684:29470
26054760080375;3;5:3,13:1,19:1,31:1,37:1,67:1,79:1,139:1;8910:29375,18840:26855,20870:25695
26059452841000;4;2:3,5:3,31:1,43:3,97:1,109:1;4170:29620,12900:28810,14577:28423,21930:24940
26130155688000;3;2:6,3:3,5:3,7:1,13:1,19:1,31:1,37:1,61:1;1828:29672,2250:29670,20920:25700
26196248043000;3;2:3,3:3,5:3,7:3,19:1,53:3;3710:29680,10494:29256,16695:27825
26215203994560;3;2:6,3:5,5:1,7:1,31:1,37:1,199:1,211:1;6204:29616,8508:29472,20796:25824
26321739400808;3;2:3,31:1,37:1,241:1,607:1,19609:1;8088:29546,9834:29384,17244:27674
26328588200397;3;3:3,7:1,31:1,67:4,223:1;11189:29212,15276:28341,17085:27738
26332859723625;3;3:9,5:3,7:1,13:1,337:1,349:1;3065:29740,18225:27270,22410:24705
26357280768000;3;2:15,3:6,5:3,7:1,13:1,97:1;480:29760,6336:29664,9440:29440
26357666969088;3;2:9,3:3,7:1,13:1,19:1,67:1,109:1,151:1;792:29760,5238:29706,22320:24792
26484920759808;3;2:9,3:9,7:1,37:1,73:1,139:1;216:29808,11616:29208,23256:24048
26594507240847;3;3:6,7:1,13:1,19:3,211:1,277:1;6327:29754,20463:26220,23256:24111
26613143875584;3;2:12,3:3,7:2,43:1,181:1,631:1;432:29856,3180:29844,7145:29719
26958355429824;3;2:6,3:3,7:2,13:1,19:1,31:1,43:1,967:1;3548:29968,19458:26958,22275:25149
27040429128375;3;3:9,5:3,13:1,37:1,73:1,313:1;13095:29160,15228:28647,21930:25455
27053999945973;3;3:6,7:3,11:3,13:3,37:1;3960:29997,5997:29940,23166:24453
27164884324032;3;2:6,3:9,7:2,13:1,97:1,349:1;1368:30060,8040:29868,19767:26889
27173192790016;3;2:12,7:1,13:1,271:1,367:1,733:1;288:30064,11632:29472,20344:26568
27197882110728;3;2:3,3:3,7:1,19:1,43:1,61:3,97:1;671:30073,5490:30012,21106:26108
27241157046376;3;2:3,7:1,13:1,17:3,19:1,31:1,67:1,193:1;3519:30073,14314:28968,18292:27642
27400768360875;3;3:6,5:3,7:1,13:1,79:1,151:1,277:1;15027:28848,18675:27540,21915:25650
27491333326821;3;3:3,7:1,13:1,19:1,31:1,37:1,67:1,79:1,97:1;1341:30180,14628:28989,22013:25624
27525163151808;3;2:6,3:3,7:1,17:3,31:1,67:1,223:1;11356:29648,15504:28764,17340:28152
27536942671875;3;3:3,5:6,7:2,13:1,43:1,2383:1;12450:29475,19872:27003,22500:25275
27603245361816;3;2:3,3:12,19:1,31:1,73:1,151:1;6831:30105,9456:29910,20817:26487
27707207976000;3;2:6,3:12,5:3,7:3,19:1;3780:30240,10692:29808,17010:28350
27920163392000;3;2:9,5:3,11:3,31:1,97:1,109:1;13200:29480,14916:29084,22440:25520
27996197824000;3;2:9,5:3,7:4,19:1,43:1,223:1;2320:30360,7000:30240,23380:24780
28018918084248;3;2:3,3:3,7:1,13:1,29:3,211:1,277:1;6438:30276,20822:26680,23664:24534
28024515216000;3;2:7,3:3,5:3,43:1,97:1,103:1,151:1;4580:30340,18810:27750,22383:25617
28120715034048;3;2:6,3:5,7:3,13:1,31:1,103:1,127:1;1596:30408,2972:30400,23196:25008
28153288963072;3;2:10,7:1,13:1,19:1,31:1,43:1,79:1,151:1;5412:30364,8454:30202,16392:28744
28252199149993;3;7:4,13:1,31:1,67:1,103:1,4231:1;11628:29881,13041:29638,23457:24850
28275151919625;3;3:8,5:3,13:1,37:1,229:1,313:1;450:30465,12510:29745,14562:29313
28308276781568;3;2:9,7:1,37:1,43:1,103:1,157:1,307:1;2682:30470,5000:30432,18432:28040
28354532807601;3;3:3,7:3,11:3,13:1,19:1,67:1,139:1;1617:30492,12177:29832,18326:28105
28393028886096;3;2:4,3:9,7:3,31:1,61:1,139:1;6642:30402,10035:30141,17766:28350
28409488745976;3;2:3,3:3,13:3,73:1,151:1,5431:1;2076:30510,4862:30472,9326:30220
28493271207000;3;2:3,3:3,5:3,19:1,37:1,1087:1,1381:1;2070:30540,11430:30000,13016:29734
28531314878976;3;2:9,3:6,7:4,13:1,31:1,79:1;1701:30555,9576:30240,18984:27888
28546091865711;3;3:9,7:1,19:1,79:1,97:1,1423:1;8046:30375,10368:30159,17359:28568
28557530576064;3;2:6,3:3,7:1,19:1,31:3,43:1,97:1;682:30566,5580:30504,21452:26536
28615714166529;3;3:8,7:1,19:1,31:1,43:1,73:1,337:1;1734:30585,6984:30465,11521:30032
28652635683000;3;2:3,3:6,5:3,7:3,19:1,37:1,163:1;270:30600,12942:29808,19614:27636
28691574219000;3;2:3,3:3,5:3,7:2,11:1,103:1,19141:1;2391:30609,3390:30600,23230:25280
28698188245272;3;2:3,3:6,7:3,13:1,31:1,97:1,367:1;6132:30534,14812:29414,17766:28476
28705319225856;3;2:9,3:3,7:2,13:1,41:1,43:3;7936:30440,12384:29928,21936:26280
28757454145371;3;3:6,7:1,23:3,31:1,67:1,223:1;11523:30084,15732:29187,17595:28566
28760424875000;3;2:3,5:6,7:1,13:1,61:1,181:1,229:1;5625:30575,9300:30350,17025:28775
28810849517632;3;2:6,7:4,13:1,19:1,43:1,127:1,139:1;3066:30646,17668:28560,22456:25956
28906298796375;3;3:9,5:3,7:1,11:3,13:1,97:1;495:30690,6534:30591,9735:30360
28989769536000;3;2:9,3:3,5:3,7:1,13:1,19:1,31:1,313:1;6960:30600,15220:29420,21960:26400
29267607705336;3;2:3,3:3,7:1,11:3,13:1,19:1,97:1,607:1;4323:30789,15312:29502,24046:24860
29275178625000;3;2:3,3:3,5:6,7:3,11:3,19:1;3850:30800,10890:30360,17325:28875
29455712559000;3;2:3,3:3,5:3,7:3,13:1,19:1,79:1,163:1;3360:30870,15510:29520,20195:27685
29493303216741;3;3:3,7:1,13:1,59:3,211:1,277:1;6549:30798,21181:27140,24072:24957
29640974231232;3;2:6,3:9,7:1,13:1,19:1,31:1,439:1;8586:30726,17817:28839,19116:28296
29695745373875;3;5:3,7:4,31:1,43:1,199:1,373:1;12515:30270,17780:28875,22155:26600
29727477693368;3;2:3,7:4,13:3,37:1,79:1,241:1;10332:30590,13832:30030,18564:28574
29783826956403;3;3:8,13:1,37:1,43:1,139:1,1579:1;2787:30990,12294:30339,22131:26658
29867403375000;3;2:3,3:6,5:6,31:1,97:1,109:1;13500:30150,15255:29745,22950:26100
29903333824000;3;2:9,5:3,7:1,13:1,43:1,97:1,1231:1;2245:31035,20380:27780,24000:25240
29935394015625;3;3:6,5:6,7:1,37:1,73:1,139:1;225:31050,12100:30425,24225:25050
29944126187577;3;3:9,7:6,67:1,193:1;4704:31017,5481:30996,22065:26778
29961753750936;3;2:3,3:9,7:4,19:1,43:1,97:1;693:31059,5670:30996,21798:26964
29983028416488;3;2:3,3:5,7:4,31:1,43:1,61:1,79:1;13992:30090,18516:28698,21770:26992
30025986417000;3;2:3,3:3,5:3,7:4,31:1,67:1,223:1;11690:30520,15960:29610,17850:28980
30222912609792;3;2:9,3:3,7:1,31:1,73:1,79:1,1747:1;8912:30904,11280:30648,22332:26724
30389153766552;3;2:3,3:3,7:1,19:1,31:1,61:1,73:1,79:1,97:1;2085:31203,11862:30624,21078:27600
30393226334016;3;2:6,3:3,7:3,13:1,19:1,31:1,37:1,181:1;9492:30912,10484:30808,23856:25620
30418669256625;3;3:6,5:3,13:1,31:1,37:1,61:1,367:1;4500:31185,6545:31120,24465:25080
30719687236056;3;2:3,3:6,7:1,13:1,29:1,31:3,67:1;3672:31302,18504:28998,20460:28086
30741138660232;3;2:3,7:1,11:3,13:1,19:1,109:1,15319:1;3292:31314,6820:31218,15576:29986
30901215744000;3;2:12,3:3,5:3,7:6,19:1;3920:31360,11088:30912,17640:29400
30952584000000;3;2:9,3:3,5:6,13:1,73:1,151:1;7125:31275,13200:30600,14720:30280
30989439568971;3;3:6,13:1,19:1,37:1,79:1,97:1,607:1;891:31410,2643:31404,23766:25995
31018524264000;3;2:6,3:6,5:3,7:1,13:1,211:1,277:1;6660:31320,21540:27600,24480:25380
31129852469625;3;3:3,5:3,7:4,13:1,19:1,103:1,151:1;4590:31425,18340:29225,24066:25809
31175034464457;3;3:6,13:2,19:1,31:1,43:1,97:1,103:1;8604:31257,17649:29502,23304:26457
31331285202609;3;3:3,7:1,31:1,67:1,71:3,223:1;11857:30956,16188:30033,18105:29394
31411270582272;3;2:21,3:3,7:1,19:1,43:1,97:1;704:31552,5760:31488,22144:27392
31508242458056;3;2:3,7:1,13:1,19:1,37:1,157:1,271:1,1447:1;6114:31508,10578:31184,21464:27858
31614580179000;3;2:3,3:6,5:3,7:1,13:1,17:3,97:1;510:31620,6732:31518,10030:31280
31769029284776;3;2:3,7:4,109:1,127:1,163:1,733:1;3882:31652,10074:31328,22407:27377
31809864217131;3;3:6,7:1,11:3,13:1,19:1,67:1,283:1;4278:31659,7986:31515,16236:30195
31841319089664;3;2:9,3:3,7:1,19:1,103:1,277:1,607:1;12704:31000,16368:30168,16992:29976
31903139368000;3;2:6,5:3,23:3,31:1,97:1,109:1;13800:30820,15594:30406,23460:26680
31968076787136;3;2:6,3:6,7:1,31:1,37:1,61:1,1399:1;4252:31712,15720:30396,24732:25632
32075018966016;3;2:10,3:3,13:1,79:3,181:1;2988:31764,14852:30652,20856:28440
32238297728000;3;2:10,5:3,7:1,13:1,19:1,31:1,37:1,127:1;4035:31805,9060:31580,17000:30120
32291732071872;3;2:6,3:6,7:1,13:1,19:1,31:1,37:1,349:1;5916:31776,9756:31536,23202:27054
32336744940864;3;2:6,3:6,7:1,13:1,19:1,31:1,67:1,193:1;3726:31842,15156:30672,19368:29268
32351566566592;3;2:6,7:1,13:4,61:1,181:1,229:1;5850:31798,9672:31564,17706:29926
32409098506008;3;2:3,3:3,7:7,19:1,43:1,223:1;2436:31878,7350:31752,24549:26019
32449550095872;3;2:9,3:3,7:1,13:1,31:1,37:1,43:1,523:1;96:31896,6900:31788,22788:27420
32528181952000;3;2:9,5:3,7:2,31:1,313:1,1069:1;11320:31440,19896:29104,22300:27780
32581266052608;3;2:9,3:3,7:6,13:1,23:1,67:1;5088:31896,15764:30604,22680:27552
32586375087000;3;2:3,3:6,5:3,7:3,19:4;3990:31920,11286:31464,17955:29925
32595442851699;3;3:3,7:1,13:1,61:3,211:1,277:1;6771:31842,21899:28060,24888:25803
32673875738112;3;2:9,3:9,7:1,31:1,67:1,223:1;12024:31392,16416:30456,18360:29808
32682104529984;3;2:6,3:2,7:1,13:1,19:1,37:1,79:1,103:1,109:1;2642:31966,8644:31760,18728:29668
32804388384768;3;2:12,3:3,7:1,11:3,13:1,31:1,79:1;1782:32010,10032:31680,19888:29216
32817238679232;3;2:6,3:3,7:1,37:1,73:1,919:1,1093:1;396:32016,7468:31880,21135:28593
32854987271232;3;2:6,3:3,7:1,31:1,43:1,73:1,103:1,271:1;5700:31968,6372:31944,17968:30020
32906800017000;3;2:3,3:3,5:3,7:1,13:3,19:1,43:1,97:1;715:32045,5850:31980,22490:27820
33330325912065;3;3:2,5:1,7:1,13:3,31:1,37:1,199:1,211:1;6721:32084,9217:31928,22529:27976
33365929077000;3;2:3,3:3,5:3,13:3,43:1,103:1,127:1;4925:32155,20280:29250,21970:28340
33373858576968;3;2:3,3:3,7:2,13:1,19:1,31:1,43:1,61:1,157:1;1844:32194,16546:30668,19281:29703
33559281959112;3;2:3,3:6,7:4,13:1,19:1,31:1,313:1;7308:32130,15981:30891,23058:27720
33673247053992;3;2:3,3:6,7:1,13:3,37:1,73:1,139:1;234:32292,12584:31642,25194:26052
33829433143749;3;3:3,43:1,61:1,103:1,109:1,157:1,271:1;10181:32002,20061:29532,25590:25749
33843038628672;3;2:6,3:5,7:3,13:1,139:1,3511:1;2688:32340,13492:31544,19686:29706
34029337949000;3;2:3,5:3,31:1,47:3,97:1,109:1;14100:31490,15933:31067,23970:27260
34054283259423;3;3:3,7:1,31:1,67:1,73:3,223:1;12191:31828,16644:30879,18615:30222
34186819358601;3;3:3,7:1,13:1,31:1,37:1,67:1,331:1,547:1;6353:32374,11673:31944,22545:28326
34224920605512;3;2:3,3:3,7:1,13:1,31:3,211:1,277:1;6882:32364,22258:28520,25296:26226
34318203605504;3;2:9,7:1,13:1,31:1,67:3,79:1;1809:32495,10184:32160,25650:25934
34331712408000;3;2:6,3:3,5:3,7:3,19:1,29:3;4060:32480,11484:32016,18270:30450
34447609600768;3;2:8,7:2,13:3,31:1,61:1,661:1;2620:32532,16876:30948,21970:28782
34449061002048;3;2:6,3:6,7:1,11:3,19:1,43:1,97:1;726:32538,5940:32472,22836:28248
34486951078125;3;3:6,5:6,7:4,13:1,97:1;525:32550,6930:32445,10325:32200
34532410663387;3;7:3,13:1,19:2,31:1,127:1,5449:1;5635:32508,14211:31636,23019:28162
34685131731371;3;11:3,31:1,43:3,97:1,109:1;4587:32582,14190:31691,24123:27434
34728655964184;3;2:3,3:8,7:1,13:1,73:1,103:1,967:1;6390:32544,20292:29766,22968:28278
34822637255168;3;2:9,7:3,43:1,727:1,6343:1;8232:32480,11766:32138,21608:29136
34884670977000;3;2:3,3:3,5:3,13:1,31:1,67:1,109:1,439:1;3610:32660,6940:32570,20544:29706
34977084169599;3;3:3,11:3,13:1,19:1,31:1,79:1,1609:1;1188:32703,19206:30327,25710:26199
35074279768437;3;3:3,7:1,13:2,31:1,73:1,631:1,769:1;4302:32709,16158:31365,17461:30986
35297516518875;3;3:9,5:3,13:1,31:1,97:1,367:1;6570:32715,15870:31515,19035:30510
35436084957000;3;2:3,3:3,5:3,7:1,13:1,19:1,43:1,127:1,139:1;3285:32835,18930:30600,24060:27810
35473033002456;3;2:3,3:3,7:1,31:1,37:3,67:1,223:1;12358:32264,16872:31302,18870:30636
35885407311936;3;2:6,3:2,7:4,13:1,31:3,67:1;868:32984,6496:32900,8897:32767
35907819151113;3;3:9,7:4,13:1,211:1,277:1;6993:32886,22617:28980,25704:26649
35960523647832;3;2:3,3:5,7:1,37:1,43:1,61:1,73:1,373:1;9190:32768,17268:31350,17476:31286
36038772484344;3;2:3,3:3,7:1,19:1,43:1,67:3,97:1;737:33031,6030:32964,23182:28676
36133269341696;3;2:9,19:1,67:1,73:1,79:1,9613:1;4341:33035,9552:32792,13920:32216
36138283461000;3;2:3,3:3,5:3,7:3,19:1,59:3;4130:33040,11682:32568,18585:30975
36178293995928;3;2:3,3:6,7:1,103:3,811:1;11148:32646,19364:30694,23175:28737
36229852340136;3;2:3,3:9,7:1,13:1,61:1,181:1,229:1;6075:33021,10044:32778,18387:31077
36247965696000;3;2:15,3:3,5:3,31:1,97:1,109:1;14400:32160,16272:31728,24480:27840
36457934803416;3;2:3,3:6,7:3,19:1,67:1,103:1,139:1;2070:33156,22869:29043,25158:27384
36563497527375;3;3:3,5:3,7:1,13:3,37:1,79:1,241:1;11070:32775,14820:32175,19890:30615
36592635038993;3;11:1,19:1,31:1,37:1,127:1,139:1,8647:1;10457:32850,15326:32073,22193:29496
36657268021017;3;3:6,7:4,19:1,31:3,37:1;3906:33201,17409:31542,26257:26474
36811895335488;3;2:6,3:6,7:3,13:1,19:1,67:1,139:1;1764:33264,13284:32544,19992:30660
36848138663889;3;3:2,7:1,31:1,61:1,73:1,241:1,17581:1;6518:33193,25342:27401,25625:27154
36930650203125;3;3:6,5:6,7:1,31:1,67:1,223:1;12525:32700,17100:31725,19125:31050
37172389842072;3;2:3,3:6,673:1,757:1,12511:1;2976:33366,7638:33240,16479:31977
37257036413688;3;2:3,3:3,7:3,13:1,19:1,97:1,139:1,151:1;5760:33342,21550:30092,25620:27342
37262939303744;3;2:6,7:4,11:3,19:1,43:1,223:1;2552:33396,7700:33264,25718:27258
37484127862272;3;2:9,3:3,7:1,13:1,23:3,31:1,79:1;1863:33465,10488:33120,20792:30544
37528237656000;3;2:6,3:12,5:3,7:1,13:1,97:1;540:33480,7128:33372,10620:33120
37579309823250;3;2:1,3:3,5:3,13:1,19:1,31:1,37:1,43:1,457:1;915:33495,7775:33355,25045:27965
37582062775677;3;3:3,7:4,19:1,31:1,73:1,97:1,139:1;5250:33453,9541:33236,15078:32445
37645000114176;3;2:18,3:3,7:1,13:1,211:1,277:1;7104:33408,22976:29440,26112:27072
37676653410816;3;2:9,3:3,7:1,17:3,19:1,43:1,97:1;748:33524,6120:33456,23528:29104
37700090162072;3;2:3,13:1,19:1,31:1,61:1,109:1,151:1,613:1;3935:33513,4502:33504,25911:27281
37709975066211;3;3:15,7:1,37:1,73:1,139:1;243:33534,13068:32859,26163:27054
37774513498176;3;2:6,3:6,7:1,13:1,37:2,67:1,97:1;12420:32976,19428:31224,22851:29565
37997314887168;3;2:9,3:6,7:1,13:1,19:1,97:1,607:1;4716:33588,16704:32184,26232:27120
38007144000000;3;2:9,3:6,5:6,7:3,19:1;4200:33600,11880:33120,18900:31500
38031161445368;3;2:3,7:1,13:1,19:4,31:1,67:1,193:1;3933:33611,15998:32376,20444:30894
38416386310848;3;2:6,3:6,7:1,13:1,19:1,37:1,61:1,211:1;5622:33690,21324:30624,24300:28872
38427660097344;3;2:6,3:3,7:1,19:3,31:1,67:1,223:1;12692:33136,17328:32148,19380:31464
38560989187000;3;2:3,5:3,7:6,31:1,97:1,109:1;14700:32830,16611:32389,24990:28420
38585383252416;3;2:6,3:3,7:1,11:3,13:1,19:1,31:1,313:1;7656:33660,16742:32362,24156:29040
38615165154125;3;5:3,7:1,19:1,73:1,97:1,331:1,991:1;885:33800,7709:33666,15980:32565
38689956140472;3;2:3,3:6,7:1,13:1,271:1,367:1,733:1;324:33822,13086:33156,22887:29889
38737663519744;3;2:10,7:1,19:1,31:1,37:1,43:1,73:1,79:1;2376:33832,18264:31960,21772:30516
38786216625000;3;2:3,3:2,5:6,13:1,37:1,229:1,313:1;500:33850,13900:33050,16180:32570
38947913424000;3;2:7,3:3,5:3,7:3,31:1,61:1,139:1;7380:33780,11150:33490,19740:31500
39363422728392;3;2:3,3:6,7:1,19:1,23:3,43:1,97:1;759:34017,6210:33948,23874:29532
39437325120375;3;3:3,5:3,7:1,13:4,211:1,277:1;7215:33930,23335:29900,26520:27495
39712301250048;3;2:9,3:3,7:3,31:1,43:1,61:1,103:1;6972:34020,11736:33648,20440:31472
39855826044125;3;5:3,7:1,13:1,31:3,337:1,349:1;9732:33893,20925:31310,25730:28365
39933522091008;3;2:10,3:8,7:3,13:1,31:1,43:1;15246:33138,18168:32376,23724:29844
39939349779000;3;2:3,3:3,5:3,7:3,19:1,61:3;4270:34160,12078:33672,19215:32025
39952063265625;3;3:3,5:6,7:1,19:1,31:1,103:1,223:1;1440:34185,5230:34145,25425:28650
39964587921027;3;3:3,7:4,11:3,31:1,67:1,223:1;12859:33572,17556:32571,19635:31878
39976827883272;3;2:3,3:3,7:1,37:3,43:1,61:1,199:1;6512:34114,19356:31986,25863:28305
40058157332375;3;5:3,7:1,13:1,19:1,31:1,37:1,283:1,571:1;9930:33935,11975:33720,26150:28095
40406326198784;3;2:9,7:4,13:1,61:1,181:1,229:1;6300:34244,10416:33992,19068:32228
40555556338752;3;2:6,3:3,7:1,13:1,331:1,733:1,1063:1;3928:34340,19524:32112,20827:31589
40743266074875;3;3:6,5:3,7:1,13:1,37:3,97:1;555:34410,7326:34299,10915:34040
40840621102827;3;3:3,7:5,13:1,19:1,199:1,1831:1;4032:34419,5747:34384,25011:29316
40851284475456;3;2:6,3:6,7:1,13:1,31:1,211:1,1471:1;9312:34212,20655:31761,21636:31320
40871440850877;3;3:9,7:2,13:1,41:1,43:3;8928:34245,13932:33669,24678:29565
40970375000000;3;2:6,5:9,31:1,97:1,109:1;15000:33500,16950:33050,25500:29000
41008796278632;3;2:3,3:3,7:4,13:1,73:1,97:1,859:1;5418:34440,8154:34332,21546:31416
41085059354703;3;3:3,7:1,13:3,31:1,43:1,199:1,373:1;183:34506,19812:32175,24687:29640
41099799384000;3;2:6,3:3,5:3,7:4,19:1,43:1,97:1;770:34510,6300:34440,24220:29960
41256748588328;3;2:3,7:1,13:4,31:1,37:1,43:1,523:1;104:34554,7475:34437,24687:29705
41271926787000;3;2:3,3:3,5:3,7:1,13:1,19:3,31:1,79:1;10830:34200,14715:33645,21470:31540
41285655795384;3;2:3,3:6,7:1,11:3,13:1,211:1,277:1;7326:34452,23694:30360,26928:27918
41332017729268;3;2:2,7:1,19:1,67:1,193:1,457:1,13147:1;157:34575,19273:32451,20679:31909
41353304219136;3;2:9,3:3,7:3,13:1,17:1,19:1,31:1,67:1;11550:34146,17604:32988,24192:30072
41364304340480;3;2:9,5:1,11:3,31:1,79:1,4957:1;176:34584,21848:31392,25124:29436
41541958910088;3;2:3,3:6,7:1,13:3,31:1,67:1,223:1;13026:34008,17784:32994,19890:32292
41561417131416;3;2:3,3:3,7:1,13:1,229:1,1009:1,9151:1;3849:34623,22406:31180,26406:28500
41628773009880;3;2:3,3:2,5:1,7:4,31:1,37:1,199:1,211:1;7238:34552,9926:34384,24262:30128
41854998937024;3;2:6,7:4,13:1,19:1,67:1,109:1,151:1;924:34720,6111:34657,26040:28924
41935956552000;3;2:6,3:3,5:3,7:3,19:1,31:3;4340:34720,12276:34224,19530:32550
42057073243584;3;2:6,3:6,7:4,37:1,73:1,139:1;252:34776,13552:34076,27132:28056
42120396358712;3;2:3,7:3,19:1,37:1,97:1,163:1,1381:1;8750:34608,16814:33432,19527:32609
42337548050616;3;2:3,3:3,7:1,13:1,19:3,43:1,67:1,109:1;6372:34782,16017:33687,21660:31806
42432582267712;3;2:6,7:4,13:3,37:1,43:1,79:1;897:34879,9940:34608,22386:31486
42578717365576;3;2:3,7:4,19:1,23:3,43:1,223:1;2668:34914,8050:34776,26887:28497
42589018128384;3;2:18,3:6,7:1,13:1,31:1,79:1;1944:34920,10944:34560,21696:31872
42661633037625;3;3:6,5:3,7:1,37:1,43:1,127:1,331:1;5745:34890,6768:34857,10020:34665
42732719185429;3;7:1,13:3,43:1,61:1,67:1,97:1,163:1;2496:34957,6534:34885,22906:31317
42838111899648;3;2:12,3:6,13:1,31:1,97:1,367:1;7008:34896,16928:33616,20304:32544
42886502324568;3;2:3,3:3,7:1,19:1,43:1,71:3,97:1;781:35003,6390:34932,24566:30388
43006282661888;3;2:15,7:1,13:1,19:1,43:1,127:1,139:1;3504:35024,20192:32640,25664:29664
43069930111936;3;2:6,7:1,13:1,19:1,31:1,109:1,127:1,907:1;10390:34746,12672:34492,25744:29628
43160298300441;3;3:3,7:1,31:1,67:1,79:3,223:1;13193:34444,18012:33417,20145:32706
43190853764877;3;3:3,7:1,13:1,67:3,211:1,277:1;7437:34974,24053:30820,27336:28341
43306585979328;3;2:6,3:3,7:1,19:3,43:1,61:1,199:1;3099:35109,6688:35036,26562:29070
43379982801792;3;2:7,3:6,7:1,13:3,19:1,37:1,43:1;5148:35100,16812:33804,22886:31546
43440361362944;3;2:9,7:1,13:1,19:1,67:1,73:1,79:1,127:1;3992:35136,20480:32664,25092:30236
43478089713000;3;2:3,3:3,5:3,17:3,31:1,97:1,109:1;15300:34170,17289:33711,26010:29580
43555757087232;3;2:9,3:3,13:1,43:1,151:1,163:1,229:1;8468:35020,12456:34656,17064:33792
43998020073000;3;2:3,3:9,5:3,7:6,19:1;4410:35280,12474:34776,19845:33075
44086404591873;3;3:3,7:1,17:1,37:1,157:1,1009:1,2341:1;4322:35305,17673:33786,27393:28656
44089815743064;3;2:3,3:3,7:1,13:1,19:1,23:3,31:1,313:1;8004:35190,17503:33833,25254:30360
44136862497000;3;2:3,3:6,5:3,7:1,13:1,19:3,97:1;570:35340,7524:35226,11210:34960
44357674816000;3;2:9,5:3,7:1,13:1,19:1,31:1,67:1,193:1;4140:35380,16840:34080,21520:32520
44374543962112;3;2:12,7:1,13:3,37:1,79:1,241:1;11808:34960,15808:34320,21216:32656
44474795664264;3;2:3,3:3,7:1,79:1,109:1,379:1,9013:1;12904:34850,21522:32556,23183:31753
44603095240125;3;3:3,5:3,31:1,61:1,97:1,109:1,661:1;5454:35421,9900:35205,16440:34245
44724250497024;3;2:12,3:9,7:1,19:1,43:1,97:1;792:35496,6480:35424,24912:30816
44778555017469;3;3:3,7:3,13:1,19:1,73:1,229:1,1171:1;10464:35205,15693:34458,21381:32712
44819126392320;3;2:9,3:3,5:1,7:1,31:1,67:1,103:1,433:1;14796:34644,18072:33888,20793:32967
44820131328000;3;2:12,3:3,5:3,7:1,31:1,67:1,223:1;13360:34880,18240:33840,20400:33120
44868328354304;3;2:9,7:3,13:1,19:1,31:1,61:1,547:1;9072:35336,17534:34050,22358:32298
44892032145688;3;2:3,7:1,13:1,29:3,61:1,181:1,229:1;6525:35467,10788:35206,19749:33379
44909386172352;3;2:6,3:3,13:1,19:1,67:1,79:1,103:1,193:1;6330:35478,10600:35228,21212:32824
45014157097000;3;2:3,5:3,7:1,13:1,19:1,67:1,73:1,5323:1;14090:34820,19850:33380,24005:31475
45022625418888;3;2:3,3:3,13:1,19:1,31:1,37:1,67:1,79:1,139:1;10692:35250,22608:32226,25044:30834
45030734509248;3;2:6,3:3,31:1,43:3,97:1,109:1;5004:35544,15480:34572,26316:29928
45153780654528;3;2:6,3:3,7:1,13:1,17:3,211:1,277:1;7548:35496,24412:31280,27744:28764
45336565656963;3;3:9,7:1,19:1,103:1,277:1,607:1;14292:34875,18414:33939,19116:33723
45499324255875;3;3:3,5:3,7:6,19:1,37:1,163:1;315:35700,15099:34776,22883:32242
45503181602424;3;2:3,3:12,7:1,13:1,337:1,349:1;3678:35688,21870:32724,26892:29646
45509573124288;3;2:6,3:3,7:1,13:1,19:1,61:1,67:1,3727:1;9228:35496,10424:35404,14088:34956
45976610962863;3;3:6,7:1,31:3,193:1,1567:1;6558:35751,11471:35428,20367:33480
46070190118008;3;2:3,3:3,7:2,61:3,127:1,151:1;8718:35676,10980:35502,20252:33550
46086099904000;3;2:9,5:3,13:3,31:1,97:1,109:1;15600:34840,17628:34372,26520:30160
46126596096000;3;2:21,3:3,5:3,7:3,19:1;4480:35840,12672:35328,20160:33600
46521983228679;3;3:15,7:1,31:1,67:1,223:1;13527:35316,18468:34263,20655:33534
46613762848296;3;2:3,3:3,7:1,19:1,43:1,73:3,97:1;803:35989,6570:35916,25258:31244
46690103472201;3;3:6,7:1,31:1,67:1,877:1,5023:1;9414:35793,18401:34330,22401:32850
46726036777413;3;3:6,7:1,29:3,37:1,73:1,139:1;261:36018,14036:35293,28101:29058
46803086835687;3;3:3,7:3,13:4,19:1,67:1,139:1;1911:36036,14391:35256,21658:33215
47111360679936;3;2:12,3:3,7:1,19:1,31:1,277:1,373:1;5592:36072,7780:35996,19648:34064
47175298090011;3;3:6,7:1,13:1,23:3,211:1,277:1;7659:36018,24771:31740,28152:29187
47179562909696;3;2:15,7:1,19:1,61:1,103:1,1723:1;18216:34520,21920:33216,28202:29142
47223764610624;3;2:6,3:3,7:2,19:3,31:1,43:1,61:1;3078:36138,5624:36100,21124:33560
47281017446208;3;2:6,3:6,7:2,13:1,19:1,31:1,37:1,73:1;14580:35352,15326:35218,21096:33588
47655040797000;3;2:3,3:5,5:3,7:4,13:1,61:1,103:1;825:36255,13840:35570,26880:30450
47713853084625;3;3:9,5:3,7:1,13:4,97:1;585:36270,7722:36153,11505:35880
47821004148736;3;2:12,7:1,13:1,31:1,43:1,109:1,883:1;7858:36174,19872:34192,24264:32248
47977566692419;3;7:5,13:1,37:1,103:1,157:1,367:1;4347:36316,19488:34363,27864:29755
48137544000000;3;2:9,3:3,5:6,7:1,13:1,31:1,79:1;2025:36375,11400:36000,22600:33200
48219592232448;3;2:9,3:6,7:1,13:1,19:1,74719:1;1908:36396,18672:34680,20260:34172
48266379238392;3;2:3,3:3,7:1,31:1,41:3,67:1,223:1;13694:35752,18696:34686,20910:33948
48310243522632;3;2:3,3:3,7:1,13:4,19:1,97:1,607:1;5109:36387,18096:34866,28418:29380
48322740375000;3;2:3,3:3,5:6,7:3,13:3,19:1;4550:36400,12870:35880,20475:34125
48377429839872;3;2:12,3:3,7:4,19:1,43:1,223:1;2784:36432,8400:36288,28056:29736
48555758325312;3;2:6,3:3,7:1,19:1,37:3,43:1,97:1;814:36482,6660:36408,25604:31672
48595526609301;3;3:3,7:1,67:1,79:1,157:1,277:1,1117:1;717:36492,11533:36104,22128:33549
48781725564663;3;3:3,7:4,13:1,29:1,31:3,67:1;4284:36519,21588:33831,23870:32767
48796372151000;3;2:3,5:3,31:1,53:3,97:1,109:1;15900:35510,17967:35033,27030:30740
49256267697000;3;2:3,3:3,5:3,7:4,13:1,211:1,277:1;7770:36540,25130:32200,28560:29610
49285542301632;3;2:6,3:3,7:1,13:1,373:1,823:1,1021:1;92:36664,18766:34946,28668:29520
49450195745288;3;2:3,13:4,43:2,67:1,1747:1;8892:36530,11778:36296,24480:32642
49698014184000;3;2:6,3:3,5:3,7:1,13:1,61:1,181:1,229:1;6750:36690,11160:36420,20430:34530
49752369156672;3;2:6,3:6,7:1,13:1,19:1,37:1,79:1,211:1;16260:35688,16857:35559,19044:34992
50046734521000;3;2:3,5:3,7:4,19:1,31:1,43:1,823:1;6207:36793,24220:32970,25200:32410
50053844593053;3;3:3,7:1,31:1,67:1,83:3,223:1;13861:36188,18924:35109,21165:34362
50088833220608;3;2:15,7:1,13:1,19:3,31:1,79:1;2052:36860,11552:36480,15696:35888
50094321758208;3;2:12,3:6,7:1,13:1,19:1,31:1,313:1;8352:36720,18264:35304,26352:31680
50537581238592;3;2:6,3:6,7:1,19:1,37:1,43:1,5119:1;4852:36944,24084:33192,24474:32982
50550955875000;3;2:3,3:6,5:6,7:1,19:1,43:1,97:1;825:36975,6750:36900,25950:32100
50587508664000;3;2:6,3:6,5:3,7:3,11:3,19:1;4620:36960,13068:36432,20790:34650
50899471301952;3;2:6,3:6,7:3,13:1,19:1,79:1,163:1;4032:37044,18612:35424,24234:33222
51128480116224;3;2:9,3:5,7:1,19:1,37:3,61:1;2416:37112,5550:37074,14208:36408
51201570301875;3;3:5,5:4,7:1,31:1,37:1,199:1,211:1;7755:37020,10635:36840,25995:32280
51278074540056;3;2:3,3:3,7:4,13:1,19:1,31:1,37:1,349:1;6902:37072,11382:36792,27069:31563
51314248006056;3;2:3,3:3,7:4,31:1,43:1,199:1,373:1;15018:36324,21336:34650,26586:31920
51349553308872;3;2:3,3:3,7:4,13:1,19:1,31:1,67:1,193:1;4347:37149,17682:35784,22596:34146
51382725528069;3;3:6,13:1,17:3,31:1,97:1,367:1;7446:37077,17986:35717,21573:34578
51397551101169;3;3:3,7:1,13:1,71:3,211:1,277:1;7881:37062,25489:32660,28968:30033
51479064000000;3;2:9,3:6,5:6,7:1,13:1,97:1;600:37200,7920:37080,11800:36800
51528683717056;3;2:6,7:4,13:1,31:1,37:1,43:1,523:1;112:37212,8050:37086,26586:31990
51563541144024;3;2:3,3:6,7:1,13:1,31:1,79:1,97:1,409:1;1174:37220,15174:36360,20406:35052
51584440116664;3;2:3,7:1,13:1,17:3,19:1,43:1,127:1,139:1;3723:37213,21454:34680,27268:31518
51604074016768;3;2:12,7:1,13:1,31:1,43:1,283:1,367:1;3888:37216,20532:35020,27568:31296
51610873032000;3;2:6,3:9,5:3,31:1,97:1,109:1;16200:36180,18306:35694,27540:31320
51624454327875;3;3:2,5:3,11:3,13:1,37:1,229:1,313:1;550:37235,15290:36355,17798:35827
51633677828096;3;2:15,7:3,13:1,193:1,1831:1;6048:37184,23562:33782,26528:32064
51641331715584;3;2:9,3:3,13:1,19:1,43:1,547:1,643:1;9248:37048,17844:35820,27344:31480
51672960847872;3;2:12,3:3,7:1,13:1,43:1,97:1,1231:1;2694:37242,24456:33336,28800:30288
51728360859000;3;2:3,3:9,5:3,7:1,37:1,73:1,139:1;270:37260,14520:36510,29070:30060
51839672767344;3;2:4,3:3,7:3,11:3,31:1,61:1,139:1;8118:37158,12265:36839,21714:34650
51884904528576;3;2:6,3:6,7:4,31:1,67:1,223:1;14028:36624,19152:35532,21420:34776
52102292995584;3;2:9,3:3,13:1,19:1,139:1,151:1,727:1;6072:37296,16000:36344,24594:33390
52563460475448;3;2:3,3:9,13:1,31:1,37:1,61:1,367:1;5400:37422,7854:37344,29358:30096
52600074444288;3;2:9,3:3,7:1,19:4,43:1,97:1;836:37468,6840:37392,26296:32528
52921956717000;3;2:3,3:3,5:3,7:3,19:1,67:3;4690:37520,13266:36984,21105:35175
53072642168000;3;2:6,5:3,7:1,13:1,271:1,367:1,733:1;360:37580,14540:36840,25430:33210
53225618770961;3;7:1,13:3,17:3,37:1,79:1,241:1;12546:37145,16796:36465,22542:34697
53409464154648;3;2:3,3:3,7:1,19:3,43:1,229:1,523:1;25631:33193,26310:32772,28272:31350
53486065152000;3;2:12,3:6,5:3,13:1,73:1,151:1;8550:37530,15840:36720,17664:36336
53511503644179;3;3:6,7:1,19:1,31:1,139:1,349:1,367:1;1098:37683,16043:36688,28395:31284
53566555521024;3;2:15,3:2,7:1,13:1,31:3,67:1;992:37696,7424:37600,10168:37448
53600009928192;3;2:9,3:9,7:1,13:1,211:1,277:1;7992:37584,25848:33120,29376:30456
53760084280875;3;3:3,5:3,7:1,17:3,31:1,67:1,223:1;14195:37060,19380:35955,21675:35190
53776801967616;3;2:9,3:3,7:1,13:1,103:1,181:1,2293:1;14968:36944,21048:35424,29507:30397
54044155174464;3;2:6,3:3,7:2,13:1,97:1,439:1,1153:1;3712:37796,19290:36054,21828:35208
54148190294016;3;2:12,3:3,7:1,13:4,31:1,79:1;2106:37830,11856:37440,23504:34528
54531569125000;3;2:3,5:6,11:3,31:1,97:1,109:1;16500:36850,18645:36355,28050:31900
54534316432141;3;7:3,13:1,19:1,31:1,193:1,271:1,397:1;9981:37690,15820:36981,24829:33978
54680073875000;3;2:3,5:6,7:4,19:1,43:1,223:1;2900:37950,8750:37800,29225:30975
54703832980104;3;2:3,3:3,7:4,11:3,19:1,43:1,97:1;847:37961,6930:37884,26642:32956
54718720777728;3;2:9,3:6,7:1,19:1,31:3,37:1;4464:37944,19896:36048,30008:30256
54835316316872;3;2:3,7:1,13:1,31:3,61:1,181:1,229:1;6975:37913,11532:37634,21111:35681
54851383694016;3;2:6,3:3,7:1,13:1,19:1,37:1,127:1,3907:1;2412:37992,25164:33888,26080:33356
54923271550875;3;3:5,5:3,7:3,13:1,31:1,103:1,127:1;1995:38010,3715:38000,28995:31260
55147819424607;3;3:5,7:4,13:1,73:1,103:1,967:1;7455:37968,23674:34727,26796:32991
55213216059456;3;2:6,3:3,7:4,13:1,37:1,73:1,379:1;4872:38052,15155:37261,25092:34032
55306645273152;3;2:6,3:5,7:1,13:1,19:1,31:1,43:1,1543:1;10128:37860,19128:36420,19378:36350
55327140288000;3;2:9,3:3,5:3,7:3,17:3,19:1;4760:38080,13464:37536,21420:35700
55405037961728;3;2:9,7:1,13:3,31:1,61:3;6344:38064,14118:37466,30012:30500
55437321405375;3;3:6,5:3,7:1,13:1,41:3,97:1;615:38130,8118:38007,12095:37720
55671938752248;3;2:3,3:2,7:3,13:1,19:1,31:1,37:1,73:1,109:1;7870:38072,17365:36947,25676:33838
55679909085864;3;2:3,3:3,7:1,31:1,43:3,67:1,223:1;14362:37496,19608:36378,21930:35604
55686426614000;3;2:4,5:3,7:4,13:1,337:1,2647:1;7406:38094,9170:38010,15650:37290
55707778473984;4;2:13,3:3,7:1,13:1,19:1,31:1,37:1,127:1;4842:38166,10872:37896,20400:36144,26644:33260
55830699380736;3;2:12,3:3,7:1,19:1,67:1,181:1,313:1;5596:38180,6928:38144,27096:33000
55864505803743;3;3:3,7:1,13:1,73:3,211:1,277:1;8103:38106,26207:33580,29784:30879
55916092447488;3;2:8,3:3,7:1,13:2,37:1,421:1,439:1;11874:37854,20676:36108,29228:31396
55999384020216;3;2:3,3:3,7:1,13:1,19:1,61:1,73:1,151:1,223:1;14654:37528,18510:36756,22992:35262
56065076613000;3;2:3,3:3,5:3,7:2,13:1,41:1,43:3;9920:38050,15480:37410,27420:32850
56099172423168;3;2:9,3:3,7:1,19:1,31:1,73:1,97:1,139:1;6000:38232,10904:37984,17232:37080
56620643625000;3;2:3,3:3,5:6,7:1,13:1,19:1,31:1,313:1;8700:38250,19025:36775,27450:33000
56781939738888;3;2:3,3:3,7:4,13:1,19:1,31:1,79:1,181:1;12824:37954,15666:37548,19905:36567
56862950429376;3;2:6,3:6,7:1,13:3,19:1,43:1,97:1;858:38454,7020:38376,26988:33384
57028720637880;3;2:3,3:6,5:1,19:1,43:1,79:1,157:1,193:1;3912:38478,8067:38373,14286:37824
57075540679647;3;3:6,7:1,31:3,37:1,73:1,139:1;279:38502,15004:37727,30039:31062
57252617891677;3;13:3,31:1,43:3,97:1,109:1;5421:38506,16770:37453,28509:32422
57358709488136;3;2:3,7:1,19:1,1327:1,1489:1,27283:1;12280:38146,17170:37396,19858:36724
57560427008000;3;2:12,5:3,7:3,31:1,97:1,109:1;16800:37520,18984:37016,28560:32480
57644904179457;3;3:6,7:1,29:3,31:1,67:1,223:1;14529:37932,19836:36801,22185:36018
57656325445056;3;2:6,3:6,13:3,43:1,103:1,127:1;5910:38586,24336:35100,26364:34008
57718336634712;3;2:3,3:3,13:1,97:1,499:1,631:1,673:1;276:38646,10037:38419,10860:38358
57801231532863;3;3:8,7:1,13:1,19:1,73:1,223:1,313:1;3492:38655,16566:37623,23742:35415
57804115131000;3;2:3,3:6,5:3,7:3,19:1,23:3;4830:38640,13662:38088,21735:36225
58191900353496;3;2:3,3:3,7:1,13:1,37:3,211:1,277:1;8214:38628,26566:34040,30192:31302
58455926389224;3;2:3,3:3,7:6,13:1,19:1,67:1,139:1;2058:38808,15498:37968,23324:35770
58726410025536;3;2:6,3:3,11:3,109:1,433:1,541:1;4312:38852,9220:38696,20196:36960
58747005076032;3;2:6,3:3,7:1,13:1,31:1,139:1,277:1,313:1;4356:38856,13368:38340,25059:35037
58877839342952;3;2:3,7:1,61:1,73:1,103:1,463:1,4951:1;705:38903,19212:37274,25101:35051
59029126191000;3;2:3,3:3,5:3,7:1,31:1,73:1,79:1,1747:1;11140:38630,14100:38310,27915:33405
59040065180096;3;2:6,7:1,11:3,13:1,19:1,31:1,67:1,193:1;4554:38918,18524:37488,23672:35772
59078145739032;3;2:3,3:3,7:1,19:1,43:1,79:3,97:1;869:38947,7110:38868,27334:33812
59361770183625;3;3:3,5:3,7:3,13:1,19:1,31:1,37:1,181:1;11865:38640,13105:38510,29820:32025
59593451463000;3;2:3,3:9,5:3,7:4,13:1,97:1;630:39060,8316:38934,12390:38640
59652517743000;3;2:3,3:3,5:3,7:1,13:1,19:1,1033:1,1237:1;3688:39062,8965:38915,13320:38550
59655594797568;3;2:9,3:3,7:1,11:3,31:1,67:1,223:1;14696:38368,20064:37224,22440:36432
59686386387264;3;2:6,3:5,7:1,13:1,103:1,241:1,1699:1;9300:38904,23181:36147,26904:34260
59710346226657;3;3:3,7:1,19:1,37:1,139:1,1399:1,2311:1;7286:39001,9642:38889,17604:37857
59927543835633;3;3:11,19:3,31:1,37:1,43:1;8721:38988,19494:37449,22616:36433
60187770615960;3;2:3,3:3,5:1,13:1,19:2,43:1,157:1,1759:1;14214:38556,18839:37681,26712:34518
60314982547456;3;2:18,7:1,13:1,61:1,181:1,229:1;7200:39136,11904:38848,21792:36832
60338328732864;3;2:6,3:3,7:4,13:1,19:1,97:1,607:1;5502:39186,19488:37548,30604:31640
60347617974000;3;2:4,3:3,5:3,7:1,31:1,37:1,181:1,769:1;6990:39150,17466:38034,29805:32355
60353937000000;3;2:6,3:3,5:6,7:6,19:1;4900:39200,13860:38640,22050:36750
60583055203125;3;3:6,5:6,7:1,13:1,211:1,277:1;8325:39150,26925:34500,30600:31725
60639441827328;3;2:9,3:12,7:1,13:1,31:1,79:1;2187:39285,12312:38880,24408:35856
60699413259000;3;2:3,3:3,5:3,19:3,31:1,97:1,109:1;17100:38190,19323:37677,29070:33060
60855011776000;3;2:9,5:3,13:1,31:1,37:1,43:1,1483:1;13164:38836,14680:38640,22680:36640
60963259488768;3;2:9,3:3,7:2,13:1,19:1,199:1,1831:1;4608:39336,6568:39296,28584:33504
60994108544616;3;2:3,3:12,13:1,31:1,97:1,367:1;7884:39258,19044:37818,22842:36612
61003798632504;3;2:3,3:3,7:4,13:1,19:1,37:1,61:1,211:1;6559:39305,24878:35728,28350:33684
61201254985416;3;2:3,3:3,7:2,13:4,61:1,3319:1;10530:39156,23234:36508,27612:34242
61233554805696;3;2:6,3:6,7:1,13:1,19:1,43:1,127:1,139:1;3942:39402,22716:36720,28872:33372
61350137856000;3;2:15,3:3,5:3,7:1,19:1,43:1,97:1;880:39440,7200:39360,27680:34240
61507646619328;3;2:6,7:4,13:3,19:1,43:1,223:1;3016:39468,9100:39312,30394:32214
61712506176111;3;3:3,7:1,31:1,67:1,89:3,223:1;14863:38804,20292:37647,22695:36846
62139742801920;3;2:12,3:2,5:1,7:1,31:1,37:1,199:1,211:1;8272:39488,11344:39296,27728:34432
62190076347000;3;2:3,3:3,5:3,7:1,19:1,103:1,277:1,607:1;15880:38750,20460:37710,21240:37470
62270204127768;3;2:3,3:3,7:1,13:1,61:1,199:1,499:1,523:1;1158:39636,27429:34659,30598:32276
62304735630375;3;3:3,5:3,7:1,19:3,31:1,79:1,157:1;5130:39615,21444:37431,26790:35055
62339515468776;3;2:3,3:3,7:1,13:1,31:1,79:1,109:3;3492:39642,12426:39240,24634:36188
62395993803663;3;3:3,13:4,19:1,43:1,97:1,1021:1;156:39663,9711:39468,20430:37767
62437649974875;3;3:6,5:3,7:1,31:1,37:1,61:1,1399:1;5315:39640,19650:37995,30915:32040
62477432815616;3;2:15,7:1,13:1,19:1,67:1,109:1,151:1;1056:39680,6984:39608,29760:33056
62646521418000;3;2:4,3:3,5:3,13:1,79:3,181:1;3735:39705,18565:38315,26070:35550
62779071430656;3;2:15,3:6,7:1,37:1,73:1,139:1;288:39744,15488:38944,31008:32064
62826143483376;3;2:4,3:3,7:1,13:2,19:1,61:1,73:1,1453:1;10418:39514,14310:39126,18387:38397
62977661649000;3;2:3,3:3,5:3,7:3,19:1,71:3;4970:39760,14058:39192,22365:37275
63038831978304;3;2:6,3:3,7:1,13:1,19:3,211:1,277:1;8436:39672,27284:34960,31008:32148
63109878415857;3;3:3,7:1,13:1,19:1,73:1,1249:1,14827:1;4689:39792,9054:39657,22546:37241
63181723727304;3;2:3,3:6,7:1,13:3,37:1,79:1,241:1;13284:39330,17784:38610,23868:36738
63269365485816;3;2:3,3:3,7:1,31:1,37:1,67:1,73:1,7459:1;4798:39824,4932:39822,15219:39093
63378027531000;3;2:3,3:3,5:3,7:1,13:1,31:1,37:1,43:1,523:1;120:39870,8625:39735,28485:34275
63412954061184;3;2:7,3:5,7:6,13:1,31:1,43:1;17787:38661,21196:37772,27678:34818
63531605375000;3;2:3,5:6,7:2,31:1,313:1,1069:1;14150:39300,24870:36380,27875:34725
63635285259000;3;2:3,3:3,5:3,7:6,13:1,23:1,67:1;6360:39870,19705:38255,28350:34440
63679645727208;3;2:3,3:15,7:1,19:1,43:1,97:1;891:39933,7290:39852,28026:34668
63690523670592;3;2:6,3:3,7:1,13:4,19:1,31:1,313:1;9048:39780,19786:38246,28548:34320
63816163551000;3;2:3,3:9,5:3,7:1,31:1,67:1,223:1;15030:39240,20520:38070,22950:37260
63950494456000;3;2:6,5:3,29:3,31:1,97:1,109:1;17400:38860,19662:38338,29580:33640
63952280335125;3;3:6,5:3,7:1,13:1,43:3,97:1;645:39990,8514:39861,12685:39560
64060861029984;3;2:5,3:3,7:4,13:1,19:1,31:1,37:1,109:1;5894:39970,9894:39810,27223:35273
64095832008000;3;2:6,3:6,5:3,13:1,37:1,73:1,313:1;17460:38880,20304:38196,29240:33940
64127999871936;3;2:6,3:3,7:3,11:3,13:3,37:1;5280:39996,7996:39920,30888:32604
64169897014125;3;3:3,5:3,7:1,31:1,43:1,73:1,103:1,271:1;7125:39960,7965:39930,22460:37525
64189245628872;3;2:3,3:3,7:1,13:1,19:1,37:1,79:1,127:1,463:1;20050:38288,22788:37410,28656:34386
64286219639096;3;2:3,7:4,13:3,31:1,157:1,313:1;18200:38766,25067:36477,26910:35516
64390836916224;3;2:12,3:6,7:2,13:1,97:1,349:1;1824:40080,10720:39824,26356:35852
64415826381312;3;2:9,3:3,7:1,19:3,37:1,43:1,61:1;10792:39824,11286:39786,14760:39408
64937047374576;3;2:4,3:6,13:1,19:1,31:1,37:1,43:1,457:1;1098:40194,9330:40026,30054:33558
64949969448000;3;2:6,3:3,5:3,7:1,13:1,79:1,151:1,277:1;20036:38464,24900:36720,29220:34200
65120449646161;3;7:7,13:1,73:1,97:1,859:1;6321:40180,9513:40054,25137:36652
65129243036312;3;2:3,7:1,13:1,19:1,31:1,43:1,61:1,79:1,733:1;7408:40150,24169:37087,27880:35158
65272753000000;3;2:6,5:6,7:2,13:1,43:1,2383:1;16600:39300,26496:36004,30000:33700
65429914931712;3;2:9,3:9,19:1,31:1,73:1,151:1;9108:40140,12608:39880,27756:35316
65560092304707;3;3:3,7:4,11:3,13:1,211:1,277:1;8547:40194,27643:35420,31416:32571
65667515496128;3;2:6,7:6,13:1,17:1,19:1,31:1,67:1;13475:39837,20538:38486,28224:35084
65676344832000;3;2:12,3:9,5:3,7:3,19:1;5040:40320,14256:39744,22680:37800
65967092158149;3;3:3,7:4,13:3,31:1,67:1,223:1;15197:39676,20748:38493,23205:37674
66067388299584;3;2:6,3:3,7:1,19:1,41:3,43:1,97:1;902:40426,7380:40344,28372:35096
66080653644096;3;2:6,3:6,7:1,13:1,43:1,283:1,1279:1;5652:40392,10342:40202,22368:38004
66148056878904;3;2:3,3:3,7:1,11:3,13:1,61:1,181:1,229:1;7425:40359,12276:40062,22473:37983
67022582328000;3;2:6,3:5,5:3,13:1,37:1,229:1,313:1;600:40620,16680:39660,19416:39084
67301994396672;3;2:10,3:6,7:3,31:1,61:1,139:1;8856:40536,13380:40188,23688:37800
67315637177000;3;2:3,5:3,31:1,59:3,97:1,109:1;17700:39530,20001:38999,30090:34220
67334873979744;3;2:5,3:3,7:1,19:1,31:1,37:1,193:1,2647:1;1726:40682,15695:39889,27642:35886
67462478685784;3;2:3,7:1,13:1,19:1,23:3,31:1,67:1,193:1;4761:40687,19366:39192,24748:37398
67629783416832;3;2:15,3:3,7:4,13:1,31:1,79:1;2268:40740,12768:40320,25312:37184
67821538583448;3;2:3,3:3,13:2,31:1,43:1,61:1,73:1,313:1;4623:40761,6488:40726,16672:39830
67901150307627;3;3:6,7:1,13:3,19:3,883:1;5928:40755,21242:38779,23859:37872
67917358656000;3;2:9,3:3,5:3,7:3,19:1,37:1,163:1;360:40800,17256:39744,26152:36848
68147697808008;3;2:3,3:6,7:1,13:4,211:1,277:1;8658:40716,28002:35880,31824:32994
68161135972419;3;3:3,7:1,43:1,61:1,73:1,97:1,19417:1;14907:40176,18768:39483,27614:36115
68165817233472;3;2:6,3:3,7:1,23:3,31:1,67:1,223:1;15364:40112,20976:38916,23460:38088
68451042303000;3;2:3,3:3,5:3,7:3,19:1,73:3;5110:40880,14454:40296,22995:38325
68514084520056;3;2:3,3:3,7:1,19:1,43:1,83:3,97:1;913:40919,7470:40836,28718:35524
68518634184000;3;2:6,3:6,5:3,7:1,11:3,13:1,97:1;660:40920,8712:40788,12980:40480
68850448303329;3;3:9,7:1,11:3,37:1,73:1,139:1;297:40986,15972:40161,31977:33066
68881145221224;3;2:3,3:9,7:4,19:1,43:1,223:1;3132:40986,9450:40824,31563:33453
69037165323000;3;2:3,3:6,5:3,7:1,19:1,31:1,103:1,223:1;1728:41022,6276:40974,30510:34380
69142951220616;3;2:3,3:5,7:1,13:1,37:1,109:1,199:1,487:1;5556:41010,14505:40431,22818:38544
69220495870344;3;2:3,3:3,7:1,13:1,19:1,31:1,37:1,283:1,571:1;11916:40722,14370:40464,31380:33714
69636288181824;3;2:6,3:6,7:1,13:3,37:1,43:1,61:1;11076:40872,11583:40833,22842:38646
69772303384875;3;3:3,5:3,7:4,13:1,43:1,73:1,211:1;7283:41092,12915:40740,18900:39795
70260087066624;3;2:12,3:6,7:1,13:1,19:1,31:1,439:1;11448:40968,23756:38452,25488:37728
70412864012883;3;3:6,7:1,31:4,67:1,223:1;15531:40548,21204:39339,23715:38502
70598700933696;3;2:6,3:5,13:1,37:1,43:1,139:1,1579:1;3716:41320,16392:40452,29508:35544
70639686725608;3;2:3,7:1,11:3,13:1,271:1,367:1,733:1;396:41338,15994:40524,27973:36531
70796808000000;3;2:9,3:3,5:6,31:1,97:1,109:1;18000:40200,20340:39660,30600:34800
70802510113881;3;3:3,7:1,13:1,79:3,211:1,277:1;8769:41238,28361:36340,32232:33417
70978669481664;3;2:6,3:6,7:6,67:1,193:1;6272:41356,7308:41328,29420:35704
71020453335552;3;2:9,3:6,7:4,19:1,43:1,97:1;924:41412,7560:41328,29064:35952
71302809816000;3;2:6,3:3,5:3,7:3,19:1,37:3;5180:41440,14652:40848,23310:38850
71317889487936;3;2:6,3:6,7:1,13:1,19:3,31:1,79:1;12996:41040,17658:40374,25764:37848
71325704222136;3;2:3,3:12,7:1,13:1,19:1,31:1,313:1;9396:41310,20547:39717,29646:35640
71494261660549;3;7:3,13:1,19:1,31:1,37:1,67:1,79:1,139:1;12474:41125,26376:37597,29218:35973
71507138595704;3;2:3,7:3,31:1,43:3,97:1,109:1;5838:41468,18060:40334,30702:34916
71735012089767;3;3:6,13:1,19:3,31:1,97:1,367:1;8322:41439,20102:39919,24111:38646
71782508720440;3;2:3,5:1,7:3,19:1,61:1,709:1,6367:1;8176:41454,25672:37998,28948:36222
71898233077125;3;3:6,5:3,7:3,13:1,19:1,67:1,139:1;2205:41580,16605:40680,24990:38325
72016624213352;3;2:3,7:1,13:1,19:4,43:1,127:1,139:1;4161:41591,23978:38760,30476:35226
72033549668864;3;2:9,7:1,19:1,31:1,61:1,73:1,79:1,97:1;2780:41604,15816:40832,28104:36800
72067528148616;3;2:3,3:9,7:4,11:1,13:1,31:1,43:1;12852:41202,14184:41058,26463:37689
72077233992192;3;2:9,3:3,11:1,13:1,19:1,61:1,163:1,193:1;1416:41616,9223:41465,28848:36360
72257367081627;3;3:9,7:4,13:1,337:1,349:1;4291:41636,25515:38178,31374:34587
72345583314368;3;2:6,7:1,13:1,17:3,61:1,181:1,229:1;7650:41582,12648:41276,23154:39134
72633956565016;3;2:3,7:3,11:1,31:1,97:1,349:1,2293:1;8856:41590,12390:41356,31942:34212
72708757732296;3;2:3,3:3,7:1,31:1,47:3,67:1,223:1;15698:40984,21432:39762,23970:38916
72817036411392;3;2:9,3:3,7:1,13:1,29:1,31:3,67:1;4896:41736,24672:38664,27280:37448
72990919463553;3;3:9,7:4,13:3,19:1,37:1;4914:41769,18846:40473,33033:33306
73200815772327;3;3:6,19:1,31:1,79:1,271:1,7963:1;4527:41814,29903:35950,30903:35220
73297339171875;3;3:12,5:6,7:1,13:1,97:1;675:41850,8910:41715,13275:41400
73456449348672;3;2:6,3:3,13:1,19:1,37:1,79:1,97:1,607:1;1188:41880,3524:41872,31688:34660
73525390848000;3;2:12,3:3,5:3,7:1,13:1,211:1,277:1;8880:41760,28720:36800,32640:33840
73573414957224;3;2:3,3:9,7:1,13:1,43:1,97:1,1231:1;23370:39324,27513:37503,32400:34074
73587213693000;3;2:3,3:3,5:3,7:1,17:3,19:1,43:1,97:1;935:41905,7650:41820,29410:36380
73848346731432;3;2:3,3:3,7:3,13:1,19:1,31:1,349:1,373:1;5068:41930,8960:41818,25068:38730
73896377989824;3;2:6,3:3,13:2,19:1,31:1,43:1,97:1,103:1;11472:41676,23532:39336,31072:35276
74051580874005;3;3:2,5:1,7:1,31:1,613:1,3181:1,3889:1;5758:41957,17354:40981,25997:38368
74151924093000;3;2:3,3:6,5:3,13:1,19:1,43:1,61:1,157:1;738:42012,29265:36615,33330:33360
74213505639000;4;2:3,3:6,5:3,7:1,13:1,19:1,97:1,607:1;5895:41985,20392:40358,20880:40230,32790:33900
74232703125000;3;2:3,3:6,5:9,7:3,19:1;5250:42000,14850:41400,23625:39375
74305490254632;3;2:3,3:3,7:1,13:3,79:1,103:1,2749:1;10935:41793,14820:41418,29427:36549
74307860604523;3;7:1,13:3,19:3,37:1,79:1,241:1;14022:41515,18772:40755,25194:38779
74395973503000;3;2:3,5:3,31:1,61:3,97:1,109:1;18300:40870,20679:40321,31110:35380
74534315523885;3;3:2,5:1,7:1,17:3,31:1,37:1,199:1,211:1;8789:41956,12053:41752,29461:36584
74622616971903;3;3:3,7:2,11:3,13:1,41:1,43:3;10912:41855,17028:41151,30162:36135
74695169302299;3;3:13,7:4,13:1,19:1,79:1;16308:41283,18075:40974,30240:36099
75054023627625;3;3:3,5:3,7:1,19:3,31:1,67:1,223:1;15865:41420,21660:40185,24225:39330
75137699879424;3;2:9,3:3,7:1,13:1,29:3,31:1,79:1;2349:42195,13224:41760,26216:38512
75301166488968;3;2:3,3:6,7:1,17:3,37:1,73:1,139:1;306:42228,16456:41378,32946:34068
75401159625792;3;2:6,3:3,7:1,11:3,13:1,19:1,67:1,283:1;5704:42212,10648:42020,21648:40260
75582539689167;3;3:3,7:4,19:1,67:1,331:1,2767:1;6426:42231,16716:41391,30132:36399
75659499062000;3;2:4,5:3,7:1,19:1,31:1,37:1,43:1,73:1,79:1;2970:42290,22830:39950,27215:38145
76215084539328;3;2:6,3:3,7:1,19:1,43:4,97:1;946:42398,7740:42312,29756:36808
76269568310208;3;2:6,3:8,7:1,13:1,31:3,67:1;1116:42408,8352:42300,11439:42129
76277734676416;3;2:6,7:3,13:3,31:1,163:1,313:1;2730:42406,20860:40656,26442:38662
76317201636039;3;3:15,7:1,13:1,211:1,277:1;8991:42282,29079:37260,33048:34263
76436003833280;3;2:6,5:1,7:1,13:1,37:1,79:1,331:1,2713:1;1802:42438,3912:42428,12156:42104
76543364911104;3;2:12,3:3,7:1,13:1,19:1,31:1,37:1,349:1;7888:42368,13008:42048,30936:36072
76544850298176;3;2:6,3:3,13:1,31:1,43:1,463:1,5521:1;24402:39582,28728:37524,29834:36838
76650062082048;3;2:12,3:3,7:1,13:1,19:1,31:1,67:1,193:1;4968:42456,20208:40896,25824:39024
76821566829056;3;2:9,7:7,19:1,43:1,223:1;3248:42504,9800:42336,32732:34692
76917452079104;3;2:15,7:1,13:1,31:1,37:1,43:1,523:1;128:42528,9200:42384,30384:36560
77241777984000;3;2:9,3:3,5:3,7:3,19:4;5320:42560,15048:41952,23940:39900
77449186934784;3;2:15,3:6,7:1,31:1,67:1,223:1;16032:41856,21888:40608,24480:39744
77563088379000;3;2:3,3:3,5:3,7:3,31:1,43:1,61:1,103:1;8715:42525,14670:42060,25550:39340
77784463463616;3;2:6,3:3,7:1,13:1,19:1,67:1,73:1,5323:1;16908:41784,23820:40056,28806:37770
77910053607351;3;3:12,7:1,19:1,31:3,37:1;5022:42687,22383:40554,33759:34038
78115100264000;3;2:6,5:3,31:4,97:1,109:1;18600:41540,21018:40982,31620:35960
78249561421824;3;2:11,3:3,13:1,31:1,43:1,127:1,643:1;6036:42732,18274:41630,20616:41112
78293221461000;3;2:3,3:6,5:3,7:1,13:1,23:3,97:1;690:42780,9108:42642,13570:42320
78904784821464;3;2:3,3:6,7:1,19:1,29:3,43:1,97:1;957:42891,7830:42804,30102:37236
78918605857000;3;2:3,5:3,7:4,13:1,61:1,181:1,229:1;7875:42805,13020:42490,23835:40285
78999613427917;3;7:2,13:3,19:1,31:1,37:1,151:1,223:1;12532:42549,13773:42430,33741:34366
79178804103672;3;2:3,3:3,7:1,13:1,41:3,211:1,277:1;9102:42804,29438:37720,33456:34686
79547927606784;3;2:9,3:3,7:4,13:1,19:1,31:1,313:1;9744:42840,21308:41188,30744:36960
79643219513949;3;3:7,7:1,13:1,19:1,61:1,487:1,709:1;1445:43024,15024:42405,23781:40452
79669769457024;3;2:7,3:6,19:1,37:1,67:1,18127:1;7668:42948,15546:42342,26115:39549
79675236904536;3;2:3,3:6,7:1,13:3,43:1,73:1,283:1;1196:43030,13968:42534,27144:39078
79875579485331;3;3:9,7:1,19:1,31:1,73:1,97:1,139:1;6750:43011,12267:42732,19386:41715
79894772889687;3;3:3,7:1,31:1,67:1,97:3,223:1;16199:42292,22116:41031,24735:40158
80208827287407;3;3:6,7:1,13:1,19:1,79:1,397:1,2029:1;17959:42062,24327:40374,30816:37071
80331090147000;3;2:3,3:3,5:3,7:6,11:3,19:1;5390:43120,15246:42504,24255:40425
80593578497250;3;2:1,3:3,5:3,7:1,13:1,31:1,37:1,73:1,1567:1;95:43195,3825:43185,31791:36459
80789656915000;3;2:3,5:4,11:3,31:1,79:1,4957:1;220:43230,27310:39240,31405:36795
80826475261896;3;2:3,3:3,7:6,13:1,19:1,79:1,163:1;4704:43218,21714:41328,28273:38759
80992322034624;3;2:6,3:5,7:1,11:3,13:1,19:1,31:1,73:1;4668:43248,5874:43230,29788:37928
81485125305913;3;7:7,31:1,43:1,199:1,373:1;17521:42378,24892:40425,31017:37240
81509405035968;3;2:6,3:3,7:3,13:1,37:1,43:1,61:1,109:1;13308:42936,21181:41603,27132:39480
81657033486336;3;2:12,3:3,7:1,11:3,19:1,43:1,97:1;968:43384,7920:43296,30448:37664
81846952334784;3;2:6,3:6,7:6,13:1,31:1,37:1;10347:43221,24696:40572,32928:35868
81956154861000;3;2:3,3:6,5:3,7:3,31:1,97:1,109:1;18900:42210,21357:41643,32130:36540
82054748013056;3;2:9,7:4,13:1,43:1,97:1,1231:1;3143:43449,28532:38892,33600:35336
82111059876573;3;3:3,7:1,13:1,83:3,211:1,277:1;9213:43326,29797:38180,33864:35109
82142721178875;3;3:6,5:3,7:4,37:1,73:1,139:1;315:43470,16940:42595,33915:35070
82270781925696;3;2:6,3:3,7:4,13:1,19:1,43:1,1867:1;14889:42903,20272:41972,27988:39224
82319777100288;3;2:9,3:5,7:1,13:1,73:1,103:1,967:1;8520:43392,27056:39688,30624:37704
82347910497216;3;2:6,3:8,7:4,13:1,61:1,103:1;990:43506,16608:42684,32256:36540
82391306728248;3;2:3,3:3,7:7,31:1,67:1,223:1;16366:42728,22344:41454,24990:40572
82774991617857;3;3:3,7:1,11:3,19:1,103:1,277:1,607:1;17468:42625,22506:41481,23364:41217
82908643957568;3;2:6,11:3,13:1,19:1,31:1,79:1,1609:1;1584:43604,25608:40436,34280:34932
83181676032000;3;2:12,3:6,5:3,7:1,13:1,31:1,79:1;2430:43650,13680:43200,27120:39840
83246945116608;3;2:6,3:9,7:1,13:1,19:1,37:1,1033:1;4302:43650,12048:43356,27927:39465
83286831816125;3;5:3,7:1,61:1,79:1,97:1,157:1,1297:1;1725:43670,19730:42285,32709:36416
83468828440179;3;3:6,7:3,13:1,31:1,37:1,61:1,367:1;6300:43659,9163:43568,34251:35112
83501695368000;3;2:6,3:6,5:3,7:3,13:3,19:1;5460:43680,15444:43056,24570:40950
83511107213625;3;3:6,5:3,7:1,13:1,47:3,97:1;705:43710,9306:43569,13865:43240
83668187304000;3;2:6,3:6,5:3,13:1,31:1,97:1,367:1;8760:43620,21160:42020,25380:40680
83996645824000;3;2:9,5:3,7:1,13:1,19:1,43:1,127:1,139:1;4380:43780,25240:40800,32080:37080
84472549480872;3;2:3,3:3,7:1,19:1,43:1,89:3,97:1;979:43877,8010:43788,30794:38092
84758432025267;3;3:3,7:4,11:1,13:1,19:3,31:1,43:1;13566:43491,14972:43339,32907:36624
84844455787000;3;2:3,5:3,7:1,13:1,19:1,67:1,73:1,79:1,127:1;4990:43920,25600:40830,31365:37795
84933890496000;3;2:9,3:3,5:3,7:3,13:1,73:1,151:1;9975:43785,18480:42840,20608:42392
84939313686381;3;3:9,7:1,11:3,31:1,67:1,223:1;16533:43164,22572:41877,25245:40986
85069838061000;3;2:3,3:3,5:3,13:1,43:1,151:1,163:1,229:1;10585:43775,15570:43320,21330:42240
85114830580416;3;2:6,3:6,7:4,13:1,211:1,277:1;9324:43848,30156:38640,34272:35532
85137301476864;3;2:9,3:3,7:1,13:3,43:1,67:1,139:1;8856:43872,24891:41157,31104:38040
85213317925125;3;3:2,5:3,13:4,37:1,229:1,313:1;650:44005,18070:42965,21034:42341
85349908591192;3;2:3,7:4,19:1,29:3,43:1,223:1;3364:44022,10150:43848,33901:35931
85568565792528;3;2:4,3:3,7:3,13:3,31:1,61:1,139:1;9594:43914,14495:43537,25662:40950
85878168509952;3;2:9,3:6,7:1,13:1,61:1,181:1,229:1;8100:44028,13392:43704,24516:41436
85921103872000;3;2:21,5:3,31:1,97:1,109:1;19200:42880,21696:42304,32640:37120
86418808422912;3;2:9,3:3,7:3,19:1,67:1,103:1,139:1;2760:44208,30492:38724,33544:36512
86548464205875;3;3:2,5:3,7:2,19:1,31:1,127:1,139:1,151:1;3398:44227,15460:43595,34940:35275
86572628581131;3;3:3,7:1,11:1,19:3,31:1,37:1,67:1,79:1;2195:44236,14611:43700,31483:38114
86636083625000;3;2:3,5:6,7:1,13:1,19:1,31:1,67:1,193:1;5175:44225,21050:42600,26900:40650
86669031176000;3;2:6,5:3,7:1,13:3,37:1,79:1,241:1;14760:43700,19760:42900,26520:40820
86754649401000;3;2:3,3:3,5:3,7:3,19:1,79:3;5530:44240,15642:43608,24885:41475
86801203451781;3;3:9,7:2,13:1,19:1,199:1,1831:1;5184:44253,7389:44208,32157:37692
87257825980416;3;2:12,3:3,7:3,13:1,19:1,67:1,139:1;2352:44352,17712:43392,26656:40880
87352051752000;3;2:6,3:9,5:3,7:1,19:1,43:1,97:1;990:44370,8100:44280,31140:38520
87539319000000;3;2:6,3:3,5:6,7:1,31:1,67:1,223:1;16700:43600,22800:42300,25500:41400
87863708421125;3;5:3,7:1,13:3,19:1,31:1,73:1,1063:1;4100:44445,5954:44421,29445:39650
87950653338375;3;3:3,5:3,31:1,43:3,97:1,109:1;6255:44430,19350:43215,32895:37410
88112331477504;3;2:9,3:3,673:1,757:1,12511:1;3968:44488,10184:44320,21972:42636
88189275447000;3;2:3,3:6,5:3,7:1,13:1,19:1,31:1,37:1,61:1;2742:44508,3375:44505,31380:38550
88190977840875;3;3:3,5:3,7:1,13:1,17:3,211:1,277:1;9435:44370,30515:39100,34680:35955
88378936151688;3;2:3,3:3,7:1,13:1,19:1,29:3,31:1,313:1;10092:44370,22069:42659,31842:38280
88461888965632;3;2:10,7:4,13:1,19:1,31:1,37:1,127:1;5649:44527,12684:44212,23800:42168
88476313481640;3;2:3,3:8,5:1,7:1,31:1,37:1,199:1,211:1;9306:44424,12762:44208,31194:38736
88835870477727;3;3:3,31:1,37:1,241:1,607:1,19609:1;12132:44319,14751:44076,25866:41511
88885885008375;3;3:3,5:3,7:1,13:1,19:1,61:1,67:1,3727:1;11535:44370,13030:44255,17610:43695
88955822592000;3;2:12,3:9,5:3,7:1,13:1,97:1;720:44640,9504:44496,14160:44160
88957126020672;3;2:6,3:6,7:1,13:1,19:1,67:1,109:1,151:1;1188:44640,7857:44559,33480:37188
89083408060864;3;2:6,7:4,19:1,31:1,73:1,97:1,139:1;7000:44604,20104:43260,28590:40354
89386607564352;3;2:6,3:12,7:1,37:1,73:1,139:1;324:44712,17424:43812,34884:36072
89539587551232;3;2:12,3:3,7:1,13:1,37:2,67:1,97:1;16560:43968,25904:41632,30468:39420
90011913875000;3;2:3,5:6,13:3,31:1,97:1,109:1;19500:43550,22035:42965,33150:37700
90067709362176;3;2:15,3:3,7:1,13:1,19:1,97:1,607:1;6288:44784,22272:42912,34976:36160
90091008000000;3;2:15,3:3,5:6,7:3,19:1;5600:44800,15840:44160,25200:42000
90191847905019;3;3:3,7:1,31:1,67:1,101:3,223:1;16867:44036,23028:42723,25755:41814
90296259246648;3;2:3,3:3,7:4,13:3,19:1,43:1,97:1;1001:44863,8190:44772,31486:38948
91061063847936;3;2:12,3:3,7:1,13:1,19:1,37:1,61:1,211:1;7496:44920,28432:40832,32400:38496
91340363283624;3;2:3,3:3,7:1,13:1,43:3,211:1,277:1;9546:44892,30874:39560,35088:36378
91556109387288;3;2:3,3:3,7:3,13:3,43:1,103:1,127:1;6895:45017,28392:40950,30758:39676
91709525666304;3;2:9,3:3,7:1,13:1,271:1,367:1,733:1;432:45096,17448:44208,30516:39852
91780196691456;3;2:9,3:3,7:1,13:1,31:4,79:1;2511:45105,14136:44640,28024:41168
92014376328000;3;2:6,3:3,5:3,7:1,19:1,31:1,277:1,373:1;6990:45090,9725:44995,24560:42580
92259629410312;3;2:3,7:1,13:1,17:3,31:1,37:1,43:1,523:1;136:45186,9775:45033,32283:38845
92897425637352;3;2:3,3:6,7:1,17:3,31:1,67:1,223:1;17034:44472,23256:43146,26010:42228
93235315276376;3;2:3,7:1,13:1,37:3,61:1,181:1,229:1;8325:45251,13764:44918,25197:42587
93305890911744;3;2:9,3:3,7:1,19:1,23:3,43:1,97:1;1012:45356,8280:45264,31832:39376
93441066264000;3;2:6,3:3,5:3,7:2,13:1,19:1,31:1,1153:1;10680:45180,27420:41760,35227:36773
93511826919000;3;2:3,3:15,5:3,7:3,19:1;5670:45360,16038:44712,25515:42525
93552527630016;3;2:6,3:2,7:1,13:1,31:3,181:1,331:1;6280:45356,16106:44710,24428:42904
94029781241816;3;2:3,7:3,31:1,37:3,139:1,157:1;999:45473,15456:44870,34188:37814
94178891079000;3;2:3,3:6,5:3,7:1,13:1,19:1,74719:1;2385:45495,23340:43350,25325:42715
94219230366296;3;2:3,7:1,19:1,31:1,271:1,1087:1,9697:1;16043:44829,24342:43052,34416:37670
94230551448000;3;2:6,3:3,5:3,11:3,31:1,97:1,109:1;19800:44220,22374:43626,33660:38280
94487167656000;3;2:6,3:3,5:3,7:4,19:1,43:1,223:1;3480:45540,10500:45360,35070:37170
94563848534337;3;3:6,7:1,13:1,29:3,211:1,277:1;9657:45414,31233:40020,35496:36801
94632193758375;3;3:6,5:3,7:7,13:1,97:1;735:45570,9702:45423,14455:45080
94657237549056;3;2:16,3:5,7:3,13:1,31:1,43:1;20328:44184,24224:43168,31632:39792
94692578761872;3;2:4,3:3,7:1,13:1,37:1,61:1,613:1,1741:1;5946:45546,16663:44825,18062:44614
94907413239912;3;2:3,3:8,7:3,13:1,31:1,103:1,127:1;2394:45612,4458:45600,34794:37512
95017350250368;3;2:7,3:3,7:1,13:1,19:1,31:1,43:1,79:1,151:1;8118:45546,12681:45303,24588:43116
95540434137792;3;2:6,3:3,7:1,37:1,43:1,103:1,157:1,307:1;4023:45705,7500:45648,27648:42060
95656577432913;3;3:3,7:1,31:1,67:1,103:3,223:1;17201:44908,23484:43569,26265:42642
95773976104625;4;5:3,7:1,13:1,43:1,307:1,571:1,1117:1;22020:43985,27866:42009,30918:40457,35660:36945
95882024517669;3;3:6,13:3,73:1,151:1,5431:1;3114:45765,7293:45708,13989:45330
96164790323625;3;3:6,5:3,19:1,37:1,1087:1,1381:1;3105:45810,17145:45000,19524:44601
96381665694216;3;2:3,3:6,7:1,19:1,31:3,43:1,97:1;1023:45849,8370:45756,32178:39804
96482137176000;3;2:6,3:5,5:3,43:1,73:1,97:1,163:1;27260:42400,27570:42270,32169:39831
96702645430125;3;3:9,5:3,7:3,19:1,37:1,163:1;405:45900,19413:44712,29421:41454
96832674312192;3;2:12,3:3,7:1,13:1,31:1,211:1,1471:1;12416:45616,27540:42348,28848:41760
96856385327793;3;3:9,7:3,13:1,31:1,97:1,367:1;9198:45801,22218:44121,26649:42714
96880452387264;3;2:6,3:6,7:2,13:1,41:1,43:3;11904:45660,18576:44892,32904:39420
97018161912000;3;2:6,3:3,5:3,7:3,19:1,41:3;5740:45920,16236:45264,25830:43050
97044320836701;3;3:6,7:1,37:4,73:1,139:1;333:45954,17908:45029,35853:37074
97206035623424;3;2:9,7:4,13:1,73:1,97:1,859:1;7224:45920,10872:45776,28728:41888
97236617122008;3;2:3,3:3,7:4,13:1,19:1,43:1,127:1,139:1;4599:45969,26502:42840,33684:38934
97386807359296;3;2:6,7:1,13:3,31:1,43:1,199:1,373:1;244:46008,26416:42900,32916:39520
97453811570752;3;2:6,7:1,13:4,19:1,31:1,67:1,193:1;5382:45994,21892:44304,27976:42276
97829752384000;3;2:9,5:3,7:1,13:1,19:3,31:1,79:1;2565:46075,14440:45600,19620:44860
97840472184000;3;2:6,3:6,5:3,7:1,13:1,19:1,31:1,313:1;10440:45900,22830:44130,32940:39600
97862295218688;3;2:9,3:3,7:1,11:3,13:1,211:1,277:1;9768:45936,31592:40480,35904:37224
98022647037952;3;2:15,7:3,13:1,17:1,19:1,31:1,67:1;15400:45528,23472:43984,32256:40096
98469828527616;3;2:9,3:3,7:1,13:3,31:1,67:1,223:1;17368:45344,23712:43992,26520:43056
98578983169000;3;2:3,5:3,31:1,67:3,97:1,109:1;20100:44890,22713:44287,34170:38860
99524302540992;3;2:6,3:3,7:1,19:1,43:1,47:3,97:1;1034:46342,8460:46248,32524:40232
99729508461336;3;2:3,3:3,13:1,61:1,97:1,127:1,151:1,313:1;108:46374,10925:46171,34004:39238
100330237215117;3;3:3,7:4,13:3,37:1,79:1,241:1;15498:45885,20748:45045,27846:42861
100355669453312;3;2:9,7:1,13:1,19:3,43:1,67:1,109:1;8496:46376,21356:44916,28880:42408
100545046875000;3;2:3,3:6,5:9,7:1,13:1,97:1;750:46500,9900:46350,14750:46000
100611068733000;3;2:3,3:3,5:3,7:3,19:1,83:3;5810:46480,16434:45816,26145:43575
100789207064000;3;2:6,5:3,7:1,13:1,31:1,43:1,283:1,367:1;4860:46520,25665:43775,34460:39120
100861976007000;3;2:3,3:3,5:3,13:1,19:1,43:1,547:1,643:1;11560:46310,22305:44775,34180:39350
100951746674688;3;2:24,3:3,7:1,13:1,31:1,79:1;2592:46560,14592:46080,28928:42496
101001090159424;4;2:6,7:1,13:1,19:3,61:1,181:1,229:1;8550:46474,14136:46132,20724:45160,25878:43738
101123870904000;3;2:6,3:3,5:3,7:1,37:1,43:1,127:1,331:1;7660:46520,9024:46476,13360:46220
101192720905647;3;3:8,7:4,31:1,43:1,61:1,79:1;20988:45135,27774:43047,32655:40488
101236564962351;3;3:3,7:1,13:1,89:3,211:1,277:1;9879:46458,31951:40940,36312:37647
101337704157375;3;3:6,5:3,7:4,31:1,67:1,223:1;17535:45780,23940:44415,26775:43470
101671467998464;3;2:8,7:3,13:1,19:1,31:1,37:1,61:1,67:1;9190:46554,20692:45276,28540:42804
102002330058048;3;2:6,3:6,7:1,31:1,73:1,79:1,1747:1;13368:46356,16920:45972,33498:40086
102577138877304;3;2:3,3:6,7:3,13:1,19:1,31:1,37:1,181:1;14238:46368,15726:46212,35784:38430
102636192125376;3;2:6,3:3,7:3,13:2,19:1,199:1,271:1;10122:46662,20355:45501,23548:44744
102734520399000;3;2:3,3:3,5:3,7:1,19:4,43:1,97:1;1045:46835,8550:46740,32870:40660
103059175616000;3;2:9,5:3,17:3,31:1,97:1,109:1;20400:45560,23052:44948,34680:39440
103117626154998;3;2:1,3:3,7:3,13:1,19:1,31:1,37:1,43:1,457:1;1281:46893,10885:46697,35063:39151
103678944421689;3;3:9,7:1,13:1,29:1,31:3,67:1;5508:46953,27756:43497,30690:42129
103751342978283;3;3:3,7:1,11:3,13:1,19:1,109:1,15319:1;4938:46971,10230:46827,23364:44979
104056761689055;3;3:2,5:1,7:1,19:3,31:1,37:1,199:1,211:1;9823:46892,13471:46664,32927:40888
104254341171848;3;2:3,7:4,19:1,31:3,43:1,223:1;3596:47058,10850:46872,36239:38409
104260729558104;3;2:3,3:3,7:1,31:1,53:3,67:1,223:1;17702:46216,24168:44838,27030:43884
104291603136000;3;2:9,3:6,5:3,7:6,19:1;5880:47040,16632:46368,26460:44100
104622178752000;3;2:9,3:2,5:3,7:1,13:1,31:3,67:1;1240:47120,9280:47000,12710:46810
104662524180123;3;3:3,7:3,13:1,17:3,19:1,67:1,139:1;2499:47124,18819:46104,28322:43435
104687519391000;3;2:3,3:9,5:3,7:1,13:1,211:1,277:1;9990:46980,32310:41400,36720:38070
104900340754664;3;2:3,7:1,13:1,43:1,79:1,163:1,433:1,601:1;396:47162,4538:47148,23204:45210
105127356187224;3;2:3,3:6,7:1,19:3,37:1,73:1,139:1;342:47196,18392:46246,36822:38076
105577650255168;3;2:6,3:6,7:1,13:1,67:1,211:1,1759:1;3286:47258,5940:47232,16776:46548
105637670598096;3;2:4,3:6,7:1,13:1,181:1,271:1,2029:1;3277:47267,22878:45414,30402:42642
105725855384000;3;2:6,5:3,31:1,61:1,97:1,109:1,661:1;7272:47228,13200:46940,21920:45660
106013038215168;3;2:18,3:6,7:1,19:1,43:1,97:1;1056:47328,8640:47232,33216:41088
106141760041408;3;2:6,7:3,13:1,19:1,73:1,229:1,1171:1;13952:46940,20924:45944,28508:43616
106237929226240;3;2:15,5:1,7:1,31:1,67:1,103:1,433:1;19728:46192,24096:45184,27724:43956
106340318295939;3;3:3,7:1,13:1,19:1,37:1,157:1,271:1,1447:1;9171:47262,15867:46776,32196:41787
106429378419000;3;2:3,3:2,5:3,7:3,13:1,37:1,229:1,313:1;700:47390,19460:46270,22652:45598
106699208104125;3;3:9,5:3,7:1,13:1,17:3,97:1;765:47430,10098:47277,15045:46920
106720297289216;3;2:9,13:1,19:1,31:1,37:1,67:1,79:1,139:1;14256:47000,30144:42968,33392:41112
106739518836736;3;2:12,31:1,43:3,97:1,109:1;6672:47392,20640:46096,35088:39904
106872501519000;3;2:3,3:6,5:3,7:1,19:1,31:3,37:1;5580:47430,24870:45060,37510:37820
106873074435456;3;2:7,3:3,7:6,31:1,61:1,139:1;10332:47292,15610:46886,27636:44100
106908133715136;3;2:6,3:6,13:1,19:1,37:1,157:1,1597:1;10188:47304,23922:45342,31678:42194
107131608777375;3;3:3,5:3,7:1,13:1,19:1,37:1,127:1,3907:1;3015:47490,31455:42360,32600:41695
107146530279936;3;2:9,3:3,7:4,37:1,43:1,2029:1;1200:47496,33404:41188,36057:39207
107213809876992;3;2:15,3:6,7:1,13:1,31:1,37:1,43:1;6976:47456,15552:46944,31230:42498
107239429965717;3;3:3,7:1,31:1,67:1,107:3,223:1;17869:46652,24396:45261,27285:44298
107464451927616;3;2:6,3:6,7:1,19:1,103:1,277:1,607:1;19056:46500,24552:45252,25488:44964
107673095367000;3;2:3,3:3,5:3,23:3,31:1,97:1,109:1;20700:46230,23391:45609,35190:40020
107859393427968;3;2:9,3:9,7:1,13:1,337:1,349:1;4904:47584,29160:43632,35856:39528
107892259156584;3;2:3,3:9,7:1,31:1,37:1,61:1,1399:1;6378:47568,23580:45594,37098:38448
107954278030872;3;2:3,3:3,7:1,13:1,19:1,31:4,313:1;10788:47430,23591:45601,34038:40920
108032875023528;3;2:3,3:3,7:1,13:1,17:3,19:1,97:1,607:1;6681:47583,23664:45594,37162:38420
108060820875000;3;2:3,3:3,5:6,7:3,17:3,19:1;5950:47600,16830:46920,26775:44625
108216020130309;3;3:3,7:4,13:4,211:1,277:1;10101:47502,32669:41860,37128:38493
108253189010304;3;2:7,3:6,13:1,79:3,181:1;4482:47646,22278:45978,31284:42660
108329995566000;3;2:4,3:3,5:3,13:1,19:1,31:1,37:1,73:1,97:1;7902:47598,28570:43970,37350:38310
108804254832000;3;2:7,3:3,5:3,7:1,13:1,19:1,31:1,37:1,127:1;13590:47370,25500:45180,33305:41575
108984595742568;3;2:3,3:9,7:1,13:1,19:1,31:1,37:1,349:1;8874:47664,14634:47304,34803:40581
109029698925875;3;5:3,7:1,13:1,19:1,31:1,43:1,337:1,1123:1;24296:45579,28220:44235,30339:43286
109044334728000;3;2:6,3:3,5:3,7:1,19:1,67:1,181:1,313:1;6995:47725,8660:47680,33870:41250
109136514175416;3;2:3,3:9,7:1,13:1,19:1,31:1,67:1,193:1;5589:47763,22734:46008,29052:43902
109186537162248;3;2:3,3:3,7:1,13:4,61:1,181:1,229:1;8775:47697,14508:47346,26559:44889
109360574936424;3;2:3,3:3,7:1,19:1,43:1,97:4;1067:47821,8730:47724,33562:41516
109517231573568;3;2:6,3:6,7:1,13:1,31:1,37:1,43:1,523:1;144:47844,10350:47682,34182:41130
109568696139000;3;2:3,3:3,5:3,7:1,19:1,31:1,73:1,97:1,139:1;7500:47790,13630:47480,21540:46350
109628461600875;3;3:3,5:3,7:4,19:1,31:1,103:1,223:1;2016:47859,7322:47803,35595:40110
109782614088000;3;2:6,3:3,5:3,7:2,31:1,313:1,1069:1;16980:47160,29844:43656,33450:41670
109919583720037;3;7:4,13:1,19:1,31:1,37:1,283:1,571:1;13902:47509,16765:47208,36610:39333
109961772927552;3;2:6,3:6,7:6,13:1,23:1,67:1;7632:47844,23646:45906,34020:41328
110150525026304;3;2:15,7:4,19:1,31:1,2377:1;672:47936,9534:47810,37280:38784
110258114016960;3;2:6,3:6,5:1,7:1,13:3,73:1,421:1;12837:47643,15808:47372,35352:40428
110274330616128;3;2:6,3:12,7:1,31:1,67:1,223:1;18036:47088,24624:45684,27540:44712
110302102788696;3;2:3,3:5,7:1,13:1,19:1,37:1,79:1,103:1,109:1;3963:47949,12966:47640,28092:44502
110491366648383;3;3:3,7:3,19:1,37:1,67:1,439:1,577:1;16752:47295,22719:46224,32951:42118
110714810798592;3;2:9,3:6,7:1,11:3,13:1,31:1,79:1;2673:48015,15048:47520,29832:43824
110885582040408;3;2:3,3:6,7:1,31:1,43:1,73:1,103:1,271:1;8550:47952,9558:47916,26952:45030
111312367350912;3;2:7,3:3,7:1,13:4,19:1,61:1,139:1;17589:47307,24044:46012,35958:40170
111362357301624;3;2:3,3:6,11:3,13:1,31:1,97:1,367:1;9636:47982,23276:46222,27918:44748
111424614916608;3;2:9,3:3,7:2,409:1,523:1,769:1;7304:48064,29916:43908,33003:42261
111799535591744;3;2:6,7:1,11:3,13:1,19:1,43:1,127:1,139:1;4818:48158,27764:44880,35288:40788
111822928805952;3;2:6,3:3,7:1,13:1,23:3,211:1,277:1;10212:48024,33028:42320,37536:38916
111919777704000;3;2:6,3:3,5:3,7:3,19:1,43:3;6020:48160,17028:47472,27090:45150
112422709000000;3;2:6,5:6,7:3,31:1,97:1,109:1;21000:46900,23730:46270,35700:40600
112777849509696;3;2:6,3:3,7:7,19:1,43:1,97:1;1078:48314,8820:48216,33908:41944
113099503608000;3;2:6,3:6,5:3,7:1,13:4,97:1;780:48360,10296:48204,15340:47840
113250167103528;3;2:3,3:3,7:4,13:1,19:3,31:1,79:1;15162:47880,20601:47103,30058:44156
113365956745251;3;3:3,7:1,31:1,67:1,109:3,223:1;18203:47524,24852:46107,27795:45126
113647208807223;3;3:9,7:1,13:3,37:1,73:1,139:1;351:48438,18876:47463,37791:39078
114220255371768;3;2:3,3:8,7:3,13:1,139:1,3511:1;4032:48510,20238:47316,29529:44559
114672426287104;3;2:18,7:4,19:1,43:1,223:1;3712:48576,11200:48384,37408:39648
114700019581125;3;3:3,5:3,11:3,109:1,433:1,541:1;5390:48565,11525:48370,25245:46200
114943102250697;3;3:3,7:3,19:1,31:1,43:1,523:1,937:1;10577:48454,20001:47466,33177:42804
114979883364864;3;2:9,3:2,7:4,433:1,24001:1;9104:48520,27104:45640,31535:43729
115356480495256;3;2:3,7:1,11:3,13:3,37:1,79:1,241:1;16236:48070,21736:47190,29172:44902
115509107043603;3;3:6,7:1,13:1,31:3,211:1,277:1;10323:48546,33387:42780,37944:39339
115823937168576;3;2:6,3:3,7:1,13:1,31:1,67:3,79:1;15276:48240,30284:44488,38475:38901
115869529377000;3;2:3,3:6,5:3,7:3,19:1,29:3;6090:48720,17226:48024,27405:45675
116260682402592;3;2:5,3:3,7:2,13:3,31:1,61:1,661:1;3930:48798,25314:46422,32955:43173
116265580881912;3;2:3,3:9,7:1,11:3,19:1,43:1,97:1;1089:48807,8910:48708,34254:42372
116514833589000;3;2:3,3:3,5:3,7:1,11:3,31:1,67:1,223:1;18370:47960,25080:46530,28050:45540
116600594843096;3;2:3,7:1,13:4,271:1,367:1,733:1;468:48854,18902:47892,33059:43173
117149065639424;3;2:9,7:1,13:1,73:1,79:1,127:1,3433:1;4224:48920,23810:46974,28832:45336
117209213879121;3;3:11,7:1,13:1,73:1,103:1,967:1;9585:48816,30438:44649,34452:42417
117309983093000;3;2:3,5:3,31:1,71:3,97:1,109:1;21300:47570,24069:46931,36210:41180
117526400736192;3;2:6,3:3,7:3,43:1,727:1,6343:1;12348:48720,17649:48207,32412:43704
117686672131392;3;2:6,3:3,7:2,13:1,37:1,61:1,127:1,373:1;7440:48948,16948:48320,24837:46779
117735764547375;3;3:6,5:3,13:1,31:1,67:1,109:1,439:1;5415:48990,10410:48855,30816:44559
117802700288000;3;2:12,5:3,7:1,13:1,61:1,181:1,229:1;9000:48920,14880:48560,27240:46040
117931541704704;3;2:12,3:3,7:1,13:1,19:1,37:1,79:1,211:1;21680:47584,22476:47412,25392:46656
118283855925816;3;2:3,3:3,7:3,37:3,43:1,733:1;3695:49081,18648:48174,32190:43956
118742096019456;3;2:18,3:3,7:1,13:1,19:1,31:1,313:1;11136:48960,24352:47072,35136:42240
118857444875000;3;2:3,5:6,13:1,31:1,37:1,43:1,1483:1;16455:48545,18350:48300,28350:45800
119068866189000;3;2:3,3:3,5:3,7:2,13:1,19:1,199:1,1831:1;5760:49170,8210:49120,35730:41880
119275416468936;3;2:3,3:3,7:1,13:1,47:3,211:1,277:1;10434:49068,33746:43240,38352:39762
119721486383289;3;3:6,7:1,31:1,37:3,67:1,223:1;18537:48396,25308:46953,28305:45954
119750759548875;3;3:6,5:3,7:1,13:1,53:3,97:1;795:49290,10494:49131,15635:48760
119824488000000;3;2:9,3:3,5:6,7:1,19:1,43:1,97:1;1100:49300,9000:49200,34600:42800
119911131648000;3;2:12,3:3,5:3,7:3,11:3,19:1;6160:49280,17424:48576,27720:46200
120600933327000;3;2:3,3:2,5:3,7:1,97:1,157:1,337:1,373:1;23110:47660,25814:46936,37780:40550
120650598641664;3;2:12,3:3,7:3,13:1,19:1,79:1,163:1;5376:49392,24816:47232,32312:44296
120846867128000;3;2:6,5:3,13:1,37:1,67:1,73:1,6421:1;140:49440,27618:46382,30870:45050
121087873880064;3;2:12,3:3,7:1,13:1,17:3,31:1,79:1;2754:49470,15504:48960,30736:45152
121366685160000;3;2:6,3:2,5:4,7:1,31:1,37:1,199:1,211:1;10340:49360,14180:49120,34660:43040
121366767311433;3;3:8,7:1,37:1,43:1,61:1,73:1,373:1;13785:49152,25902:47025,26214:46929
121633773051392;3;2:9,7:4,31:1,43:1,199:1,373:1;20024:48432,28448:46200,35448:42560
121717459695104;3;2:9,7:4,13:1,19:1,31:1,67:1,193:1;5796:49532,23576:47712,30128:45528
122026235968000;3;2:9,5:3,7:1,13:1,19:1,67:1,109:1,151:1;1320:49600,8730:49510,37200:41320
122336884224000;3;2:12,3:6,5:3,31:1,97:1,109:1;21600:48240,24408:47592,36720:41760
122484055343104;3;2:18,7:1,13:1,43:1,97:1,1231:1;3592:49656,32608:44448,38400:40384
122615373888000;3;2:9,3:6,5:3,7:1,37:1,73:1,139:1;360:49680,19360:48680,38760:40080
122986440364032;3;2:12,3:3,7:4,31:1,67:1,223:1;18704:48832,25536:47376,28560:46368
123122718707625;3;3:3,5:3,7:1,13:1,19:3,211:1,277:1;10545:49590,34105:43700,38760:40185
123174973318761;3;3:3,7:2,13:4,41:1,43:3;12896:49465,20124:48633,35646:42705
123455289810888;3;2:3,3:3,7:1,19:1,43:1,97:1,101:3;1111:49793,9090:49692,34946:43228
123518847074168;3;2:3,7:4,13:1,19:1,67:1,73:1,5323:1;19726:48748,27790:46732,33607:44065
124045640271000;3;2:3,3:3,5:3,7:3,19:1,89:3;6230:49840,17622:49128,28035:46725
124206586902099;3;3:3,13:1,19:1,43:1,139:1,1669:1,1867:1;3907:49886,15723:49368,25146:47667
124240146757272;3;2:3,3:9,7:3,13:1,19:1,67:1,139:1;2646:49896,19926:48816,29988:45990
124594869275136;3;2:9,3:6,13:1,31:1,37:1,61:1,367:1;7200:49896,10472:49792,39144:40128
125187171890625;3;3:6,5:6,13:1,37:1,73:1,313:1;21825:48600,25380:47745,36550:42425
125249999749875;3;3:3,5:3,7:3,11:3,13:3,37:1;6600:49995,9995:49900,38610:40755
125297875897047;3;3:3,7:4,19:1,29:3,43:1,97:1;9135:49938,25416:47751,35119:43442
125742497896197;3;3:6,7:3,13:1,19:1,97:1,139:1,151:1;8640:50013,32325:45138,38430:41013
125762420150136;3;2:3,3:3,7:4,11:3,19:1,43:1,223:1;3828:50094,11550:49896,38577:40887
125763353352000;3;2:6,3:6,5:3,7:2,13:1,97:1,349:1;2280:50100,13400:49780,32945:44815
126310220767143;3;3:3,7:1,31:1,67:1,113:3,223:1;18871:49268,25764:47799,28815:46782
126657802089000;3;2:3,3:15,5:3,7:1,13:1,97:1;810:50220,10692:50058,15930:49680
126781784064000;3;2:18,3:3,5:3,13:1,73:1,151:1;11400:50040,21120:48960,23552:48448
126855409078125;3;3:3,5:6,7:1,13:1,79:1,151:1,277:1;25045:48080,31125:45900,36525:42750
126860623539832;3;2:3,7:1,13:1,41:3,61:1,181:1,229:1;9225:50143,15252:49774,27921:47191
127051875385344;3;2:15,3:6,7:1,13:1,211:1,277:1;10656:50112,34464:44160,39168:40608
127158705261504;3;2:6,3:6,7:1,17:3,19:1,43:1,97:1;1122:50286,9180:50184,35292:43656
127248854365971;3;3:6,13:1,23:3,31:1,97:1,367:1;10074:50163,24334:48323,29187:46782
127485845703125;3;5:9,7:2,13:1,43:1,2383:1;20750:49125,33120:45005,37500:42125
127505378971000;3;2:3,5:3,31:1,73:3,97:1,109:1;21900:48910,24747:48253,37230:42340
127748398717576;3;2:3,7:1,13:1,19:1,23:3,43:1,127:1,139:1;5037:50347,29026:46920,36892:42642
127792802601000;3;2:3,3:9,5:3,19:1,31:1,73:1,151:1;11385:50175,15760:49850,34695:44145
128030091807833;3;17:3,31:1,43:3,97:1,109:1;7089:50354,21930:48977,37281:42398
128240937744192;3;2:6,3:9,7:1,13:1,19:1,97:1,607:1;7074:50382,25056:48276,39348:40680
128274111000000;3;2:6,3:9,5:6,7:3,19:1;6300:50400,17820:49680,28350:47250
128350423139904;3;2:6,3:6,7:1,19:1,67:1,139:1,2221:1;15140:49984,38448:41508,39609:40455
128802930617816;3;2:3,7:1,13:1,19:3,31:1,37:1,43:1,523:1;152:50502,10925:50331,36081:43415
129279777629184;3;2:10,3:3,7:1,13:1,37:1,97:1,103:1,139:1;19720:49544,26478:48018,38020:42044
129655303799112;3;2:3,3:9,7:1,13:1,19:1,37:1,61:1,211:1;8433:50535,31986:45936,36450:43308
129693352828536;3;2:3,3:6,7:1,19:3,31:1,67:1,223:1;19038:49704,25992:48222,29070:47196
130225668476904;3;2:3,3:6,7:1,11:3,13:1,19:1,31:1,313:1;11484:50490,25113:48543,36234:43560
130739614379136;3;2:7,3:3,7:1,19:1,31:1,37:1,43:1,73:1,79:1;3564:50748,27396:47940,32658:45774
130765431946968;3;2:3,3:5,7:7,13:1,61:1,103:1;1155:50757,19376:49798,37632:42630
130903481109375;3;3:5,5:6,13:1,37:1,229:1,313:1;750:50775,20850:49575,24270:48855
130928317559360;3;2:6,5:1,37:1,919:1,3061:1,3931:1;10596:50624,24794:48726,32984:45636
130935453298776;3;2:3,3:3,7:1,19:1,43:1,97:1,103:3;1133:50779,9270:50676,35638:44084
131063748127767;3;3:3,7:1,13:1,97:3,211:1,277:1;10767:50634,34823:44620,39576:41031
131266150825472;3;2:9,13:1,19:1,31:1,73:1,523:1,877:1;3576:50816,27366:48026,34872:44624
131449207806000;3;2:4,3:6,5:3,7:3,31:1,61:1,139:1;11070:50670,16725:50235,29610:47250
131666284818432;3;2:12,3:2,7:1,13:1,19:1,31:1,37:1,1801:1;4192:50864,7550:50818,30424:46952
131711061423032;3;2:3,7:3,13:1,19:1,31:1,73:1,79:1,1087:1;1257:50879,6671:50841,39620:41118
131812762789799;3;7:1,13:3,23:3,37:1,79:1,241:1;16974:50255,22724:49335,30498:46943
132043346620857;3;3:6,7:1,37:1,41:3,73:1,139:1;369:50922,19844:49897,39729:41082
132048067493888;3;2:19,7:1,13:1,19:1,31:1,37:1,127:1;6456:50888,14496:50528,27200:48192
132089420736000;3;2:9,3:3,5:3,7:4,13:1,31:1,79:1;2835:50925,15960:50400,31640:46480
132518486691136;3;2:6,7:3,13:4,97:1,2179:1;10164:50848,15028:50544,27573:48139
132577157833064;3;2:3,7:1,31:1,43:1,73:1,157:1,241:1,643:1;3021:50987,8867:50901,27504:48170
132597599589000;3;2:3,3:3,5:3,7:6,13:3,19:1;6370:50960,18018:50232,28665:47775
132651091125000;3;2:3,3:3,5:6,7:3,19:1,37:1,163:1;450:51000,21570:49680,32690:46060
132817433912000;3;2:6,5:3,31:1,37:3,97:1,109:1;22200:49580,25086:48914,37740:42920
133136361784125;3;3:3,5:3,7:1,23:3,31:1,67:1,223:1;19205:50140,26220:48645,29325:47610
133285513608000;3;2:6,3:6,5:3,13:1,19:1,67:1,1381:1;2922:51078,3645:51075,12340:50840
133410887980363;3;7:1,19:3,43:1,61:1,67:1,97:1,163:1;3648:51091,28492:47955,33478:45771
133825457390625;3;3:6,5:6,7:1,11:3,13:1,97:1;825:51150,10890:50985,16225:50600
133850009710592;3;2:12,7:1,17:3,37:1,61:1,421:1;19431:50201,20400:50048,32048:46560
134029016718912;3;2:6,3:6,7:3,31:1,43:1,61:1,103:1;10458:51030,17604:50472,30660:47208
134775637057152;3;2:7,3:11,7:3,13:1,31:1,43:1;22869:49707,27252:48564,35586:44766
134786252869632;3;2:12,3:3,7:1,13:3,19:1,43:1,97:1;1144:51272,9360:51168,35984:44512
135031022570808;3;2:3,3:6,7:1,13:1,31:1,43:1,163:1,1171:1;20196:50238,22080:49902,32884:46334
135159198560568;3;2:3,3:3,7:7,13:1,211:1,277:1;10878:51156,35182:45080,39984:41454
135179189660160;3;2:9,3:3,5:1,19:1,43:1,79:1,157:1,193:1;5216:51304,10756:51164,19048:50432
135229916385928;3;2:3,7:1,13:1,19:1,29:3,31:1,67:1,193:1;6003:51301,24418:49416,31204:47154
136325583204544;3;2:6,19:1,61:1,73:1,97:1,277:1,937:1;8581:51387,16716:50872,36364:44520
136371350920896;3;2:6,3:3,7:4,13:1,61:1,181:1,229:1;9450:51366,15624:50988,28602:48342
136631597734359;3;3:3,7:1,13:3,19:1,103:1,277:1,607:1;20644:50375,26598:49023,27612:48711
136639772869824;3;2:6,3:3,7:1,29:3,31:1,67:1,223:1;19372:50576,26448:49068,29580:48024
136666845499392;3;2:12,3:3,13:3,43:1,103:1,127:1;7880:51448,32448:46800,35152:45344
136860291876672;3;2:6,3:3,7:1,13:3,43:1,229:1,523:1;32096:46996,35074:45422,38688:42900
137010326596416;3;2:6,3:5,7:1,13:1,19:1,73:1,223:1,313:1;4656:51540,22088:50164,31656:47220
137017161792000;3;2:9,3:3,5:3,7:3,19:1,23:3;6440:51520,18216:50784,28980:48300
137226732552000;3;2:6,3:6,5:3,7:1,13:1,19:1,31:1,439:1;14310:51210,29695:48065,31860:47160
137513849003496;3;2:3,3:3,7:4,19:1,23:3,31:1,37:1;22944:50058,36547:44597,36984:44298
137545319909312;3;2:6,7:4,17:3,19:1,43:1,223:1;3944:51612,11900:51408,39746:42126
137888087761125;3;3:5,5:3,13:1,37:1,43:1,139:1,1579:1;4645:51650,20490:50565,36885:44430
138275015625000;3;2:3,3:3,5:9,31:1,97:1,109:1;22500:50250,25425:49575,38250:43500
138404687440383;3;3:6,7:4,13:1,73:1,97:1,859:1;8127:51660,12231:51498,32319:47124
138630213831375;3;3:6,5:3,7:6,67:1,193:1;7840:51695,9135:51660,36775:44630
138711822921000;3;2:3,3:6,5:3,7:4,19:1,43:1,97:1;1155:51765,9450:51660,36330:44940
138961163538568;3;2:3,7:3,17:3,37:1,61:1,4567:1;6307:51765,17682:51100,27744:48994
139194153582120;3;2:3,3:9,5:1,7:3,13:1,31:1,1279:1;6804:51786,14138:51472,23562:50148
139252119918912;3;2:6,3:2,7:1,11:3,13:1,31:3,67:1;1364:51832,10208:51700,13981:51491
139252160180224;3;2:12,7:1,13:1,31:1,139:1,277:1,313:1;5808:51808,17824:51120,33412:46716
139339088309421;3;3:9,7:1,11:3,13:1,211:1,277:1;10989:51678,35541:45540,40392:41877
139567401739584;3;2:6,3:6,7:3,13:1,17:1,19:1,31:1,67:1;17325:51219,26406:49482,36288:45108
139604527149120;3;2:6,3:3,5:1,11:3,31:1,79:1,4957:1;264:51876,32772:47088,37686:44154
139625018315064;3;2:3,3:3,73:1,103:1,127:1,151:1,4483:1;14652:51486,30318:48168,34504:46190
140204111321547;3;3:9,7:1,13:3,31:1,67:1,223:1;19539:51012,26676:49491,29835:48438
140497108908345;3;3:5,5:1,7:4,31:1,37:1,199:1,211:1;10857:51828,14889:51576,36393:45192
140690526697000;3;2:3,5:3,7:1,19:1,31:1,61:1,73:1,79:1,97:1;3475:52005,19770:51040,35130:46000
141258551616000;3;2:9,3:6,5:3,7:4,13:1,97:1;840:52080,11088:51912,16520:51520
141478841806848;3;2:12,3:2,7:1,13:1,103:1,241:1,1699:1;12400:51872,30908:48196,35872:45680
141533853363000;3;2:3,3:6,5:3,7:3,19:1,31:3;6510:52080,18414:51336,29295:48825
141789931370416;3;2:4,7:4,19:1,73:1,151:1,17623:1;5103:52129,19234:51258,33054:47278
141942622197096;3;2:3,3:9,7:4,37:1,73:1,139:1;378:52164,20328:51114,40698:42084
142220774241000;3;2:3,3:3,5:3,7:1,13:1,29:1,31:3,67:1;6120:52170,30840:48330,34100:46810
142247299521789;3;3:6,7:1,11:3,19:1,31:3,37:1;6138:52173,27357:49566,41261:41602
142426737730368;3;2:6,3:3,7:1,13:1,17:3,19:1,31:1,313:1;11832:52020,25874:50014,37332:44880
142712882399808;3;2:6,3:3,7:1,19:1,43:1,53:3,97:1;1166:52258,9540:52152,36676:45368
142824079524672;3;2:6,3:3,7:1,13:1,19:1,43:1,73:1,97:1,157:1;5541:52251,31632:48084,33074:47422
143046205568000;3;2:10,5:3,7:1,31:1,37:1,181:1,769:1;9320:52200,23288:50712,39740:43140
143469627634125;3;3:3,5:3,13:1,19:1,37:1,79:1,97:1,607:1;1485:52350,4405:52340,39610:43325
143604279000000;3;2:6,3:3,5:6,7:1,13:1,211:1,277:1;11100:52200,35900:46000,40800:42300
143737936183296;3;2:15,3:9,7:1,13:1,31:1,79:1;2916:52380,16416:51840,32544:47808
143829902375208;3;2:3,3:3,7:1,31:1,59:3,67:1,223:1;19706:51448,26904:49914,30090:48852
143880090688000;3;2:9,5:3,19:3,31:1,97:1,109:1;22800:50920,25764:50236,38760:44080
144114202021888;3;2:12,7:2,19:1,37:1,271:1,3769:1;7936:52368,28303:49521,37008:45376
144278738750088;3;2:3,3:3,19:1,37:1,43:1,241:1,277:1,331:1;9138:52356,22440:51042,37042:45380
144328863261375;3;3:3,5:3,13:2,19:1,31:1,43:1,97:1,103:1;14340:52095,29415:49170,38840:44095
144578627661312;3;2:9,3:9,13:1,31:1,97:1,367:1;10512:52344,25392:50424,30456:48816
145146203983872;3;2:12,3:3,7:1,13:1,19:1,43:1,127:1,139:1;5256:52536,30288:48960,38496:44496
145361014127784;3;2:3,3:3,7:1,13:1,19:1,31:1,109:1,127:1,907:1;15585:52119,19008:51738,38616:44442
145631330108992;3;2:6,7:4,13:1,271:1,367:1,733:1;504:52612,20356:51576,35602:46494
145697644729000;3;2:3,5:3,7:2,13:2,19:1,277:1,3343:1;10:52620,17256:51994,37530:45280
145835934561009;3;3:3,7:1,11:3,19:1,31:1,73:1,97:1,139:1;8250:52569,14993:52228,23694:50985
146118512792889;3;3:3,7:3,13:1,19:4,67:1,139:1;2793:52668,21033:51528,31654:48545
146148730056000;3;2:6,3:3,5:3,7:3,19:1,47:3;6580:52640,18612:51888,29610:49350
146345926434344;3;2:3,7:1,13:1,43:3,61:1,181:1,229:1;9675:52589,15996:52202,29283:49493
146407441956048;3;2:4,3:9,7:1,13:3,19:1,37:1,43:1;7722:52650,25218:50706,34329:47319
146611219599936;3;2:6,3:3,7:1,13:1,19:1,67:1,73:1,79:1,127:1;5988:52704,30720:48996,37638:45354
146790150252984;3;2:3,3:3,7:1,19:1,43:1,97:1,107:3;1177:52751,9630:52644,37022:45796
147000680169408;3;2:6,3:6,13:1,43:1,151:1,163:1,229:1;12702:52530,18684:51984,25596:50688
147267889894125;3;3:3,5:3,7:1,11:3,13:1,19:1,67:1,283:1;7130:52765,13310:52525,27060:50325
147517671266721;3;3:3,7:4,17:3,31:1,67:1,223:1;19873:51884,27132:50337,30345:49266
147685299272000;3;2:6,5:3,7:1,19:3,31:1,79:1,157:1;6840:52820,28592:49908,35720:46740
147767740370432;3;2:9,7:1,13:1,31:1,79:1,109:3;2943:52865,4656:52856,16568:52320
147901614942016;3;2:6,13:4,19:1,43:1,97:1,1021:1;208:52884,12948:52624,27240:50356
147955632257979;3;3:3,7:1,13:1,101:3,211:1,277:1;11211:52722,36259:46460,41208:42723
148098162814147;3;7:3,13:1,19:1,37:1,97:1,571:1,853:1;11235:52738,24955:50988,36259:46482
148396962812679;3;3:3,7:1,31:1,37:1,73:1,97:1,277:1,349:1;7776:52887,24159:51210,26711:50572
148532092456384;3;2:6,7:1,13:1,19:1,43:1,211:1,337:1,439:1;5020:52944,17818:52278,24316:51192
148961910927375;3;3:9,5:3,7:1,13:1,19:3,97:1;855:53010,11286:52839,16815:52440
149498759592000;3;2:6,3:3,5:3,7:1,13:1,19:1,31:1,37:1,349:1;9860:52960,16260:52560,38670:45090
149634625679000;3;2:3,5:3,7:3,11:3,31:1,97:1,109:1;23100:51590,26103:50897,39270:44660
149707152504000;3;2:6,3:3,5:3,7:1,13:1,19:1,31:1,67:1,193:1;6210:53070,25260:51120,32280:48780
149764085872128;3;2:9,3:3,7:1,13:3,37:1,79:1,241:1;17712:52440,23712:51480,31824:48984
150042122713000;3;2:3,5:3,7:7,19:1,43:1,223:1;4060:53130,12250:52920,40915:43365
150127819365888;3;2:9,3:3,7:1,13:1,19:1,43:3,79:1;516:53148,6793:53111,33024:48504
150229398592000;3;2:9,5:3,7:1,13:1,31:1,37:1,43:1,523:1;160:53160,11500:52980,37980:45700
150407408966464;3;2:6,13:1,31:1,67:1,313:1,487:1,571:1;2565:53179,7252:53136,38580:45304
150709457135601;3;3:5,7:6,13:1,31:1,103:1,127:1;2793:53214,5201:53200,40593:43764
150823832645304;3;2:3,3:3,7:1,13:1,19:4,97:1,607:1;7467:53181,26448:50958,41534:42940
150862847625000;3;2:3,3:3,5:6,7:3,19:4;6650:53200,18810:52440,29925:49875
150887563529976;3;2:3,3:6,7:3,13:4,19:1,139:1;17451:52605,30654:49608,33982:48152
150944345427456;3;2:9,3:12,7:1,19:1,43:1,97:1;1188:53244,9720:53136,37368:46224
151267943232000;3;2:9,3:6,5:3,7:1,31:1,67:1,223:1;20040:52320,27360:50760,30600:49680
151430608195776;3;2:6,3:3,7:3,13:1,19:1,31:1,61:1,547:1;13608:53004,26301:51075,33537:48447
151569178331688;3;2:3,3:6,13:1,19:1,67:1,79:1,103:1,193:1;9495:53217,15900:52842,31818:49236
151951360788747;3;3:6,13:1,19:1,31:1,37:1,67:1,79:1,139:1;16038:52875,33912:48339,37566:46251
151978728968712;3;2:3,3:6,31:1,43:3,97:1,109:1;7506:53316,23220:51858,39474:44892
152324695808019;3;3:6,7:1,37:1,43:3,73:1,139:1;387:53406,20812:52331,41667:43086
152394009709032;3;2:3,3:6,7:1,13:1,17:3,211:1,277:1;11322:53244,36618:46920,41616:43146
153573237908181;3;3:15,7:1,13:1,337:1,349:1;5517:53532,32805:49086,40338:44469
153594809294472;3;2:3,3:6,7:1,13:1,19:1,61:1,67:1,3727:1;13842:53244,15636:53106,21132:52434
153842570226072;3;2:3,3:3,7:5,13:1,41:1,43:3;13888:53270,21672:52374,38388:45990
153924853036032;3;2:10,3:3,13:1,19:1,31:1,37:1,43:1,457:1;1464:53592,12440:53368,40072:44744
154247632442631;3;3:5,7:1,13:1,19:1,67:1,79:1,139:1,499:1;29847:50352,35159:48028,36618:47199
155081243506959;3;3:3,7:1,11:6,31:1,67:1,223:1;20207:52756,27588:51183,30855:50094
155176186870152;3;2:3,3:3,7:1,19:1,43:1,97:1,109:3;1199:53737,9810:53628,37714:46652
155367046107000;3;2:3,3:3,5:3,7:4,13:1,19:1,31:1,313:1;12180:53550,26635:51485,38430:46200
155486891648277;3;3:6,7:2,61:3,127:1,151:1;13077:53514,16470:53253,30378:50325
155540587176000;3;2:6,3:3,5:3,13:3,31:1,97:1,109:1;23400:52260,26442:51558,39780:45240
155677261824000;3;2:18,3:6,5:3,7:3,19:1;6720:53760,19008:52992,30240:50400
156051905038848;3;2:9,3:3,7:1,13:1,31:1,37:3,79:1;2997:53835,16872:53280,33448:49136
156693536181000;3;2:3,3:5,5:3,7:4,13:1,73:1,283:1;9177:53823,20860:52850,40800:44610
156795394083328;3;2:9,7:1,11:3,13:1,61:1,181:1,229:1;9900:53812,16368:53416,29964:50644
156920272978833;3;3:3,7:1,13:1,103:3,211:1,277:1;11433:53766,36977:47380,42024:43569
156940361487000;3;2:3,3:6,5:3,7:1,13:1,29:3,97:1;870:53940,11484:53766,17110:53360
157718761932375;3;3:3,5:3,7:1,19:3,67:1,73:1,199:1;8455:53960,20310:53055,21807:52818
157853898611864;3;2:3,7:3,13:1,31:1,109:1,373:1,3511:1;14168:53718,30854:50460,38585:46479
158480660897559;3;3:3,7:2,11:3,13:1,19:1,199:1,1831:1;6336:54087,9031:54032,39303:46068
158557344900409;3;7:3,13:1,19:1,37:1,43:1,67:1,97:1,181:1;8017:54066,9961:54012,37744:47145
158868343296000;3;2:12,3:2,5:3,13:1,37:1,229:1,313:1;800:54160,22240:52880,25888:52112
158958097327512;3;2:3,3:3,7:1,31:1,61:3,67:1,223:1;20374:53192,27816:51606,31110:50508
159000842294784;3;2:9,3:6,7:1,19:1,31:1,277:1,373:1;8388:54108,11670:53994,29472:51096
159231024820224;3;2:12,3:3,7:1,19:1,61:1,103:1,1723:1;27324:51780,32880:49824,42303:43713
159380205560856;4;2:3,3:6,7:2,19:3,31:1,43:1,61:1;4617:54207,8436:54150,31686:50340,34499:49093
159486393528000;3;2:6,3:3,5:3,7:1,11:3,19:1,43:1,97:1;1210:54230,9900:54120,38060:47080
159530653384704;3;2:16,3:3,7:3,31:1,61:1,139:1;11808:54048,17840:53584,31584:50400
159573433880952;3;2:3,3:9,7:2,13:1,19:1,31:1,37:1,73:1;21870:53028,22989:52827,31644:50382
160593028407000;3;2:3,3:3,5:3,7:3,19:1,97:3;6790:54320,19206:53544,30555:50925
160780814649000;3;2:3,3:5,5:3,7:1,13:1,73:1,103:1,967:1;10650:54240,33820:49610,38280:47130
160966533637000;3;2:3,5:3,7:1,13:1,19:1,31:1,43:1,211:1,331:1;11170:54240,22096:53154,32556:50194
161395889001984;3;2:9,3:3,7:1,13:1,31:1,43:1,109:1,883:1;11787:54261,29808:51288,36396:48372
161535283693056;3;2:9,3:3,7:1,13:4,211:1,277:1;11544:54288,37336:47840,42432:43992
161539057947960;3;2:3,3:2,5:1,7:1,11:3,31:1,37:1,199:1,211:1;11374:54296,15598:54032,38126:47344
161599941757000;3;2:3,5:3,31:1,79:3,97:1,109:1;23700:52930,26781:52219,40290:45820
161674370178048;3;2:10,3:3,7:1,13:1,19:1,31:1,79:1,1381:1;3560:54472,6222:54450,18264:53784
161786628993024;3;2:12,3:3,7:1,31:1,109:1,127:1,487:1;8360:54424,16112:54016,39783:46233
161930945229625;3;5:3,11:3,13:1,19:1,31:1,79:1,1609:1;1980:54505,32010:50545,42850:43665
161975922268104;3;2:3,3:3,7:4,31:1,73:1,79:1,1747:1;15596:54082,19740:53634,39081:46767
162416920073408;3;2:6,7:1,11:3,13:1,19:1,67:1,109:1,151:1;1452:54560,9603:54461,40920:45452
162741123784512;3;2:6,3:9,7:1,13:1,19:1,74719:1;2862:54594,28008:52020,30390:51258
162888697383867;3;3:3,7:6,13:1,19:1,31:1,37:1,181:1;16611:54096,18347:53914,41748:44835
162899029929573;3;3:6,7:1,31:1,41:3,67:1,223:1;20541:53628,28044:52029,31365:50922
162933694165125;3;3:3,5:3,13:1,53:1,79:2,103:1,109:1;5021:54604,30720:51165,42330:44325
163201062644928;3;2:6,3:6,7:1,11:3,37:1,73:1,139:1;396:54648,21296:53548,42636:44088
163273825709568;3;2:9,3:6,7:4,19:1,43:1,223:1;4176:54648,12600:54432,42084:44604
163366060527936;3;2:6,3:3,7:4,31:1,43:1,109:1,271:1;3129:54663,22484:53368,40496:45940
163414428328125;3;3:6,5:6,13:1,31:1,97:1,367:1;10950:54525,26450:52525,31725:50850
163643651136000;3;2:9,3:3,5:3,7:1,19:1,31:1,103:1,223:1;2304:54696,8368:54632,40680:45840
163875684347928;3;2:3,3:6,7:1,19:1,37:3,43:1,97:1;1221:54723,9990:54612,38406:47508
163894402893312;3;2:9,3:2,7:1,13:1,37:1,109:1,199:1,487:1;7408:54680,19340:53908,30424:51392
163901035136384;3;2:7,7:4,13:1,19:1,79:1,151:1,181:1;602:54726,16569:54215,21738:53558
164055948875000;3;2:3,5:6,7:1,13:1,19:1,43:1,127:1,139:1;5475:54725,31550:51000,40100:46350
164078212433408;3;2:9,7:1,13:1,19:1,31:1,37:1,283:1,571:1;15888:54296,19160:53952,41840:44952
165063794208768;3;2:12,3:3,7:1,13:3,37:1,43:1,61:1;14768:54496,15444:54444,30456:51528
165075558306813;3;3:3,7:5,11:3,337:1,811:1;24717:53130,27973:52316,33544:50309
165182436305432;3;2:3,7:1,13:1,19:1,31:4,67:1,193:1;6417:54839,26102:52824,33356:50406
165198729457125;3;3:6,5:3,7:1,13:1,59:3,97:1;885:54870,11682:54693,17405:54280
165564212274496;3;2:6,7:1,19:1,61:3,67:1,1279:1;10614:54778,20191:53985,30165:51691
165611203128000;3;2:6,3:3,5:3,7:9,19:1;6860:54880,19404:54096,30870:51450
166239903477375;3;3:6,5:3,7:4,13:1,211:1,277:1;11655:54810,37695:48300,42840:44415
166338705268008;3;2:3,3:6,7:1,13:1,373:1,823:1,1021:1;138:54996,28149:52419,43002:44280
166640332981824;3;2:6,3:5,13:1,139:1,181:3;3620:55024,27399:52665,34752:49956
166894410640347;3;3:3,13:4,43:2,67:1,1747:1;13338:54795,17667:54444,36720:48963
166904566549056;3;2:6,3:3,7:1,31:4,67:1,223:1;20708:54064,28272:52452,31620:51336
167716109347416;3;2:3,3:3,7:2,19:1,67:1,97:1,181:1,709:1;18294:54468,25533:53259,36182:49372
167730797871000;3;2:3,3:6,5:3,7:1,13:1,61:1,181:1,229:1;10125:55035,16740:54630,30645:51795
167814656000000;3;2:15,5:6,31:1,97:1,109:1;24000:53600,27120:52880,40800:46400
168344778276864;3;2:15,3:3,7:4,19:1,43:1,97:1;1232:55216,10080:55104,38752:47936
168786735201000;3;2:3,3:3,5:3,7:3,19:1,67:1,103:1,139:1;3450:55260,38115:48405,41930:45640
168844636973376;3;2:6,3:3,7:4,13:1,19:1,37:1,61:1,73:1;11508:55104,19082:54502,37876:48560
169049812119552;4;2:12,3:3,7:1,13:1,19:3,31:1,79:1;3078:55290,17328:54720,23544:53832,34352:50464
169068335933952;3;2:9,3:9,7:1,13:1,19:1,31:1,313:1;12528:55080,27396:52956,39528:47520
169119594828288;3;2:9,3:6,13:1,19:1,37:1,43:1,1153:1;3528:55296,32200:51392,41517:46035
169275451515625;3;5:6,7:1,13:3,37:1,79:1,241:1;18450:54625,24700:53625,33150:51025
170038547175744;3;2:6,3:3,13:1,19:3,31:1,97:1,367:1;5142:55386,11096:55252,32148:51528
170289763653312;3;2:6,3:6,19:1,577:3;6924:55392,19226:54646,31158:51930
170425441368000;3;2:6,3:3,5:3,7:3,13:1,19:1,67:1,139:1;2940:55440,22140:54240,33320:51100
170564336680248;3;2:3,3:9,7:1,19:1,37:1,43:1,5119:1;7278:55416,36126:49788,36711:49473
170649569496168;3;2:3,3:3,7:4,19:1,103:1,277:1,607:1;22232:54250,28644:52794,29736:52458
170732841741000;3;2:3,3:9,5:3,7:3,11:3,19:1;6930:55440,19602:54648,31185:51975
170796910265856;3;2:9,3:3,7:1,19:1,37:1,73:1,163:1,211:1;9432:55392,29648:52504,32686:51410
170826733389312;3;2:9,3:6,7:4,11:1,13:1,31:1,43:1;17136:54936,18912:54744,35284:50252
170975232421875;3;3:3,5:9,7:1,31:1,67:1,223:1;20875:54500,28500:52875,31875:51750
171034993957464;3;2:3,3:3,7:1,13:1,53:3,211:1,277:1;11766:55332,38054:48760,43248:44838
171328911531057;3;3:6,7:4,31:1,37:1,61:1,1399:1;7441:55496,27510:53193,43281:44856
171785715644088;3;2:3,3:9,7:3,13:1,19:1,79:1,163:1;6048:55566,27918:53136,36351:49833
171902054770992;3;2:4,3:3,7:3,13:1,79:3,181:1;5229:55587,25991:53641,36498:49770
172094397417000;3;2:3,3:3,5:3,673:1,757:1,12511:1;4960:55610,12730:55400,27465:53295
172558620392256;3;2:6,3:8,7:1,19:1,37:3,61:1;3624:55668,8325:55611,21312:54612
172894394261736;3;2:3,3:3,7:1,19:1,43:1,97:1,113:3;1243:55709,10170:55596,39098:48364
173015512802496;3;2:6,3:6,7:4,13:3,19:1,37:1;6552:55692,25128:53964,44044:44408
173185587020439;3;3:6,7:4,31:1,43:1,199:1,373:1;22527:54486,32004:51975,39879:47880
173293630212096;3;2:11,3:3,19:1,31:1,877:1,6067:1;792:55752,32328:51864,39194:48358
173615273438607;3;3:3,7:1,11:3,13:1,19:2,199:1,739:1;18007:55154,31718:52135,34287:51084
173699742645576;3;2:3,3:3,7:1,17:3,31:1,571:1,1321:1;2448:55794,42482:45952,43401:45135
173720424647952;3;2:4,3:6,7:1,13:1,547:3;3282:55794,24615:54153,42586:45866
173741841000000;3;2:6,3:9,5:6,7:1,13:1,97:1;900:55800,11880:55620,17700:55200
173909307545064;3;2:3,3:3,7:4,13:1,31:1,37:1,43:1,523:1;168:55818,12075:55629,39879:47985
174001869027224;3;2:3,7:2,19:1,37:3,61:1,7561:1;4671:55817,13320:55574,34928:50838
174026951361081;3;3:9,7:1,13:1,31:1,79:1,97:1,409:1;1761:55830,22761:54540,30609:52578
174163749806592;3;2:9,3:3,7:1,13:1,31:1,43:1,283:1,367:1;5832:55824,30798:52530,41352:46944
174186696483000;3;2:3,3:12,5:3,31:1,97:1,109:1;24300:54270,27459:53541,41310:46980
174263662669824;3;2:12,3:3,7:3,13:1,193:1,1831:1;9072:55776,35343:50673,39792:48096
174289494540096;3;2:6,3:6,13:1,19:1,43:1,547:1,643:1;13872:55572,26766:53730,41016:47220
174330725149000;3;2:3,5:3,7:5,31:1,313:1,1069:1;19810:55020,34818:50932,39025:48615
174396242861568;4;2:9,3:6,7:1,13:1,43:1,97:1,1231:1;4041:55863,31160:52432,36684:50004,43200:45432
174583217899125;3;3:12,5:3,7:1,37:1,73:1,139:1;405:55890,21780:54765,43605:45090
174615222750696;3;2:3,3:3,7:9,13:1,23:1,67:1;8904:55818,27587:53557,39690:48216
174882006936000;3;2:6,3:3,5:3,7:1,13:1,37:2,67:1,97:1;20700:54960,32380:52040,38085:49275
175111552783944;3;2:3,3:9,7:4,31:1,67:1,223:1;21042:54936,28728:53298,32130:52164
175351326124968;3;2:3,3:5,7:1,17:3,19:1,31:1,61:1,73:1;22355:54757,33898:51476,41178:47256
175767523776000;3;2:9,3:3,5:3,13:1,19:1,43:1,61:1,157:1;984:56016,39020:48820,44440:44480
175845238860096;3;2:6,3:6,13:1,19:1,139:1,151:1,727:1;9108:55944,24000:54516,36891:50085
175913494848000;3;2:9,3:3,5:3,7:1,13:1,19:1,97:1,607:1;7860:55980,27840:53640,43720:45200
175921416758997;3;3:3,7:1,13:1,107:3,211:1,277:1;11877:55854,38413:49220,43656:45261
175959000000000;3;2:9,3:3,5:9,7:3,19:1;7000:56000,19800:55200,31500:52500
176082197406759;3;3:3,7:4,31:1,43:1,73:1,103:1,271:1;9975:55944,11151:55902,31444:52535
176131532455424;3;2:9,7:1,13:3,79:1,103:1,2749:1;14580:55724,19760:55224,39236:48732
176558602287375;3;3:3,5:3,7:3,11:3,19:1,37:1,163:1;495:56100,23727:54648,35959:50666
177055216123968;3;2:6,3:10,7:4,13:1,19:1,79:1;21744:55044,24100:54632,40320:48132
177261426047384;3;2:3,7:4,19:1,37:3,43:1,223:1;4292:56166,12950:55944,43253:45843
177401679104637;3;3:12,13:1,31:1,37:1,61:1,367:1;8100:56133,11781:56016,44037:45144
177525251249472;3;2:6,3:6,7:1,19:4,43:1,97:1;1254:56202,10260:56088,39444:48792
177853640328000;3;2:6,3:3,5:3,7:1,13:1,19:1,37:1,61:1,211:1;9370:56150,35540:51040,40500:48120
178741787036419;3;19:3,31:1,43:3,97:1,109:1;7923:56278,24510:54739,41667:47386
179120167317000;3;2:3,3:3,5:3,7:1,13:1,271:1,367:1,733:1;540:56370,21810:55260,38145:49815
179158612596544;3;2:6,7:4,19:1,67:1,331:1,2767:1;8568:56308,22288:55188,40176:48532
179163181800512;3;2:6,7:1,13:1,23:3,61:1,181:1,229:1;10350:56258,17112:55844,31326:52946
179314052871177;3;3:3,7:1,31:1,67:1,127:3,223:1;21209:55372,28956:53721,32385:52578
180515469888000;3;2:9,3:9,5:3,13:1,73:1,151:1;12825:56295,23760:55080,26496:54504
180718029784000;3;2:6,5:3,31:1,41:3,97:1,109:1;24600:54940,27798:54202,41820:47560
180787124883456;3;2:12,3:5,7:1,13:1,31:3,67:1;1488:56544,11136:56400,15252:56172
180900033507648;3;2:6,3:12,7:1,13:1,211:1,277:1;11988:56376,38772:49680,44064:45684
181051896766104;3;2:3,3:3,7:3,13:2,19:1,37:1,67:1,307:1;11526:56412,21555:55509,39046:49532
181290733659000;3;2:3,3:3,5:3,7:3,19:1,101:3;7070:56560,19998:55752,31815:53025
181689036046336;3;2:18,7:1,13:1,19:1,31:1,67:1,193:1;6624:56608,26944:54528,34432:52032
182238068187000;3;2:3,3:3,5:3,7:1,19:1,23:3,43:1,97:1;1265:56695,10350:56580,39790:49220
182399023713816;3;2:3,3:6,7:2,13:1,97:1,439:1,1153:1;5568:56694,28935:54081,32742:52812
182445619405833;3;3:6,7:1,43:1,79:1,1063:1,9901:1;10368:56601,16934:56209,39996:49113
182574522277875;3;3:6,5:3,7:1,13:1,61:3,97:1;915:56730,12078:56547,17995:56120
182750142242304;3;2:9,3:6,7:1,13:4,31:1,79:1;3159:56745,17784:56160,35256:51792
183552349538376;3;2:3,3:3,7:1,13:1,19:1,31:1,37:3,313:1;12876:56610,28157:54427,40626:48840
183583257919488;3;2:21,3:3,7:1,31:1,67:1,223:1;21376:55808,29184:54144,32640:52992
183819007506888;3;2:3,3:6,13:4,31:1,97:1,367:1;11388:56706,27508:54626,32994:52884
184377987469312;3;2:12,7:1,13:1,19:1,67:1,73:1,5323:1;22544:55712,31760:53408,38408:50360
184540630875328;3;2:6,7:1,13:4,19:1,43:1,127:1,139:1;5694:56914,32812:53040,41704:48204
184583557292715;3;3:2,5:1,7:1,23:3,31:1,37:1,199:1,211:1;11891:56764,16307:56488,39859:49496
184675682624832;3;2:6,3:9,7:1,19:1,31:3,37:1;6696:56916,29844:54072,45012:45384
184877417088000;3;2:10,3:5,5:3,7:3,13:1,31:1,43:1;25410:55230,30280:53960,39540:49740
185123419967304;3;2:3,3:6,7:1,13:1,19:1,37:1,127:1,3907:1;3618:56988,37746:50832,39120:50034
185496306251347;3;7:1,13:1,19:1,67:1,103:1,109:1,193:1,739:1;19906:56211,25212:55339,44691:45826
185971705829091;3;3:3,7:1,13:1,109:3,211:1,277:1;12099:56898,39131:50140,44472:46107
186249023541000;3;2:3,3:6,5:3,7:1,37:1,61:1,103:1,157:1;5913:57087,28656:54594,40850:49060
186482656761912;3;2:3,3:6,7:1,23:3,37:1,73:1,139:1;414:57132,22264:55982,44574:46092
186659927796888;3;2:3,3:8,7:1,13:1,19:1,31:1,43:1,1543:1;15192:56790,28692:54630,29067:54525
186729098472000;3;2:6,3:6,5:3,7:3,17:3,19:1;7140:57120,20196:56304,32130:53550
186992003120832;3;2:6,3:3,7:1,13:3,31:1,61:3;9516:57096,21177:56199,45018:45750
187033564021248;3;2:9,3:3,7:1,19:1,29:3,43:1,97:1;1276:57188,10440:57072,40136:49648
187410622481000;3;2:3,5:3,31:1,83:3,97:1,109:1;24900:55610,28137:54863,42330:48140
187919693164791;3;3:6,7:1,31:1,43:3,67:1,223:1;21543:56244,29412:54567,32895:53406
187941689822250;3;2:1,3:3,5:3,7:4,13:1,337:1,2647:1;11109:57141,13755:57015,23475:55935
188013752349696;4;2:10,3:6,7:1,13:1,19:1,31:1,37:1,127:1;7263:57249,16308:56844,30600:54216,39966:49890
188428610409984;3;2:9,3:6,7:1,19:1,67:1,181:1,313:1;8394:57270,10392:57216,40644:49500
188716812010272;3;2:5,3:6,7:1,13:2,37:1,421:1,439:1;17811:56781,31014:54162,43842:47094
188804865622464;3;2:6,3:6,7:1,13:1,19:1,67:1,181:1,193:1;7804:57320,10278:57258,30312:54396
188846860935168;3;2:13,3:3,19:1,37:1,67:1,18127:1;10224:57264,20728:56456,34820:52732
188997921068229;3;3:6,7:1,13:1,19:1,61:1,73:1,151:1,223:1;21981:56292,27765:55134,34488:52893
189126317016000;3;2:6,3:3,5:3,7:1,13:1,31:1,211:1,1471:1;15520:57020,34425:52935,36060:52200
189219633568875;3;3:6,5:3,7:2,13:1,41:1,43:3;14880:57075,23220:56115,41130:49275
189295850514771;3;3:3,7:1,11:3,13:1,29:1,31:3,67:1;6732:57387,33924:53163,37510:51491
189334706928192;3;2:6,3:6,7:1,19:1,31:1,73:1,97:1,139:1;9000:57348,16356:56976,25848:55620
189471941528112;3;2:4,3:6,19:1,43:1,139:1,313:1,457:1;8433:57375,16931:56941,35934:52302
189855538327000;3;2:3,5:3,7:4,13:1,73:1,97:1,859:1;9030:57400,13590:57220,35910:52360
190208608123625;3;5:3,7:1,13:3,31:1,43:1,199:1,373:1;305:57510,33020:53625,41145:49400
190411861493672;3;2:3,7:1,13:6,37:1,79:1,241:1;19188:56810,25688:55770,34476:53066
190556682278625;3;3:2,5:3,13:1,17:3,37:1,229:1,313:1;850:57545,23630:56185,27506:55369
191068498616625;3;3:3,5:3,7:4,31:1,37:1,61:1,337:1;25494:55881,25760:55825,30505:54590
191103589875016;3;2:3,7:1,13:1,47:3,61:1,181:1,229:1;10575:57481,17484:57058,32007:54097
191137295349000;3;2:3,3:3,5:3,7:1,11:3,13:1,211:1,277:1;12210:57420,39490:50600,44880:46530
191351098652112;3;2:4,3:3,7:3,17:3,31:1,61:1,139:1;12546:57426,18955:56933,33558:53550
191450482496000;3;2:9,5:3,7:3,13:1,17:1,19:1,31:1,67:1;19250:56910,29340:54980,40320:50120
191701599453000;3;2:3,3:6,5:3,7:1,13:1,31:3,97:1;930:57660,12276:57474,18290:57040
191912457699144;3;2:3,3:9,7:1,13:3,19:1,43:1,97:1;1287:57681,10530:57564,40482:50076
192025920874816;3;2:6,7:4,19:4,43:1,223:1;4408:57684,13300:57456,44422:47082
192275150193000;3;2:3,3:3,5:3,7:3,19:1,103:3;7210:57680,20394:56856,32445:54075
192323883843000;3;2:3,3:3,5:3,7:1,13:3,31:1,67:1,223:1;21710:56680,29640:54990,33150:53820
193585644522459;3;3:3,7:1,19:1,1327:1,1489:1,27283:1;18420:57219,25755:56094,29787:55086
194007590719488;3;2:12,3:3,7:6,13:1,31:1,37:1;13796:57628,32928:54096,43904:47824
194266441152000;3;2:9,3:3,5:3,7:3,31:1,97:1,109:1;25200:56280,28476:55524,42840:48720
194590098377064;3;2:3,3:9,13:3,43:1,103:1,127:1;8865:57879,36504:52650,39546:51012
194662772065216;3;2:6,7:4,13:1,19:1,109:1,211:1,223:1;9934:57858,30450:55006,45756:46240
195195047104512;3;2:12,3:5,7:4,13:1,61:1,103:1;1320:58008,22144:56912,43008:48720
196007166901000;3;2:3,5:3,7:1,13:1,19:3,43:1,67:1,109:1;10620:57970,26695:56145,36100:53010
196195471198272;3;2:6,3:2,7:4,13:1,19:3,37:1,43:1;10640:57988,25988:56320,26866:56126
196258504104936;3;2:3,3:3,7:1,13:1,31:1,37:1,2347:1,3709:1;8714:58048,35871:53145,36720:52746
196397663693049;3;3:6,7:1,13:1,37:3,211:1,277:1;12321:57942,39849:51060,45288:46953
196796355190029;3;3:3,7:1,31:1,67:1,131:3,223:1;21877:57116,29868:55413,33405:54234
196875468167616;3;2:6,3:3,7:1,19:1,43:1,59:3,97:1;1298:58174,10620:58056,40828:50504
197132146205624;3;2:3,7:1,31:1,79:1,151:1,283:1,33637:1;7374:58160,9150:58124,30078:55388
197171380224000;3;2:18,3:3,5:3,7:1,13:1,31:1,79:1;3240:58200,18240:57600,36160:53120
197288751563631;3;3:6,7:6,13:1,19:1,67:1,139:1;3087:58212,23247:56952,34986:53655
197326092128256;3;2:12,3:6,7:1,13:1,19:1,37:1,1033:1;5736:58200,16064:57808,37236:52620
197416146225032;3;2:3,7:4,19:1,43:1,619:1,20323:1;2436:58226,23072:56994,40370:50868
197507560359375;3;3:3,5:6,7:1,37:1,43:1,127:1,331:1;9575:58150,11280:58095,16700:57775
197852037784128;3;2:6,3:3,7:3,13:1,31:1,37:1,61:1,367:1;8400:58212,44337:48015,45668:46816
197929944576000;3;2:12,3:3,5:3,7:3,13:3,19:1;7280:58240,20592:57408,32760:54600
198201633836184;3;2:3,3:6,11:3,109:1,433:1,541:1;6468:58278,13830:58044,30294:55440
198239311400256;3;2:6,3:5,7:1,43:1,151:1,283:1,991:1;13236:58080,32115:54861,41368:50324
198320497986240;3;2:6,3:3,5:1,7:3,181:1,331:1,1117:1;1264:58316,18312:57708,25722:56598
198659972280259;3;7:1,31:1,37:1,79:1,337:1,397:1,2341:1;14523:58048,30819:55330,38482:52131
198840829247424;3;2:6,3:3,7:1,13:1,19:4,31:1,313:1;13224:58140,28918:55898,41724:50160
198910874424591;3;3:6,7:1,37:1,47:3,73:1,139:1;423:58374,22748:57199,45543:47094
198982849016952;3;2:3,3:3,7:1,11:3,13:1,19:1,31:1,37:1,349:1;10846:58256,17886:57816,42537:49599
199260219982824;3;2:3,3:3,7:1,11:3,13:1,19:1,31:1,67:1,193:1;6831:58377,27786:56232,35508:53658
199955329525952;3;2:6,7:1,11:3,13:1,31:1,37:1,43:1,523:1;176:58476,12650:58278,41778:50270
200137486605875;3;5:3,7:1,13:3,19:1,43:1,61:1,2089:1;11531:58344,17355:57980,40970:50835
200327488463277;3;3:6,7:1,19:3,103:1,181:1,307:1;3222:58509,16532:58069,45600:47253
201127898687625;3;3:12,5:3,7:4,13:1,97:1;945:58590,12474:58401,18585:57960
201287452375000;3;2:3,5:6,17:3,31:1,97:1,109:1;25500:56950,28815:56185,43350:49300
201337632441792;3;2:6,3:6,7:1,11:3,31:1,67:1,223:1;22044:57552,30096:55836,33660:54648
201753672486912;3;2:12,3:3,7:4,13:1,211:1,277:1;12432:58464,40208:51520,45696:47376
201806936834048;3;2:15,7:1,13:3,43:1,67:1,139:1;11808:58496,33188:54876,41472:50720
201923314373592;3;2:3,3:3,7:4,17:3,19:1,43:1,97:1;1309:58667,10710:58548,41174:50932
202384524672512;3;2:9,7:4,13:1,31:1,37:1,61:1,181:1;24234:57302,36876:53396,42831:49841
203099419445832;3;2:3,3:5,7:1,13:1,19:1,31:1,37:1,139:1,379:1;6532:58754,19506:58056,33954:54732
203563066097664;3;2:15,3:3,7:1,13:1,61:1,181:1,229:1;10800:58704,17856:58272,32688:55248
203641859473416;3;2:3,3:6,7:4,13:1,19:1,97:1,607:1;8253:58779,29232:56322,45906:47460
203694537375000;3;2:3,3:6,5:6,7:6,19:1;7350:58800,20790:57960,33075:55125
204961563182656;3;2:6,7:3,19:1,43:1,103:1,181:1,613:1;36:58960,9786:58870,16008:58564
205385664744000;3;2:6,3:3,5:3,13:1,31:1,37:1,43:1,1483:1;19746:58254,22020:57960,34020:54960
205714122985728;3;2:8,3:6,7:4,19:1,73:1,331:1;3179:59029,14868:58716,27762:56910
205751000774592;3;2:6,3:6,7:2,13:1,19:1,199:1,1831:1;6912:59004,9852:58944,42876:50256
205855116338079;3;3:15,13:1,31:1,97:1,367:1;11826:58887,28566:56727,34263:54918
205948240834203;3;3:3,7:4,19:3,31:1,67:1,223:1;22211:57988,30324:56259,33915:55062
206495811296875;3;5:6,31:1,61:1,97:1,109:1,661:1;9090:59035,16500:58675,27400:57075
206554235575779;3;3:6,7:2,13:4,61:1,3319:1;15795:58734,34851:54762,41418:51363
206663247469224;3;2:3,3:9,7:1,13:1,19:1,43:1,127:1,139:1;5913:59103,34074:55080,43308:50058
207056715264000;3;2:12,3:6,5:3,7:1,19:1,43:1,97:1;1320:59160,10800:59040,41520:51360
207148979437433;3;11:3,31:1,67:1,109:1,127:1,5413:1;374:59169,34025:55152,44033:49566
207206183356263;3;3:3,7:1,13:1,113:3,211:1,277:1;12543:58986,40567:51980,46104:47799
207308125080875;3;5:3,7:3,13:1,19:1,73:1,229:1,1171:1;17440:58675,26155:57430,35635:54520
207495955520000;3;2:9,5:4,7:1,31:1,67:1,103:1,433:1;24660:57740,30120:56480,34655:54945
207588307340232;3;2:3,3:3,7:4,13:3,19:1,43:1,223:1;4524:59202,13650:58968,45591:48321
207609665426128;3;2:4,7:4,19:1,31:1,37:1,43:1,73:1,79:1;4158:59206,31962:55930,38101:53403
208382600900032;3;2:6,13:1,19:1,31:1,337:1,883:1,1429:1;7868:59240,10934:59162,15368:58940
208438080643000;3;2:3,5:3,13:1,19:1,31:1,37:1,67:1,79:1,139:1;17820:58750,37680:53710,41740:51390
208475622728000;4;2:6,5:3,31:1,43:3,97:1,109:1;8340:59240,25800:57620,29154:56846,43860:49880
208728169074819;3;3:3,19:1,31:1,37:1,337:1,823:1,1279:1;13836:59067,37542:53811,45196:48827
209041245504000;3;2:9,3:3,5:3,7:1,13:1,19:1,31:1,37:1,61:1;3656:59344,4500:59340,41840:51400
209151153729189;3;3:3,7:1,19:1,31:1,109:1,151:1,211:1,541:1;11754:59205,26685:57504,39898:52613
209569984344000;3;2:6,3:3,5:3,7:3,19:1,53:3;7420:59360,20988:58512,33390:55650
209721631956480;3;2:9,3:5,5:1,7:1,31:1,37:1,199:1,211:1;12408:59232,17016:58944,41592:51648
209891507671125;3;3:6,5:3,7:1,19:1,103:1,277:1,607:1;23820:58125,30690:56565,31860:56205
210395864707119;3;3:6,7:1,13:1,31:1,79:1,109:3;5238:59463,18639:58860,36951:54282
210573915206464;3;2:6,31:1,37:1,241:1,607:1,19609:1;16176:59092,19668:58768,34488:55348
210628705603176;3;2:3,3:3,7:1,31:1,67:4,223:1;22378:58424,30552:56682,34170:55476
210662877789000;3;2:3,3:9,5:3,7:1,13:1,337:1,349:1;6130:59480,36450:54540,44820:49410
210858246144000;3;2:18,3:6,5:3,7:1,13:1,97:1;960:59520,12672:59328,18880:58880
210861335752704;3;2:12,3:3,7:1,13:1,19:1,67:1,109:1,151:1;1584:59520,10476:59412,44640:49584
211879366078464;3;2:12,3:9,7:1,37:1,73:1,139:1;432:59616,23232:58416,46512:48096
211971089210517;3;3:3,7:2,13:1,19:1,31:1,37:1,61:1,73:1,127:1;10198:59525,23942:58309,31821:56436
212276389785768;3;2:3,3:3,7:1,11:6,19:1,43:1,97:1;1331:59653,10890:59532,41866:51788
212303773656000;3;2:6,3:3,5:3,13:1,19:3,73:1,151:1;12529:59471,25080:58140,27968:57532
212332010881536;3;2:9,3:3,7:1,13:1,31:1,41:3,79:1;3321:59655,18696:59040,37064:54448
212551724381535;3;3:6,5:1,7:1,11:3,151:1,181:1,229:1;216:59679,33759:55836,41492:52063
212756057926776;3;2:3,3:6,7:1,13:1,19:3,211:1,277:1;12654:59508,40926:52440,46512:48222
212833114511976;3;2:3,3:3,7:6,31:1,43:1,61:1,103:1;12201:59535,20538:58884,35770:55076
212905151004672;3;2:15,3:3,7:2,43:1,181:1,631:1;864:59712,6360:59688,14290:59438
213172178591736;3;2:3,3:6,7:1,13:1,31:3,97:1,139:1;527:59737,18414:59148,35613:55179
213238317579651;3;3:9,7:1,13:3,37:1,79:1,241:1;19926:58995,26676:57915,35802:55107
213999264297819;3;3:5,7:1,11:3,13:1,73:1,103:1,967:1;11715:59664,37202:54571,42108:51843
214955517388248;3;2:3,3:6,7:1,13:4,19:1,31:1,313:1;13572:59670,29679:57369,42822:51480
215379551984625;3;3:12,5:3,7:1,31:1,67:1,223:1;22545:58860,30780:57105,34425:55890
215557341237000;3;2:3,3:3,5:3,7:3,19:1,107:3;7490:59920,21186:59064,33705:56175
215666843438592;3;2:9,3:3,7:2,13:1,19:1,31:1,43:1,967:1;7096:59936,38916:53916,44550:50298
215832918789000;3;2:3,3:3,5:3,29:3,31:1,97:1,109:1;26100:58290,29493:57507,44370:50460
216323433027000;3;2:3,3:9,5:3,13:1,37:1,73:1,313:1;26190:58320,30456:57294,43860:50910
216431999567784;3;2:3,3:6,7:3,11:3,13:3,37:1;7920:59994,11994:59880,46332:48906
216552654471608;3;2:3,7:7,13:1,61:1,181:1,229:1;11025:59927,18228:59486,33369:56399
216638703997443;3;3:6,7:1,13:1,19:1,37:1,79:1,127:1,463:1;30075:57432,34182:56115,42984:51579
217319074592256;3;2:9,3:9,7:2,13:1,97:1,349:1;2736:60120,16080:59736,39534:53778
217385542320128;3;2:15,7:1,13:1,271:1,367:1,733:1;576:60128,23264:58944,40688:53136
217403414036928;3;2:6,3:6,7:1,19:3,37:1,43:1,61:1;16188:59736,16929:59679,22140:59112
217583056885824;3;2:6,3:3,7:1,19:1,43:1,61:3,97:1;1342:60146,10980:60024,42212:52216
217929256371008;3;2:6,7:1,13:1,17:3,19:1,31:1,67:1,193:1;7038:60146,28628:57936,36584:55284
217965953125440;3;2:6,3:3,5:1,13:1,19:1,31:1,43:1,193:1,397:1;20616:59364,32411:56869,45186:50094
218404157824125;3;3:3,5:3,7:1,13:1,23:3,211:1,277:1;12765:60030,41285:52900,46920:48645
218768252391936;3;2:9,3:3,13:2,19:1,73:1,181:1,373:1;4650:60246,23496:59040,29843:57709
219162534889194;3;2:1,3:9,13:1,19:1,31:1,37:1,43:1,457:1;1647:60291,13995:60039,45081:50337
219206146887000;3;2:3,3:6,5:3,7:1,13:1,79:1,151:1,277:1;30054:57696,37350:55080,43830:51300
219930666614568;3;2:3,3:3,7:1,13:1,19:1,31:1,37:1,67:1,79:1,97:1;2682:60360,29256:57978,44026:51248
220201305214464;3;2:9,3:3,7:1,17:3,31:1,67:1,223:1;22712:59296,31008:57528,34680:56304
220295541375000;3;2:3,3:3,5:6,7:2,13:1,43:1,2383:1;24900:58950,39744:54006,45000:50550
220690038919168;3;2:12,7:1,13:1,19:1,37:1,163:1,5167:1;17923:59901,23440:59232,38478:54706
220825962894528;3;2:6,3:12,19:1,31:1,73:1,151:1;13662:60210,18912:59820,41634:52974
220897467984375;3;3:6,5:6,7:1,13:4,97:1;975:60450,12870:60255,19175:59800
221426717146488;3;2:3,3:5,7:1,19:3,37:1,97:1,661:1;4110:60492,27683:58501,30894:57684
221657663808000;3;2:9,3:12,5:3,7:3,19:1;7560:60480,21384:59616,34020:56700
221686818574760;3;2:3,5:1,7:3,11:3,31:1,79:1,4957:1;308:60522,38234:54936,43967:51513
222977435511096;3;2:3,3:6,7:1,19:1,41:3,43:1,97:1;1353:60639,11070:60516,42558:52644
223022206048824;3;2:3,3:9,7:1,13:1,43:1,283:1,1279:1;8478:60588,15513:60303,33552:57006
223361307136000;3;2:12,5:3,11:3,31:1,97:1,109:1;26400:58960,29832:58168,44880:51040
223969582592000;3;2:12,5:3,7:4,19:1,43:1,223:1;4640:60720,14000:60480,46760:49560
224151344673984;3;2:6,3:3,7:1,13:1,29:3,211:1,277:1;12876:60552,41644:53360,47328:49068
224196121728000;3;2:10,3:3,5:3,43:1,97:1,103:1,151:1;9160:60680,37620:55500,44766:51234
224965720272384;3;2:9,3:5,7:3,13:1,31:1,103:1,127:1;3192:60816,5944:60800,46392:50016
225094490528607;3;3:3,7:1,31:1,67:1,137:3,223:1;22879:59732,31236:57951,34935:56718
225226311704576;3;2:13,7:1,13:1,19:1,31:1,43:1,79:1,151:1;10824:60728,16908:60404,32784:57488
225399626914833;3;3:6,7:7,37:1,73:1,139:1;441:60858,23716:59633,47481:49098
225756669300344;3;2:3,7:1,13:1,19:3,37:1,43:1,157:1,181:1;25631:59337,31464:57950,44108:51918
226017593199944;3;2:3,7:4,13:1,31:1,67:1,103:1,4231:1;23256:59762,26082:59276,46914:49700
226201215357000;3;2:3,3:8,5:3,13:1,37:1,229:1,313:1;900:60930,25020:59490,29124:58626
226466214252544;3;2:12,7:1,37:1,43:1,103:1,157:1,307:1;5364:60940,10000:60864,36864:56080
226836262460808;3;2:3,3:3,7:3,11:3,13:1,19:1,67:1,139:1;3234:60984,24354:59664,36652:56210
227144231088768;3;2:7,3:9,7:3,31:1,61:1,139:1;13284:60804,20070:60282,35532:56700
227275909967808;3;2:6,3:3,13:3,73:1,151:1,5431:1;4152:61020,9724:60944,18652:60440
227872007811000;3;2:3,3:3,5:3,7:3,19:1,109:3;7630:61040,21582:60168,34335:57225
227946169656000;3;2:6,3:3,5:3,19:1,37:1,1087:1,1381:1;4140:61080,22860:60000,26032:59468
228245073041375;3;5:3,13:3,19:1,37:1,61:1,19381:1;14495:60840,29028:58847,46850:50055
228250519031808;3;2:12,3:6,7:4,13:1,31:1,79:1;3402:61110,19152:60480,37968:55776
228368734925688;3;2:3,3:9,7:1,19:1,79:1,97:1,1423:1;16092:60750,20736:60318,34718:57136
228460244608512;3;2:9,3:3,7:1,19:1,31:3,43:1,97:1;1364:61132,11160:61008,42904:53072
228480136583608;3;2:3,7:1,13:1,23:3,31:1,37:1,43:1,523:1;184:61134,13225:60927,43677:52555
228925713332232;3;2:3,3:8,7:1,19:1,31:1,43:1,73:1,337:1;3468:61170,13968:60930,23042:60064
229221085464000;3;2:6,3:6,5:3,7:3,19:1,37:1,163:1;540:61200,25884:59616,39228:55272
229313008992375;3;3:6,5:3,7:4,11:1,151:1,631:1;13770:60975,27279:59346,37415:56140
229532593752000;3;2:6,3:3,5:3,7:2,11:1,103:1,19141:1;4782:61218,6780:61200,46460:50560
229585505962176;3;2:6,3:6,7:3,13:1,31:1,97:1,367:1;12264:61068,29624:58828,35532:56952
229642553806848;3;2:12,3:3,7:2,13:1,41:1,43:3;15872:60880,24768:59856,43872:52560
229854926718144;3;2:6,3:2,7:1,13:4,31:3,67:1;1612:61256,12064:61100,16523:60853
229998480102027;3;3:9,7:1,13:4,211:1,277:1;12987:61074,42003:53820,47736:49491
230059633162968;3;2:3,3:6,7:1,23:3,31:1,67:1,223:1;23046:60168,31464:58374,35190:57132
230083399000000;3;2:6,5:6,7:1,13:1,61:1,181:1,229:1;11250:61150,18600:60700,34050:57550
230335042392000;3;2:6,3:3,5:3,7:1,13:1,19:1,37:1,79:1,211:1;27100:59480,28095:59265,31740:58320
230486796141056;3;2:9,7:4,13:1,19:1,43:1,127:1,139:1;6132:61292,35336:57120,44912:51912
231062754347000;3;2:3,5:3,31:1,89:3,97:1,109:1;26700:59630,30171:58829,45390:51620
231250390371000;3;2:3,3:9,5:3,7:1,11:3,13:1,97:1;990:61380,13068:61182,19470:60720
231915005799048;3;2:3,3:3,11:3,13:1,19:1,37:1,61:1,1447:1;15378:61116,40722:54780,41485:54347
231918156288000;3;2:12,3:3,5:3,7:1,13:1,19:1,31:1,313:1;13920:61200,30440:58840,43920:52800
232813186679528;3;2:3,7:4,13:1,19:1,67:1,73:1,79:1,127:1;6986:61488,35840:57162,43911:52913
232815068521343;3;7:2,11:3,43:1,61:1,73:1,103:1,181:1;7634:61479,45119:52044,47256:50303
233000432965125;3;3:9,5:3,7:1,19:1,31:1,103:1,223:1;2592:61533,9414:61461,45765:51570
233186173504921;3;7:1,13:1,19:3,31:1,139:1,277:1,313:1;6897:61522,21166:60705,26916:59785
233244444802248;3;2:3,3:3,11:3,307:1,313:1,8443:1;418:61556,20229:60819,41135:54697
233431635639384;3;2:3,3:3,7:3,13:1,43:1,151:1,163:1,229:1;14819:61285,21798:60648,29862:59136
233619173562411;3;3:6,7:1,13:1,19:1,31:1,37:1,283:1,571:1;17874:61083,21555:60696,47070:50571
234032203125000;3;2:3,3:3,5:9,7:1,19:1,43:1,97:1;1375:61625,11250:61500,43250:53500
234046762562375;3;5:3,7:1,67:1,79:1,241:1,277:1,757:1;35300:57495,38463:56162,39575:55620
234140861642688;3;2:6,3:3,7:1,11:3,13:1,19:1,97:1,607:1;8646:61578,30624:59004,48092:49720
234201429000000;3;2:6,3:3,5:6,7:3,11:3,19:1;7700:61600,21780:60720,34650:57750
234798885837243;3;3:6,7:1,13:3,19:1,31:3,37:1;7254:61659,32331:58578,48763:49166
235097258353461;3;3:3,7:1,31:1,67:1,139:3,223:1;23213:60604,31692:58797,35445:57546
235645700472000;3;2:6,3:3,5:3,7:3,13:1,19:1,79:1,163:1;6720:61740,31020:59040,40390:55370
235946425733928;3;2:3,3:3,7:1,13:1,59:3,211:1,277:1;13098:61596,42362:54280,48144:49914
236723195276568;3;2:3,3:3,7:1,11:3,13:1,19:1,37:1,61:1,211:1;10307:61765,39094:56144,44550:52932
237044306953125;3;3:2,5:7,7:1,31:1,37:1,199:1,211:1;12925:61700,17725:61400,43325:53800
237127793849856;3;2:9,3:9,7:1,13:1,19:1,31:1,439:1;17172:61452,35634:57678,38232:56592
237565962991000;3;2:3,5:3,7:4,31:1,43:1,199:1,373:1;25030:60540,35560:57750,44310:53200
237729413467000;3;2:3,5:3,7:4,13:1,19:1,31:1,67:1,193:1;7245:61915,29470:59640,37660:56910
237819821546944;3;2:6,7:4,13:3,37:1,79:1,241:1;20664:61180,27664:60060,37128:57148
238270615651224;3;2:3,3:8,13:1,37:1,43:1,139:1,1579:1;5574:61980,24588:60678,44262:53316
238939227000000;3;2:6,3:6,5:6,31:1,97:1,109:1;27000:60300,30510:59490,45900:52200
239226670592000;3;2:12,5:3,7:1,13:1,43:1,97:1,1231:1;4490:62070,40760:55560,48000:50480
239437608286968;3;2:3,3:3,7:1,13:1,307:3,421:1;9824:62014,39603:56181,48068:50446
239483152125000;3;2:3,3:6,5:6,7:1,37:1,73:1,139:1;450:62100,24200:60850,48450:50100
239553009500616;3;2:3,3:9,7:6,67:1,193:1;9408:62034,10962:61992,44130:53556
239694030007488;3;2:6,3:9,7:4,19:1,43:1,97:1;1386:62118,11340:61992,43596:53928
239864227331904;3;2:6,3:5,7:4,31:1,43:1,61:1,79:1;27984:60180,37032:57396,43540:53984
240207891336000;3;2:6,3:3,5:3,7:4,31:1,67:1,223:1;23380:61040,31920:59220,35700:57960
240646983129000;3;2:3,3:6,5:3,7:3,19:1,37:3;7770:62160,21978:61272,34965:58275
240697877021784;3;2:3,3:9,7:1,13:1,19:3,31:1,79:1;19494:61560,26487:60561,38646:56772
240722425417383;3;3:3,7:1,13:3,19:1,31:1,73:1,97:1,139:1;9750:62127,17719:61724,28002:60255
241190743778488;3;2:3,7:4,19:1,41:3,43:1,223:1;4756:62238,14350:61992,47929:50799
241336592760501;3;3:3,7:3,31:1,43:3,97:1,109:1;8757:62202,27090:60501,46053:52374
241783300878336;3;2:12,3:3,7:1,31:1,73:1,79:1,1747:1;17824:61808,22560:61296,44664:53448
241921839466125;3;3:6,5:3,7:1,13:1,67:3,97:1;1005:62310,13266:62109,19765:61640
241996043195361;3;3:3,7:4,13:1,17:3,211:1,277:1;13209:62118,42721:54740,48552:50337
242222686177752;3;2:3,3:3,7:1,19:1,31:1,43:1,61:1,97:1,1069:1;12928:62150,15384:62022,49431:49521
242265966931485;3;3:3,5:1,7:3,19:1,61:1,709:1,6367:1;12264:62181,38508:56997,43422:54333
242500821250968;3;2:3,3:3,7:1,19:3,31:1,571:1,1321:1;2736:62358,37757:57355,48507:50445
242619470205112;3;2:3,7:3,11:3,13:1,43:1,151:1,787:1;12327:62209,25102:60984,44308:53790
243113230132416;3;2:6,3:3,7:1,19:1,31:1,61:1,73:1,79:1,97:1;4170:62406,23724:61248,42156:55200
243145810672128;3;2:9,3:3,7:3,13:1,19:1,31:1,37:1,181:1;18984:61824,20968:61616,47712:51240
243349354053000;3;2:3,3:6,5:3,13:1,31:1,37:1,61:1,367:1;9000:62370,13090:62240,48930:50160
243471295541448;3;2:3,3:3,13:1,37:1,109:1,223:1,229:1,421:1;9069:62379,40797:55995,45376:53138
243902868462981;3;3:3,7:4,13:1,19:1,61:1,67:1,3727:1;16149:62118,18242:61957,24654:61173
244166343685992;3;2:3,3:3,7:1,13:1,17:3,61:1,181:1,229:1;11475:62373,18972:61914,34731:58701
244403835622856;3;2:3,7:1,13:1,19:1,37:1,79:1,139:1,157:1,277:1;9554:62448,19436:61890,48837:50387
244945389491712;3;2:9,3:3,7:1,13:1,31:1,43:3,79:1;3483:62565,19608:61920,38872:57104
245139603406929;3;3:3,7:3,11:1,31:1,97:1,349:1,2293:1;13284:62385,18585:62034,47913:51318
245392057346499;3;3:6,7:1,31:1,47:3,67:1,223:1;23547:61476,32148:59643,35955:58374
245446444202904;3;2:3,3:3,7:1,19:1,43:1,97:1,127:3;1397:62611,11430:62484,43942:54356
245757497888448;3;2:6,3:6,7:1,13:1,29:1,31:3,67:1;7344:62604,37008:57996,40920:56172
245929109281856;3;2:6,7:1,11:3,13:1,19:1,109:1,15319:1;6584:62628,13640:62436,31152:59972
246071842144128;3;2:7,3:5,7:3,11:3,13:1,31:1,43:1;27951:60753,33308:59356,43494:54714
246992691673000;3;2:3,5:3,7:3,13:3,31:1,97:1,109:1;27300:60970,30849:60151,46410:52780
247209725952000;3;2:15,3:3,5:3,7:6,19:1;7840:62720,22176:61824,35280:58800
247620672000000;3;2:12,3:3,5:6,13:1,73:1,151:1;14250:62550,26400:61200,29440:60560
247915516551768;3;2:3,3:6,13:1,19:1,37:1,79:1,97:1,607:1;1782:62820,5286:62808,47532:51990
248148194112000;3;2:9,3:6,5:3,7:1,13:1,211:1,277:1;13320:62640,43080:55200,48960:50760
248462658668952;3;2:3,3:2,7:3,13:1,19:1,31:1,421:1,3121:1;7903:62825,15772:62534,44891:54061
249038819757000;3;2:3,3:3,5:3,7:4,13:1,19:1,103:1,151:1;9180:62850,36680:58450,48132:51618
249238170218583;3;3:6,7:3,13:1,19:1,31:1,349:1,373:1;7602:62895,13440:62727,37602:58095
249400275715656;3;2:3,3:6,13:2,19:1,31:1,43:1,97:1,103:1;17208:62514,35298:59004,46608:52914
249750488273832;3;2:3,3:3,7:1,13:1,19:1,31:1,41:3,313:1;14268:62730,31201:60311,45018:54120
250470581531625;3;3:9,5:3,7:1,13:1,19:1,97:1,607:1;30588:60537,31320:60345,49185:50850
250650281620872;3;2:3,3:3,7:1,31:1,67:1,71:3,223:1;23714:61912,32376:60066,36210:58788
250919349499000;3;2:3,5:3,7:3,13:1,61:1,73:1,12637:1;3360:63070,10011:62989,23832:61918
251290164658176;3;2:24,3:3,7:1,19:1,43:1,97:1;1408:63104,11520:62976,44288:54784
252065939664448;3;2:6,7:1,13:1,19:1,37:1,157:1,271:1,1447:1;12228:63016,21156:62368,42928:55716
252487448644032;3;2:6,3:3,7:4,19:1,31:1,277:1,373:1;9786:63126,13615:62993,34384:59612
252697721513237;3;7:4,11:3,13:1,73:1,97:1,859:1;9933:63140,14949:62942,39501:57596
252916641432000;3;2:6,3:6,5:3,7:1,13:1,17:3,97:1;1020:63240,13464:63036,20060:62560
253347662223000;3;2:3,3:3,5:3,31:1,103:3,277:1;14214:63036,37080:58710,45595:54125
253890713223000;3;2:3,3:3,5:3,7:3,19:1,113:3;7910:63280,22374:62376,35595:59325
254008469227968;3;2:6,3:2,7:1,13:1,19:1,43:1,73:1,193:1,421:1;37304:58684,41257:56855,44924:54664
254141436900267;3;3:9,7:1,17:3,37:1,73:1,139:1;459:63342,24684:62067,49419:51102
254152234278208;3;2:6,7:4,109:1,127:1,163:1,733:1;7764:63304,20148:62656,44814:54754
254403740109519;3;3:3,7:1,11:6,13:1,211:1,277:1;13431:63162,43439:55660,49368:51183
254478913737048;3;2:3,3:6,7:1,11:3,13:1,19:1,67:1,283:1;8556:63318,15972:63030,32472:60390
254730552717312;3;2:12,3:3,7:1,19:1,103:1,277:1,607:1;25408:62000,32736:60336,33984:59952
254820592202176;3;2:6,7:3,11:3,13:1,17:1,19:1,31:1,67:1;21175:62601,32274:60478,44352:55132
255072927519657;3;3:6,13:1,29:3,31:1,97:1,367:1;12702:63249,30682:60929,36801:58986
255225114944000;3;2:9,5:3,23:3,31:1,97:1,109:1;27600:61640,31188:60812,46920:53360
255744614297088;3;2:9,3:6,7:1,31:1,37:1,61:1,1399:1;8504:63424,31440:60792,49464:51264
255983089395033;3;3:3,7:1,11:3,13:3,31:1,67:1,223:1;23881:62348,32604:60489,36465:59202
256074274375192;3;2:3,7:1,13:1,19:1,29:3,43:1,127:1,139:1;6351:63481,36598:59160,46516:53766
256600151728128;3;2:13,3:3,13:1,79:3,181:1;5976:63528,29704:61304,41712:56880
257103717556959;3;3:4,7:1,13:1,19:1,31:1,97:1,181:1,3373:1;18094:63095,29728:61343,32126:60727
257225910320232;3;2:3,3:6,7:1,19:1,43:4,97:1;1419:63597,11610:63468,44634:55212
257437354532904;3;2:3,3:3,7:3,13:3,31:1,163:1,313:1;4095:63609,31290:60984,39663:57993
257906381824000;3;2:13,5:3,7:1,13:1,19:1,31:1,37:1,127:1;8070:63610,18120:63160,34000:60240
257971512937320;3;2:3,3:3,5:1,7:1,13:1,37:1,79:1,331:1,2713:1;2703:63657,5868:63642,18234:63156
258333856574976;3;2:9,3:6,7:1,13:1,19:1,31:1,37:1,349:1;11832:63552,19512:63072,46404:54108
258338869756344;3;2:3,3:6,13:1,31:1,43:1,463:1,5521:1;36603:59373,43092:56286,44751:55257
258426877120776;3;2:3,3:6,7:4,13:1,19:1,74719:1;3339:63693,32676:60690,35455:59801
258693959526912;3;2:9,3:6,7:1,13:1,19:1,31:1,67:1,193:1;7452:63684,30312:61344,38736:58536
258812532532736;3;2:9,7:1,13:4,61:1,181:1,229:1;11700:63596,19344:63128,35412:59852
259195793140557;3;3:3,7:3,13:1,19:1,23:3,67:1,139:1;3381:63756,25461:62376,38318:58765
259272788048064;3;2:6,3:3,7:7,19:1,43:1,223:1;4872:63756,14700:63504,49098:52038
259596400766976;3;2:12,3:3,7:1,13:1,31:1,37:1,43:1,523:1;192:63792,13800:63576,45576:54840
260225455616000;3;2:12,5:3,7:2,31:1,313:1,1069:1;22640:62880,39792:58208,44600:55560
260339178933288;3;2:3,3:6,7:1,13:1,37:1,67:1,433:1,457:1;8119:63809,49461:51843,49680:51642
260650128420864;3;2:12,3:3,7:6,13:1,23:1,67:1;10176:63792,31528:61208,45360:55104
260691000696000;3;2:6,3:6,5:3,7:3,19:4;7980:63840,22572:62928,35910:59850
260745890971384;3;2:3,7:1,13:1,17:3,271:1,367:1,733:1;612:63886,24718:62628,43231:56457
260763542813592;3;2:3,3:3,7:1,13:1,61:3,211:1,277:1;13542:63684,43798:56120,49776:51606
261391005904896;3;2:12,3:9,7:1,31:1,67:1,223:1;24048:62784,32832:60912,36720:59616
261456836239872;3;2:9,3:2,7:1,13:1,19:1,37:1,79:1,103:1,109:1;5284:63932,17288:63520,37456:59336
261594299017233;3;3:3,7:2,13:4,19:1,199:1,1831:1;7488:63921,10673:63856,46449:54444
262435107078144;3;2:15,3:3,7:1,11:3,13:1,31:1,79:1;3564:64020,20064:63360,39776:58432
262522564189704;3;2:3,3:6,7:1,13:1,19:1,67:1,73:1,5323:1;25362:62676,35730:60084,43209:56655
262537909433856;3;2:9,3:3,7:1,37:1,73:1,919:1,1093:1;792:64032,14936:63760,42270:57186
262839898169856;3;2:9,3:3,7:1,31:1,43:1,73:1,103:1,271:1;11400:63936,12744:63888,35936:60040
263254400136000;3;2:6,3:3,5:3,7:1,13:3,19:1,43:1,97:1;1430:64090,11700:63960,44980:55640
263279186850871;3;97:1,211:1,277:1,307:1,331:1,457:1;29824:61863,36583:59844,49039:52578
263638463391000;3;2:3,3:3,5:3,31:4,97:1,109:1;27900:62310,31527:61473,47430:53940
264021854805000;3;2:3,3:3,5:4,19:1,43:1,79:1,157:1,193:1;6520:64130,13445:63955,23810:63040
264092269798656;3;2:8,3:6,13:1,31:1,43:1,127:1,643:1;9054:64098,27411:62445,30924:61668
264221375168933;3;7:1,13:3,29:3,37:1,79:1,241:1;21402:63365,28652:62205,38454:59189
264239622430875;3;3:9,5:3,7:1,13:1,23:3,97:1;1035:64170,13662:63963,20355:63480
265244512323889;3;7:1,19:1,67:1,1399:1,1483:1,14347:1;32337:61396,41488:57873,43900:56529
266034659830875;3;3:2,5:3,13:1,19:3,37:1,229:1,313:1;950:64315,26410:62795,30742:61883
266642607296520;3;2:3,3:2,5:1,7:1,13:3,31:1,37:1,199:1,211:1;13442:64168,18434:63856,45058:55952
266874556386375;3;3:3,5:3,7:1,29:3,31:1,67:1,223:1;24215:63220,33060:61335,36975:60030
266927432616000;3;2:6,3:3,5:3,13:3,43:1,103:1,127:1;9850:64310,40560:58500,43940:56680
266990868615744;3;2:6,3:3,7:2,13:1,19:1,31:1,43:1,61:1,157:1;3688:64388,33092:61336,38562:59406
267143738175216;3;2:4,3:3,7:3,19:3,31:1,61:1,139:1;14022:64182,21185:63631,37506:59850
267228463849893;3;3:6,7:1,13:1,41:3,211:1,277:1;13653:64206,44157:56580,50184:52029
267542436476952;3;2:3,3:3,7:1,13:1,19:1,23:3,97:1,607:1;9039:64377,32016:61686,50278:51980
267598294133625;3;3:5,5:3,7:1,13:1,19:1,73:1,223:1,313:1;5820:64425,27610:62705,39570:59025
267611644125000;3;2:3,3:3,5:6,7:3,19:1,23:3;8050:64400,22770:63480,36225:60375
268091640421696;3;2:6,7:1,13:4,19:1,67:1,109:1,151:1;1716:64480,11349:64363,48360:53716
268444840541696;3;2:9,7:4,13:1,19:3,31:1,79:1;3591:64505,20216:63840,27468:62804
268474255672896;3;2:6,3:6,7:4,13:1,19:1,31:1,313:1;14616:64260,31962:61782,46116:55440
268903924552809;3;3:9,7:1,13:3,43:1,73:1,283:1;1794:64545,20952:63801,40716:58617
269376353052408;3;2:3,3:3,7:1,19:1,43:1,97:1,131:3;1441:64583,11790:64452,45326:56068
269385976431936;3;2:6,3:6,7:1,13:3,37:1,73:1,139:1;468:64584,25168:63284,50388:52104
270635465149992;3;2:3,3:3,43:1,61:1,103:1,109:1,157:1,271:1;20362:64004,40122:59064,51180:51498
270744309029376;3;2:9,3:5,7:3,13:1,139:1,3511:1;5376:64680,26984:63088,39372:59412
271976875352000;3;2:6,5:3,7:1,13:1,31:1,139:1,277:1,313:1;7260:64760,22280:63900,41765:58395
272234703592000;3;2:6,5:3,31:1,47:3,97:1,109:1;28200:62980,31866:62134,47940:54520
272434266075384;3;2:3,3:3,7:1,31:1,67:1,73:3,223:1;24382:63656,33288:61758,37230:60444
273349086866856;3;2:3,3:8,7:1,11:3,13:1,19:1,31:1,73:1;7002:64872,8811:64845,44682:56892
273494554868808;3;2:3,3:3,7:1,13:1,31:1,37:1,67:1,331:1,547:1;12706:64748,23346:63888,45090:56652
273799364844096;3;2:6,3:3,7:1,13:1,31:3,211:1,277:1;13764:64728,44516:57040,50592:52452
274033009543384;3;2:3,7:1,13:1,53:3,61:1,181:1,229:1;11925:64819,19716:64342,36093:61003
274545628844032;3;2:12,7:1,13:1,31:1,67:3,79:1;3618:64990,20368:64320,51300:51868
274653699264000;3;2:9,3:3,5:3,7:3,19:1,29:3;8120:64960,22968:64032,36540:60900
275447721399669;3;3:3,7:2,13:1,17:3,41:1,43:3;16864:64685,26316:63597,46614:55845
275580876806144;3;2:11,7:2,13:3,31:1,61:1,661:1;5240:65064,33752:61896,43940:57564
275592488016384;3;2:9,3:6,7:1,11:3,19:1,43:1,97:1;1452:65076,11880:64944,45672:56496
275895608625000;3;2:3,3:6,5:6,7:4,13:1,97:1;1050:65100,13860:64890,20650:64400
276259285307096;3;2:3,7:3,13:1,19:2,31:1,127:1,5449:1;11270:65016,28422:63272,46038:56324
276325862904000;3;2:6,3:2,5:3,7:1,13:1,103:1,241:1,1699:1;15500:64840,38635:60245,44840:57100
276565584183616;3;2:6,7:4,13:1,31:1,43:1,283:1,367:1;6804:65128,35931:61285,48244:54768
276765262163208;3;2:3,3:3,7:3,13:1,19:1,43:1,547:1,643:1;16184:64834,31227:62685,47852:55090
277431085335833;3;11:3,13:1,19:1,31:1,37:1,67:1,79:1,139:1;19602:64625,41448:59081,45914:56529
277481053850968;3;2:3,11:3,31:1,43:3,97:1,109:1;9174:65164,28380:63382,48246:54868
277829247713472;3;2:6,3:8,7:1,13:1,73:1,103:1,967:1;12780:65088,40584:59532,45936:56556
277924197928104;3;2:3,3:11,7:4,13:1,61:1,103:1;1485:65259,24912:64026,48384:54810
278028665094609;3;3:5,11:1,13:1,79:1,103:1,691:1,1423:1;3144:65265,28337:63436,43761:57912
278070660207837;3;3:6,7:7,31:1,67:1,223:1;24549:64092,33516:62181,37485:60858
278236712549096;3;2:3,7:4,19:1,43:4,223:1;4988:65274,15050:65016,50267:53277
278581098041344;3;2:12,7:3,43:1,727:1,6343:1;16464:64960,23532:64276,43216:58272
279077367816000;3;2:6,3:3,5:3,13:1,31:1,67:1,109:1,439:1;7220:65320,13880:65140,41088:59412
279387120250000;3;2:4,5:6,7:1,31:1,37:1,181:1,769:1;11650:65250,29110:63390,49675:53925
279816673356792;3;2:3,3:3,11:3,13:1,19:1,31:1,79:1,1609:1;2376:65406,38412:60654,51420:52398
280140136222184;3;2:3,7:1,37:1,43:2,61:1,193:1,6211:1;22410:64544,39930:60044,48875:54669
280392290337159;3;3:9,7:1,11:3,13:1,337:1,349:1;6743:65428,40095:59994,49302:54351
280477107421875;3;3:3,5:9,7:1,13:1,211:1,277:1;13875:65250,44875:57500,51000:52875
280594238147496;3;2:3,3:3,7:1,13:2,31:1,73:1,631:1,769:1;8604:65418,32316:62730,34922:61972
280738156608000;3;2:9,3:9,5:3,7:1,13:1,31:1,79:1;3645:65475,20520:64800,40680:59760
280856162806856;3;2:3,7:1,13:1,19:1,31:1,37:3,67:1,193:1;7659:65453,31154:63048,39812:60162
281015802125000;3;2:3,5:6,19:3,31:1,97:1,109:1;28500:63650,32205:62795,48450:55100
281818221867000;3;2:3,3:9,5:3,7:3,13:3,19:1;8190:65520,23166:64584,36855:61425
281903523974856;3;2:3,3:3,7:4,19:4,43:1,97:1;1463:65569,11970:65436,46018:56924
282380132151000;3;2:3,3:9,5:3,13:1,31:1,97:1,367:1;13140:65430,31740:63030,38070:61020
283488679656000;3;2:6,3:3,5:3,7:1,13:1,19:1,43:1,127:1,139:1;6570:65670,37860:61200,48120:55620
283723831290816;3;2:6,3:3,7:1,157:1,223:1,463:1,1447:1;3750:65706,24315:64581,26129:64303
283784264019648;3;2:6,3:3,7:1,31:1,37:3,67:1,223:1;24716:64528,33744:62604,37740:61272
285228265911309;3;3:6,7:1,37:1,53:3,73:1,139:1;477:65826,25652:64501,51357:53106
287083258495488;3;2:9,3:2,7:4,13:1,31:3,67:1;1736:65968,12992:65800,17794:65534
287104270824000;3;2:6,3:3,5:3,7:1,19:1,109:1,277:1,331:1;510:65970,20164:65336,50865:53775
287262553208904;3;2:3,3:9,7:4,13:1,211:1,277:1;13986:65772,45234:57960,51408:53298
287684189182656;3;2:6,3:5,7:1,37:1,43:1,61:1,73:1,373:1;18380:65536,34536:62700,34952:62572
287889426176625;3;3:6,5:3,7:1,13:1,71:3,97:1;1065:66030,14058:65817,20945:65320
288111200812344;3;2:3,3:3,7:1,13:1,19:1,31:1,43:3,313:1;14964:65790,32723:63253,47214:56760
288310179874752;3;2:6,3:3,7:1,19:1,43:1,67:3,97:1;1474:66062,12060:65928,46364:57352
288447850140625;3;5:6,7:1,19:3,31:1,79:1,157:1;8550:66025,35740:62385,44650:58425
288870341683625;3;5:3,13:4,19:1,43:1,97:1,1021:1;260:66105,16185:65780,34050:62945
289066154733568;3;2:12,19:1,67:1,73:1,79:1,9613:1;8682:66070,19104:65584,27840:64432
289106267688000;3;2:6,3:3,5:3,7:3,19:1,59:3;8260:66080,23364:65136,37170:61950
289426351967424;3;2:6,3:6,7:1,103:3,811:1;22296:65292,38728:61388,46350:57474
289461344503968;3;2:5,3:6,7:7,13:1,19:1,61:1;882:66150,36603:62181,40399:60689
289575602746731;3;3:3,7:1,31:1,67:1,149:3,223:1;24883:64964,33972:63027,37995:61686
289838818721088;3;2:6,3:9,7:1,13:1,61:1,181:1,229:1;12150:66042,20088:65556,36774:62154
289983725568000;3;2:18,3:3,5:3,31:1,97:1,109:1;28800:64320,32544:63456,48960:55680
291029940085248;3;2:9,3:3,7:4,13:4,307:1;9051:66213,32136:63648,49322:55510
291434447201625;3;3:3,5:3,7:3,13:3,19:1,37:1,163:1;585:66300,28041:64584,42497:59878
291663478427328;3;2:6,3:6,7:3,19:1,67:1,103:1,139:1;4140:66312,45738:58086,50316:54768
292507980219000;3;2:3,3:3,5:3,7:1,13:3,37:1,79:1,241:1;22140:65550,29640:64350,39780:61230
292741080311944;3;2:3,11:1,19:1,31:1,37:1,127:1,139:1,8647:1;20914:65700,30652:64146,44386:58992
293258144168136;3;2:3,3:6,7:4,19:1,31:3,37:1;7812:66402,34818:63084,52514:52948
293416794125000;3;2:3,5:6,7:1,13:1,31:1,37:1,43:1,523:1;200:66450,14375:66225,47475:57125
293969134485117;3;3:3,7:4,13:1,19:1,37:1,127:1,3907:1;4221:66486,44037:59304,45640:58373
294156563830857;3;3:3,7:1,13:1,127:3,211:1,277:1;14097:66294,45593:58420,51816:53721
294495162683904;3;2:9,3:6,7:3,13:1,19:1,67:1,139:1;3528:66528,26568:65088,39984:61320
294785109311112;3;2:3,3:2,7:1,31:1,61:1,73:1,241:1,17581:1;13036:66386,50684:54802,51250:54308
294813174663000;3;2:3,3:12,5:3,7:1,19:1,43:1,97:1;1485:66555,12150:66420,46710:57780
295445201625000;3;2:3,3:6,5:6,7:1,31:1,67:1,223:1;25050:65400,34200:63450,38250:62100
296518892481000;3;2:3,3:3,5:3,7:6,17:3,19:1;8330:66640,23562:65688,37485:62475
297379118736576;3;2:6,3:6,673:1,757:1,12511:1;5952:66732,15276:66480,32958:63954
298056291309504;3;2:6,3:3,7:3,13:1,19:1,97:1,139:1,151:1;11520:66684,43100:60184,51240:54684
298103514429952;3;2:9,7:4,11:3,19:1,43:1,223:1;5104:66792,15400:66528,51436:54516
298558875259008;3;2:7,3:3,7:4,13:1,19:1,31:1,37:1,127:1;19026:66318,35700:63252,46627:58205
298607558000535;3;3:11,5:1,7:1,31:1,37:1,199:1,211:1;13959:66636,19143:66312,46791:58104
299140440499000;3;2:3,5:3,31:1,97:4,109:1;29100:64990,32883:64117,49470:56260
299217654493632;3;2:6,3:3,7:4,19:1,67:1,181:1,313:1;9793:66815,12124:66752,47418:57750
299417839891625;3;5:3,7:1,13:3,37:1,43:1,223:1,439:1;2977:66898,14545:66670,39520:61945
299873022898176;3;2:12,3:3,7:1,13:1,23:3,31:1,79:1;3726:66930,20976:66240,41584:61088
300225901248000;3;2:9,3:12,5:3,7:1,13:1,97:1;1080:66960,14256:66744,21240:66240
300634478586000;3;2:4,3:3,5:3,13:1,19:1,31:1,37:1,43:1,457:1;1830:66990,15550:66710,50090:55930
300656502205416;4;2:3,3:3,7:4,19:1,31:1,73:1,97:1,139:1;10500:66906,19082:66472,30156:64890,42885:60531
301160000913408;3;2:21,3:3,7:1,13:1,211:1,277:1;14208:66816,45952:58880,52224:54144
301393585890369;3;3:3,7:1,31:1,67:1,151:3,223:1;25217:65836,34428:63873,38505:62514
301413227286528;3;2:12,3:3,7:1,17:3,19:1,43:1,97:1;1496:67048,12240:66912,47056:58208
301600721296576;3;2:6,13:1,19:1,31:1,61:1,109:1,151:1,613:1;7870:67026,9004:67008,51822:54562
301679800529688;3;2:3,3:15,7:1,37:1,73:1,139:1;486:67068,26136:65718,52326:54108
301881242817000;3;2:3,3:3,5:3,7:1,11:1,31:1,43:1,97:1,1123:1;31300:64730,35369:63631,35850:63480
302196107985408;3;2:9,3:6,7:1,13:1,37:2,67:1,97:1;24840:65952,38856:62448,45702:59130
302858730412875;3;3:2,5:3,7:1,13:1,19:1,277:1,541:1,1039:1;11915:67030,43411:60464,47315:58180
303978519097344;3;2:12,3:6,7:1,13:1,19:1,97:1,607:1;9432:67176,33408:64368,52464:54240
304057152000000;3;2:12,3:6,5:6,7:3,19:1;8400:67200,23760:66240,37800:63000
304249291562944;3;2:6,7:1,13:1,19:4,31:1,67:1,193:1;7866:67222,31996:64752,40888:61788
305539845092811;3;3:3,7:1,17:3,19:1,103:1,277:1,607:1;26996:65875,34782:64107,36108:63699
306241004069000;3;2:3,5:3,7:1,11:3,13:1,61:1,181:1,229:1;12375:67265,20460:66770,37455:63305
307331090486784;3;2:9,3:6,7:1,13:1,19:1,37:1,61:1,211:1;11244:67380,42648:61248,48600:57744
307421280778752;3;2:9,3:3,7:1,19:3,31:1,67:1,223:1;25384:66272,34656:64296,38760:62928
308111056692264;3;2:3,3:3,7:1,19:1,43:1,97:1,137:3;1507:67541,12330:67404,47402:58636
308273726082231;3;3:6,7:1,13:1,43:3,211:1,277:1;14319:67338,46311:59340,52632:54567
308487913496000;3;2:6,5:3,7:6,31:1,97:1,109:1;29400:65660,33222:64778,49980:56840
308683066019328;3;2:9,3:3,7:1,11:3,13:1,19:1,31:1,313:1;15312:67320,33484:64724,48312:58080
308921321233000;3;2:3,5:3,7:1,19:1,73:1,97:1,331:1,991:1;1770:67600,15418:67332,31960:65130
309519649123776;3;2:6,3:6,7:1,13:1,271:1,367:1,733:1;648:67644,26172:66312,45774:59778
309901308157952;3;2:13,7:1,19:1,31:1,37:1,43:1,73:1,79:1;4752:67664,36528:63920,43544:61032
310289733000000;3;2:6,3:2,5:6,13:1,37:1,229:1,313:1;1000:67700,27800:66100,32360:65140
311569870996683;3;3:6,13:1,31:4,97:1,367:1;13578:67611,32798:65131,39339:63054
311583307392000;3;2:10,3:3,5:3,7:3,31:1,61:1,139:1;14760:67560,22300:66980,39480:63000
311722101999000;3;2:3,3:3,5:3,7:3,11:6,19:1;8470:67760,23958:66792,38115:63525
312459041007477;3;3:3,7:1,13:4,29:1,31:3,67:1;7956:67821,40092:62829,44330:60853
312793009467848;3;2:3,7:1,13:1,19:1,31:3,43:1,127:1,139:1;6789:67859,39122:63240,49724:57474
312909860001375;3;3:6,5:3,7:1,13:1,73:3,97:1;1095:67890,14454:67671,21535:67160
313528811526063;3;3:9,7:1,17:3,31:1,67:1,223:1;25551:66708,34884:64719,39015:63342
313644427328232;3;2:3,3:3,7:3,11:3,13:1,19:1,79:1,163:1;7392:67914,34122:64944,44429:60907
314736853730607;3;3:3,7:3,11:3,109:1,433:1,541:1;7546:67991,16135:67718,35343:64680
314907381827136;3;2:6,3:6,7:1,19:1,23:3,43:1,97:1;1518:68034,12420:67896,47748:59064
315078833433728;3;2:7,7:1,13:1,19:3,97:1,109:1,373:1;15790:67762,32083:65581,40204:63004
315173571568128;3;2:9,3:3,7:3,13:1,19:1,439:1,613:1;5712:68040,20087:67465,39816:63168
315498600963000;3;2:3,3:3,5:3,7:1,13:4,211:1,277:1;14430:67860,46670:59800,53040:54990
315739780751304;3;2:3,3:5,7:1,13:1,31:3,181:1,331:1;9420:68034,24159:67065,36642:64356
316200296741021;3;7:4,11:3,31:1,43:1,199:1,373:1;27533:66594,39116:63525,48741:58520
317065362716447;3;23:3,31:1,43:3,97:1,109:1;9591:68126,29670:66263,50439:57362
317698410000384;3;2:12,3:3,7:3,31:1,43:1,61:1,103:1;13944:68040,23472:67296,40880:62944
318028111137000;3;2:3,3:6,5:3,11:3,31:1,97:1,109:1;29700:66330,33561:65439,50490:57420
318410698557952;3;2:9,7:1,11:3,13:1,43:1,97:1,1231:1;4939:68277,44836:61116,52800:55528
318752075478375;3;3:6,5:3,7:1,11:3,37:1,73:1,139:1;495:68310,26620:66935,53295:55110
318846608353000;3;2:3,5:3,7:1,13:1,31:3,337:1,349:1;19464:67786,41850:62620,51460:56730
318894190839000;3;2:3,3:6,5:3,7:4,19:1,43:1,223:1;5220:68310,15750:68040,52605:55755
318956846859224;3;2:3,7:1,61:1,79:1,127:3,577:1;2070:68324,12065:68199,54102:54356
319468176728064;3;2:13,3:8,7:3,13:1,31:1,43:1;30492:66276,36336:64752,47448:59688
319514798232000;3;2:6,3:3,5:3,7:3,19:1,61:3;8540:68320,24156:67344,38430:64050
319616506125000;3;2:3,3:3,5:6,7:1,19:1,31:1,103:1,223:1;2880:68370,10460:68290,50850:57300
319716703368216;3;2:3,3:3,7:4,11:3,31:1,67:1,223:1;25718:67144,35112:65142,39270:63756
319814623066176;3;2:6,3:3,7:1,37:3,43:1,61:1,199:1;13024:68228,38712:63972,51726:56610
319831767014032;3;2:4,7:1,13:1,67:1,73:1,103:1,271:1,1609:1;9939:68317,15550:68118,45295:60993
319858190765568;3;2:9,3:3,7:1,13:1,31:1,47:3,79:1;3807:68385,21432:67680,42488:62416
320069308267072;3;2:6,7:2,13:1,19:1,31:1,37:1,337:1,1069:1;5013:68395,27364:66912,38310:64138
320106255651000;3;2:3,3:2,5:3,7:1,13:1,37:1,109:1,199:1,487:1;9260:68350,24175:67385,38030:64240
320312519684703;3;3:11,7:3,13:1,31:1,103:1,127:1;3591:68418,6687:68400,52191:56268
320465258659000;3;2:3,5:3,7:1,13:1,19:1,31:1,37:1,283:1,571:1;19860:67870,23950:67440,52300:56190
321802921638072;3;2:3,3:3,7:1,19:1,43:1,97:1,139:3;1529:68527,12510:68388,48094:59492
322390223064000;3;2:6,3:3,5:3,7:1,13:3,37:1,43:1,61:1;18460:68120,19305:68055,38070:64410
322599256181839;3;7:1,13:1,31:1,223:1,367:1,421:1,3319:1;22054:67815,26671:67212,38679:64210
322744638470527;3;7:1,13:3,31:3,37:1,79:1,241:1;22878:67735,30628:66495,41106:63271
322835487181389;3;3:3,7:1,13:1,131:3,211:1,277:1;14541:68382,47029:60260,53448:55413
323250609590272;3;2:12,7:4,13:1,61:1,181:1,229:1;12600:68488,20832:67984,38136:64456
323897990244543;3;3:6,11:3,13:1,31:1,37:1,61:1,367:1;9900:68607,14399:68464,53823:55176
324444450710016;3;2:9,3:3,7:1,13:1,331:1,733:1,1063:1;7856:68680,39048:64224,41654:63178
325946128599000;3;2:3,3:6,5:3,7:1,13:1,37:3,97:1;1110:68820,14652:68598,21830:68080
325985481541125;3;3:3,5:3,7:1,31:4,67:1,223:1;25885:67580,35340:65565,39525:64170
326144828737000;3;2:3,5:3,7:3,13:1,31:1,37:1,43:1,1483:1;23037:67963,25690:67620,39690:64120
326724968822616;3;2:3,3:3,7:5,13:1,19:1,199:1,1831:1;8064:68838,11494:68768,50022:58632
326810275803648;3;2:9,3:6,7:1,13:1,31:1,211:1,1471:1;18624:68424,41310:63522,43272:62640
326971526807016;3;2:3,3:9,7:2,13:1,41:1,43:3;17856:68490,27864:67338,49356:59130
327436296453000;3;2:3,3:6,5:3,7:3,19:1,41:3;8610:68880,24354:67896,38745:64575
327763000000000;3;2:9,5:9,31:1,97:1,109:1;30000:67000,33900:66100,51000:58000
328070370229056;3;2:6,3:3,7:4,13:1,73:1,97:1,859:1;10836:68880,16308:68664,43092:62832
328448774823624;3;2:3,3:3,7:1,13:4,19:1,31:1,37:1,349:1;12818:68848,21138:68328,50271:58617
328591006214373;3;3:3,7:1,19:1,31:3,43:1,61:1,1171:1;15221:68758,21024:68349,46965:60822
328680474837624;3;2:3,3:3,7:1,13:3,31:1,43:1,199:1,373:1;366:69012,39624:64350,49374:59280
328798395072000;3;2:9,3:3,5:3,7:4,19:1,43:1,97:1;1540:69020,12600:68880,48440:59920
328906614051288;3;2:3,3:3,7:1,13:4,19:1,31:1,67:1,193:1;8073:68991,32838:66456,41964:63414
329583114432000;3;2:9,3:3,5:3,11:3,13:1,73:1,151:1;15675:68805,29040:67320,32384:66616
330053988706624;3;2:6,7:1,13:4,31:1,37:1,43:1,523:1;208:69108,14950:68874,49374:59410
330175414296000;3;2:6,3:3,5:3,7:1,13:1,19:3,31:1,79:1;21660:68400,29430:67290,42940:63080
330211593621000;3;2:3,3:9,5:3,7:1,13:1,19:1,31:1,313:1;15660:68850,34245:66195,49410:59400
330285246363072;3;2:6,3:6,7:1,11:3,13:1,211:1,277:1;14652:68904,47388:60720,53856:55836
330656141834144;3;2:5,7:1,19:1,67:1,193:1,457:1,13147:1;314:69150,38546:64902,41358:63818
330826433753088;3;2:12,3:3,7:3,13:1,17:1,19:1,31:1,67:1;23100:68292,35208:65976,48384:60144
330914434723840;3;2:12,5:1,11:3,31:1,79:1,4957:1;352:69168,43696:62784,50248:58872
332335671280704;3;2:6,3:6,7:1,13:3,31:1,67:1,223:1;26052:68016,35568:65988,39780:64584
332491337051328;3;2:6,3:3,7:1,13:1,229:1,1009:1,9151:1;7698:69246,44812:62360,52812:57000
332862190171875;3;3:3,5:6,7:3,13:1,19:1,67:1,139:1;3675:69300,27675:67800,41650:63875
333030184079040;3;2:6,3:2,5:1,7:4,31:1,37:1,199:1,211:1;14476:69104,19852:68768,48524:60256
333645963651000;3;2:3,3:6,5:3,7:4,11:1,13:1,31:1,43:1;21420:68670,23640:68430,44105:62815
334839991496192;3;2:9,7:4,13:1,19:1,67:1,109:1,151:1;1848:69440,12222:69314,52080:57848
335487652416000;3;2:9,3:3,5:3,7:3,19:1,31:3;8680:69440,24552:68448,39060:65100
335511698267375;3;5:3,7:1,19:1,31:1,43:1,61:1,283:1,877:1;17180:69135,23190:68615,50487:59138
335894521075848;3;2:3,3:6,7:1,19:1,43:1,47:3,97:1;1551:69513,12690:69372,48786:60348
336456585948672;3;2:9,3:6,7:4,37:1,73:1,139:1;504:69552,27104:68152,54264:56112
336963170869696;3;2:6,7:3,19:1,37:1,97:1,163:1,1381:1;17500:69216,33628:66864,39054:65218
337694546663000;3;2:3,5:3,31:1,97:1,101:3,109:1;30300:67670,34239:66761,51510:58580
337848740133723;3;3:3,7:4,13:1,19:3,211:1,277:1;14763:69426,47747:61180,54264:56259
337920923442375;3;3:6,5:3,7:4,13:3,19:1,37:1;8190:69615,31410:67455,55055:55510
338700384404928;3;2:6,3:3,7:1,13:1,19:3,43:1,67:1,109:1;12744:69564,32034:67374,43320:63612
338767797822867;3;3:3,7:1,31:1,67:1,157:3,223:1;26219:68452,35796:66411,40035:64998
339339533203125;3;3:9,5:9,7:1,13:1,97:1;1125:69750,14850:69525,22125:69000
339460658141696;3;2:9,7:4,13:3,37:1,43:1,79:1;1794:69758,19880:69216,44772:62972
340617661839000;3;2:3,3:6,5:3,7:1,13:1,43:1,97:1,1231:1;38950:65540,45855:62505,54000:56790
340629738924608;3;2:6,7:4,19:1,23:3,43:1,223:1;5336:69828,16100:69552,53774:56994
340712145027072;3;2:21,3:6,7:1,13:1,31:1,79:1;3888:69840,21888:69120,43392:63744
340878679288056;4;2:3,3:3,7:1,13:1,19:3,61:1,181:1,229:1;12825:69711,21204:69198,31086:67740,38817:65607
341293064301000;3;2:3,3:6,5:3,7:1,37:1,43:1,127:1,331:1;11490:69780,13536:69714,20040:69330
341379363227688;3;2:3,3:6,37:1,73:1,157:1,223:1,619:1;2039:69889,38970:65592,45754:62624
341861753483432;3;2:3,7:1,13:3,43:1,61:1,67:1,97:1,163:1;4992:69914,13068:69770,45812:62634
342704895197184;3;2:15,3:6,13:1,31:1,97:1,367:1;14016:69792,33856:67232,40608:65088
343092018596544;3;2:6,3:3,7:1,19:1,43:1,71:3,97:1;1562:70006,12780:69864,49132:60776
343141204494816;3;2:5,3:3,7:3,13:1,19:1,31:1,37:1,61:1,67:1;13785:69831,31038:67914,42810:64206
343273394207744;3;2:10,7:1,11:3,13:1,19:1,31:1,37:1,127:1;8877:69971,19932:69476,37400:66264
343295944875000;3;2:3,3:3,5:6,13:1,19:1,43:1,61:1,157:1;1230:70020,48775:61025,55550:55600
343513599667875;3;3:6,5:3,7:3,13:1,37:1,73:1,313:1;30555:68040,35532:66843,51170:59395
343581044625000;3;2:3,3:3,5:6,7:1,13:1,19:1,97:1,607:1;9825:69975,34800:67050,54650:56500
343669921875000;3;2:3,3:3,5:12,7:3,19:1;8750:70000,24750:69000,39375:65625
343685999313657;3;3:3,7:6,11:3,13:3,37:1;9240:69993,13993:69860,54054:57057
344006899327000;3;2:3,5:3,7:1,13:3,79:1,103:1,2749:1;18225:69655,24700:69030,49045:60915
344050261295104;3;2:18,7:1,13:1,19:1,43:1,127:1,139:1;7008:70048,40384:65280,51328:59328
344257863945912;3;2:3,3:9,7:1,31:1,73:1,79:1,1747:1;20052:69534,25380:68958,50247:60129
344400802211375;3;5:3,7:1,13:1,19:1,73:1,157:1,163:1,853:1;1340:70095,38375:66030,41943:64682
344559440895488;3;2:9,7:1,13:1,19:1,31:1,109:1,127:1,907:1;20780:69492,25344:68984,51488:59256
345094641597888;3;2:6,3:6,7:5,13:1,97:1,349:1;3192:70140,18760:69692,46123:62741
345282386403528;3;2:3,3:3,7:1,31:1,67:1,79:3,223:1;26386:68888,36024:66834,40290:65412
345526830119016;3;2:3,3:3,7:1,13:1,67:3,211:1,277:1;14874:69948,48106:61640,54672:56682
345810968992125;3;3:10,5:3,7:4,13:1,19:1,79:1;27180:68805,30125:68290,50400:60165
346197843710901;3;3:9,7:3,13:1,19:1,31:1,37:1,181:1;21357:69552,23589:69318,53676:57645
346396564464984;3;2:3,3:6,11:3,19:1,61:1,139:1,277:1;1644:70230,34144:67430,48807:61281
346452687834624;3;2:9,3:3,7:1,19:3,43:1,61:1,199:1;6198:70218,13376:70072,53124:58140
347039862414336;3;2:10,3:6,7:1,13:3,19:1,37:1,43:1;10296:70200,33624:67608,45772:63092
347522890903552;3;2:12,7:1,13:1,19:1,67:1,73:1,79:1,127:1;7984:70272,40960:65328,50184:60472
347739192344943;3;3:5,7:1,19:1,79:3,139:1,157:1;8534:70279,25359:69204,55695:55932
347824717704000;3;2:6,3:3,5:3,17:3,31:1,97:1,109:1;30600:68340,34578:67422,52020:59160
347866760139759;3;3:2,7:1,19:1,43:1,151:1,229:1,241:1,811:1;27215:68944,38300:66319,46286:62887
348091242510375;3;3:3,5:3,7:4,13:1,79:1,151:1,277:1;35063:67312,43575:64260,51135:59850
348207527828125;3;5:6,7:3,37:1,43:1,97:1,421:1;3325:70350,37750:66525,46669:62706
348446056697856;3;2:12,3:3,13:1,43:1,151:1,163:1,229:1;16936:70040,24912:69312,34128:67584
348750399809728;3;2:6,7:1,19:1,31:1,37:1,1297:1,27541:1;12759:70249,30060:68512,48456:61708
349821160609375;3;5:6,7:5,13:1,43:1,2383:1;29050:68775,46368:63007,52500:58975
349919165227625;3;5:3,7:4,19:1,67:1,331:1,2767:1;10710:70385,27860:68985,50220:60665
350391606581016;3;2:3,3:3,7:1,11:3,13:3,19:1,43:1,97:1;1573:70499,12870:70356,49478:61204
350663450337144;3;2:3,3:9,7:3,19:1,31:1,73:1,151:1;15939:70245,22064:69790,48573:61803
351255019778299;3;7:1,13:1,19:1,37:1,43:1,61:1,67:1,157:1,199:1;14626:70347,17571:70192,51003:60238
351879962258601;3;3:6,7:1,31:1,53:3,67:1,223:1;26553:69324,36252:67257,40545:65826
351984160584000;3;2:6,3:9,5:3,7:6,19:1;8820:70560,24948:69552,39690:66150
352691236734984;3;2:3,3:3,7:1,17:1,37:1,157:1,1009:1,2341:1;8644:70610,35346:67572,54786:57312
352718525944512;3;2:6,3:3,7:1,13:1,19:1,23:3,31:1,313:1;16008:70380,35006:67666,50508:60720
353094899976000;3;2:6,3:6,5:3,7:1,13:1,19:3,97:1;1140:70680,15048:70452,22420:69920
353099853288000;3;2:6,3:5,5:3,7:1,13:1,31:3,67:1;1860:70680,13920:70500,19065:70215
353235449783853;3;3:5,7:1,13:4,73:1,103:1,967:1;13845:70512,43966:64493,49764:61269
353320377944625;3;3:12,5:3,7:1,13:1,211:1,277:1;14985:70470,48465:62100,55080:57105
354038650046991;3;3:3,7:1,13:1,43:1,79:1,163:1,433:1,601:1;594:70743,6807:70722,34806:67815
354804827131881;3;3:9,7:1,19:3,37:1,73:1,139:1;513:70794,27588:69369,55233:57114
354861398528000;3;2:12,5:3,7:1,13:1,19:1,31:1,67:1,193:1;8280:70760,33680:68160,43040:65040
354996351696896;3;2:15,7:1,13:3,37:1,79:1,241:1;23616:69920,31616:68640,42432:65312
355280412811896;3;2:3,3:3,11:3,13:3,43:1,103:1,127:1;10835:70741,44616:64350,48334:62348
355798365314112;3;2:6,3:3,7:1,79:1,109:1,379:1,9013:1;25808:69700,43044:65112,46366:63506
356324569611192;3;2:3,3:9,7:1,13:1,67:1,211:1,1759:1;4929:70887,8910:70848,25164:69822
356824761921000;3;2:3,3:3,5:3,31:1,61:1,97:1,109:1,661:1;10908:70842,19800:70410,32880:68490
357794003976192;3;2:15,3:9,7:1,19:1,43:1,97:1;1584:70992,12960:70848,49824:61632
358155479701000;3;2:3,5:3,31:1,97:1,103:3,109:1;30900:69010,34917:68083,52530:59740
358228440139752;3;2:3,3:3,7:3,13:1,19:1,73:1,229:1,1171:1;20928:70410,31386:68916,42762:65424
358553011138560;3;2:12,3:3,5:1,7:1,31:1,67:1,103:1,433:1;29592:69288,36144:67776,41586:65934
358561050624000;3;2:15,3:3,5:3,7:1,31:1,67:1,223:1;26720:69760,36480:67680,40800:66240
358686602040312;3;2:3,3:3,7:1,13:1,19:1,37:3,67:1,283:1;17607:70689,17908:70670,36408:67710
358946626834432;3;2:12,7:3,13:1,19:1,31:1,61:1,547:1;18144:70672,35068:68100,44716:64596
359136257165504;3;2:6,7:1,13:1,29:3,61:1,181:1,229:1;13050:70934,21576:70412,39498:66758
359199152164125;3;3:5,5:3,7:3,13:1,37:1,229:1,313:1;1050:71085,29190:69405,33978:68397
359275089378816;3;2:9,3:3,13:1,19:1,67:1,79:1,103:1,193:1;12660:70956,21200:70456,42424:65648
360113256776000;3;2:6,5:3,7:1,13:1,19:1,67:1,73:1,5323:1;28180:69640,39700:66760,48010:62950
360181003351104;3;2:6,3:3,13:1,19:1,31:1,37:1,67:1,79:1,139:1;21384:70500,45216:64452,50088:61668
360245876073984;3;2:9,3:3,31:1,43:3,97:1,109:1;10008:71088,30960:69144,52632:59856
360431424297000;3;2:3,3:3,5:3,7:3,19:1,127:3;8890:71120,25146:70104,40005:66675
360694692626625;3;3:9,5:3,7:1,19:1,31:3,37:1;8370:71145,37305:67590,56265:56730
360696626219664;3;2:4,3:6,7:6,31:1,61:1,139:1;15498:70938,23415:70329,41454:66150
360814951288584;3;2:3,3:9,13:1,19:1,37:1,157:1,1597:1;15282:70956,35883:68013,47517:63291
361230245236224;3;2:9,3:3,7:1,13:1,17:3,211:1,277:1;15096:70992,48824:62560,55488:57528
361846608334848;3;2:12,3:9,7:1,13:1,31:1,37:1,43:1;10464:71184,23328:70416,46845:63747
362258313650415;3;3:3,5:1,7:1,13:1,37:1,61:1,67:1,109:1,1789:1;9271:71234,44658:64887,49039:62516
362453370499584;3;2:9,3:3,7:7,13:1,31:1,79:1;3969:71295,22344:70560,44296:65072
362692525255704;3;2:3,3:9,7:1,19:1,103:1,277:1,607:1;28584:69750,36828:67878,38232:67446
363331155835144;3;2:3,7:4,19:1,43:1,47:3,223:1;5452:71346,16450:71064,54943:58233
363554545536000;3;2:10,3:3,5:3,7:1,13:1,37:1,157:1,199:1;6648:71352,39460:67100,40965:66555
363994594047000;3;2:3,3:3,5:3,7:6,19:1,37:1,163:1;630:71400,30198:69552,45766:64484
364025252630312;3;2:3,7:1,13:1,19:3,271:1,367:1,733:1;684:71402,27626:69996,48317:63099
364025452819392;3;2:6,3:12,7:1,13:1,337:1,349:1;7356:71376,43740:65448,53784:59292
364076584994304;3;2:9,3:3,7:1,13:1,19:1,61:1,67:1,3727:1;18456:70992,20848:70808,28176:69912
364136374653471;3;3:12,7:1,31:1,37:1,61:1,1399:1;9567:71352,35370:68391,55647:57672
365299929729000;3;2:3,3:3,5:3,7:1,19:1,29:3,43:1,97:1;1595:71485,13050:71340,50170:62060
365326176735639;3;3:3,7:4,23:3,31:1,67:1,223:1;26887:70196,36708:68103,41055:66654
365354512909776;3;2:4,3:9,13:1,79:3,181:1;6723:71469,33417:68967,46926:63990
365613735035250;3;2:1,3:6,5:3,13:1,19:1,31:1,37:1,73:1,97:1;11853:71397,42855:65955,56025:57465
366161688198936;3;2:3,3:3,7:3,19:1,31:1,751:1,11173:1;14262:71352,23996:70630,29043:69909
366370606337967;3;3:5,7:1,11:3,79:1,127:3;12423:71430,16764:71247,53086:60071
367217055079875;3;3:6,5:3,7:4,11:3,13:1,97:1;1155:71610,15246:71379,22715:70840
367812887702904;3;2:3,3:6,7:1,31:3,193:1,1567:1;13116:71502,22942:70856,40734:66960
368561520944064;3;2:6,3:3,7:2,61:3,127:1,151:1;17436:71352,21960:71004,40504:67100
368688799232000;3;2:12,5:3,13:3,31:1,97:1,109:1;31200:69680,35256:68744,53040:60320
368841525264000;3;2:7,3:3,5:3,19:1,37:1,67:1,18127:1;12780:71580,25910:70570,43525:65915
369012768768000;3;2:24,3:3,5:3,7:3,19:1;8960:71680,25344:70656,40320:67200
369257293619487;3;3:3,7:1,13:1,137:3,211:1,277:1;15207:71514,49183:63020,55896:57951
369354733237000;3;2:3,5:3,7:1,43:1,331:1,1621:1,2287:1;3504:71746,20275:71205,53260:60210
369620656560792;3;2:3,3:9,7:1,13:1,31:1,37:1,43:1,523:1;216:71766,15525:71523,51273:61695
369794349469125;3;3:6,5:3,7:1,19:1,31:1,73:1,97:1,139:1;11250:71685,20445:71220,32310:69525
370001510545905;3;3:2,5:1,7:1,29:3,31:1,37:1,199:1,211:1;14993:71572,20561:71224,50257:62408
370516322547000;3;2:3,3:6,5:3,7:2,31:1,313:1,1069:1;25470:70740,44766:65484,50175:62505
371120983630488;3;2:3,3:9,7:6,13:1,23:1,67:1;11448:71766,35469:68859,51030:61992
371758021963776;3;2:12,3:3,7:4,19:1,31:1,2377:1;1008:71904,14301:71715,55920:58176
372175865829432;3;2:3,3:15,7:1,31:1,67:1,223:1;27054:70632,36936:68526,41310:67068
372910102786368;3;2:6,3:3,7:1,19:1,43:1,73:3,97:1;1606:71978,13140:71832,50516:62488
373520827777608;3;2:3,3:6,7:1,31:1,67:1,877:1,5023:1;18828:71586,36802:68660,44802:65700
373808294219304;3;2:3,3:6,7:1,29:3,37:1,73:1,139:1;522:72036,28072:70586,56202:58116
374238839386377;3;3:9,7:1,31:1,43:1,73:1,103:1,271:1;12825:71928,14337:71874,40428:67545
374424694685496;3;2:3,3:3,7:3,13:4,19:1,67:1,139:1;3822:72072,28782:70512,43316:66430
375847955892981;3;3:9,11:3,13:1,31:1,97:1,367:1;14454:71973,34914:69333,41877:67122
376225605317016;3;2:3,3:3,7:1,13:1,19:1,31:1,47:3,313:1;16356:71910,35767:69137,51606:62040
376550154122688;3;2:6,3:6,7:4,13:1,19:1,31:1,439:1;20034:71694,41573:67291,44604:66024
376890885439488;4;2:15,3:3,7:1,19:1,31:1,277:1,373:1;11184:72144,15560:71992,27411:70893,39296:68128
377323432622136;3;2:3,3:3,7:1,11:3,13:1,19:1,43:1,127:1,139:1;7227:72237,41646:67320,52932:61182
377402384720088;3;2:3,3:6,7:1,13:1,23:3,211:1,277:1;15318:72036,49542:63480,56304:58374
377436503277568;3;2:18,7:1,19:1,61:1,103:1,1723:1;36432:69040,43840:66432,56404:58284
377729249751000;3;2:3,3:6,5:3,7:3,19:1,43:3;9030:72240,25542:71208,40635:67725
377790116884992;3;2:9,3:3,7:2,19:3,31:1,43:1,61:1;6156:72276,11248:72200,42248:67120
378034387225768;3;2:3,7:1,13:1,59:3,61:1,181:1,229:1;13275:72157,21948:71626,40179:67909
378248139569664;3;2:9,3:6,7:2,13:1,19:1,31:1,37:1,73:1;29160:70704,30652:70436,42192:67176
378364912816527;3;3:5,7:3,13:1,37:1,43:1,139:1,1579:1;6503:72310,28686:70791,51639:62202
378921075624000;3;2:6,3:3,5:3,7:6,13:1,31:1,37:1;17245:72035,41160:67620,54880:59780
379110643141293;3;3:3,7:1,31:1,67:1,163:3,223:1;27221:71068,37164:68949,41565:67482
379426642875000;3;2:3,3:3,5:6,7:3,31:1,97:1,109:1;31500:70350,35595:69405,53550:60900
380401306753293;3;3:6,7:9,67:1,193:1;10976:72373,12789:72324,51485:62482
380625242095224;3;2:3,3:6,7:7,19:1,43:1,97:1;1617:72471,13230:72324,50862:62916
381240326376000;3;2:6,3:5,5:3,7:4,13:1,61:1,103:1;1650:72510,27680:71140,53760:60900
381710824677000;3;2:3,3:9,5:3,7:1,13:4,97:1;1170:72540,15444:72306,23010:71760
382146913249192;3;2:3,7:1,13:1,19:1,31:1,41:3,67:1,193:1;8487:72529,34522:69864,44116:66666
382568033189888;3;2:15,7:1,13:1,31:1,43:1,109:1,883:1;15716:72348,39744:68384,48528:64496
383820533539352;3;2:3,7:5,13:1,37:1,103:1,157:1,367:1;8694:72632,38976:68726,55728:59510
384042826084625;3;5:3,37:1,67:1,97:1,619:1,20641:1;4694:72681,32820:70385,52250:62265
384550360488567;3;3:3,7:2,13:1,19:3,41:1,43:3;18848:72295,29412:71079,52098:62415
385084764836928;3;2:6,3:3,13:1,31:1,37:1,193:1,211:1,367:1;13080:72612,17936:72388,20115:72237
385100352000000;3;2:12,3:3,5:6,7:1,13:1,31:1,79:1;4050:72750,22800:72000,45200:66400
385402523688000;3;2:6,3:6,5:3,7:1,13:1,19:1,37:1,1033:1;7170:72750,20080:72260,46545:65775
385666380163701;3;3:3,7:1,13:1,139:3,211:1,277:1;15429:72558,49901:63940,56712:58797
385756737859584;3;2:12,3:6,7:1,13:1,19:1,74719:1;3816:72792,37344:69360,40520:68344
386054805256568;3;2:3,7:4,19:1,31:1,61:1,73:1,79:1,97:1;4865:72807,27678:71456,49182:64400
386131033907136;3;2:6,3:3,7:1,31:1,41:3,67:1,223:1;27388:71504,37392:69372,41820:67896
386481948181056;3;2:6,3:3,7:1,13:4,19:1,97:1,607:1;10218:72774,36192:69732,56836:58760
386581923000000;3;2:6,3:3,5:6,7:3,13:3,19:1;9100:72800,25740:71760,40950:68250
387019438718976;3;2:15,3:3,7:4,19:1,43:1,223:1;5568:72864,16800:72576,56112:59472
387465411064193;3;7:4,11:1,67:1,157:1,1051:1,1327:1;8057:72870,31241:70938,57153:58556
387578991916125;3;3:6,5:3,19:1,37:1,67:1,73:1,1237:1;2466:72909,16045:72650,22740:72165
388446066602496;3;2:9,3:3,7:1,19:1,37:3,43:1,97:1;1628:72964,13320:72816,51208:63344
388764212874408;3;2:3,3:3,7:1,67:1,79:1,157:1,277:1,1117:1;1434:72984,23066:72208,44256:67098
389328121671489;3;3:3,7:1,11:3,13:3,37:1,79:1,241:1;24354:72105,32604:70785,43758:67353
390253804517304;3;2:3,3:3,7:4,13:1,29:1,31:3,67:1;8568:73038,43176:67662,47740:65534
390370977208000;3;2:6,5:3,31:1,53:3,97:1,109:1;31800:71020,35934:70066,54060:61480
390744447800616;3;2:3,3:3,7:1,13:4,19:1,37:1,61:1,211:1;12181:72995,46202:66352,52650:62556
393237563362875;3;3:6,5:3,7:1,11:3,31:1,67:1,223:1;27555:71940,37620:69795,42075:68310
393478482402243;3;3:6,7:1,37:1,59:3,73:1,139:1;531:73278,28556:71803,57171:59118
393680658228039;3;3:3,7:3,13:1,19:1,37:1,79:1,97:1,607:1;2079:73290,6167:73276,55454:60655
393833862521288;3;2:3,7:1,31:1,67:3,571:1,1321:1;3216:73298,8642:73260,57017:59295
394050141576000;3;2:6,3:3,5:3,7:4,13:1,211:1,277:1;15540:73080,50260:64400,57120:59220
394154173504000;3;2:9,5:3,7:1,13:3,43:1,67:1,139:1;14760:73120,41485:68595,51840:63400
394284338413056;3;2:9,3:3,7:1,13:1,373:1,823:1,1021:1;184:73328,37532:69892,57336:59040
395378096533056;3;2:6,3:3,7:1,13:1,73:1,79:1,127:1,3433:1;6336:73380,35715:70461,43248:68004
395389964273976;3;2:3,3:3,7:1,23:1,37:1,43:1,61:1,193:1,607:1;10440:73326,36201:70335,37150:70076
395571844269000;3;2:3,3:3,5:3,7:3,19:1,131:3;9170:73360,25938:72312,41265:68775
395601565962304;3;2:6,13:4,43:2,67:1,1747:1;17784:73060,23556:72592,48960:65284
396038400789213;3;3:3,7:3,13:2,19:1,31:1,43:1,97:1,103:1;20076:72933,41181:68838,54376:61733
396316667755736;3;2:3,7:1,13:1,19:1,67:1,109:1,571:1,6871:1;3062:73452,32694:71228,53721:62255
396373295255112;3;2:3,3:3,7:1,19:1,43:1,97:1,149:3;1639:73457,13410:73308,51554:63772
396581034929625;3;3:6,5:3,7:1,13:1,79:3,97:1;1185:73470,15642:73233,23305:72680
397584113472000;3;2:9,3:3,5:3,7:1,13:1,61:1,181:1,229:1;13500:73380,22320:72840,40860:69060
398018953253376;3;2:9,3:6,7:1,13:1,19:1,37:1,79:1,211:1;32520:71376,33714:71118,38088:69984
400144490997966;3;2:1,3:3,11:3,13:1,19:1,31:1,37:1,43:1,457:1;2013:73689,17105:73381,55099:61523
400373876168000;3;2:6,5:3,7:4,19:1,31:1,43:1,823:1;12414:73586,48440:65940,50400:64820
400430756744424;3;2:3,3:3,7:1,31:1,67:1,83:3,223:1;27722:72376,37848:70218,42330:68724
400710665764864;3;2:18,7:1,13:1,19:3,31:1,79:1;4104:73720,23104:72960,31392:71776
400754574065664;3;2:15,3:6,7:1,13:1,19:1,31:1,313:1;16704:73440,36528:70608,52704:63360
401080291440192;3;2:6,3:3,7:3,13:4,19:1,29:1,43:1;12324:73632,33348:71400,56455:60473
401523768809000;3;2:3,5:3,31:1,97:1,107:3,109:1;32100:71690,36273:70727,54570:62060
401857423387875;3;3:6,5:3,7:2,13:1,19:1,199:1,1831:1;8640:73755,12315:73680,53595:62820
402554530582659;3;3:6,7:1,13:1,47:3,211:1,277:1;15651:73602,50619:64860,57528:59643
404103089869479;3;3:3,7:4,11:3,13:1,19:1,67:1,283:1;9982:73871,18634:73535,37884:70455
404300649908736;3;2:9,3:6,7:1,19:1,37:1,43:1,5119:1;9704:73888,48168:66384,48948:65964
404407647000000;3;2:6,3:6,5:6,7:1,19:1,43:1,97:1;1650:73950,13500:73800,51900:64200
404700069312000;3;2:9,3:6,5:3,7:3,11:3,19:1;9240:73920,26136:72864,41580:69300
406175685342336;3;2:7,3:5,7:3,13:4,31:1,43:1;33033:71799,39364:70148,51402:64662
407028149978625;3;3:5,5:3,7:1,97:1,157:1,337:1,373:1;34665:71490,38721:70404,56670:60825
407178950640625;3;5:6,31:1,43:3,97:1,109:1;10425:74050,32250:72025,54825:62350
407195770415616;3;2:9,3:6,7:3,13:1,19:1,79:1,163:1;8064:74088,37224:70848,48468:66444
407711139287697;3;3:3,7:1,31:1,67:1,167:3,223:1;27889:72812,38076:70641,42585:69138
407858176557000;3;2:3,3:3,5:3,13:1,37:1,67:1,73:1,6421:1;210:74160,41427:69573,46305:67575
408283682625000;3;2:3,3:3,5:6,7:1,13:1,19:1,31:1,37:1,61:1;4570:74180,5625:74175,52300:64250
408671574345216;3;2:9,3:6,7:1,13:1,17:3,31:1,79:1;4131:74205,23256:73440,46104:67728
409027840929792;3;2:12,3:5,7:1,19:1,37:3,61:1;4832:74224,11100:74148,28416:72816
409612562415000;3;2:3,3:5,5:4,7:1,31:1,37:1,199:1,211:1;15510:74040,21270:73680,51990:64560
410224596320448;3;2:6,3:3,7:4,13:1,19:1,31:1,37:1,349:1;13804:74144,22764:73584,54138:63126
410513984048448;3;2:6,3:3,7:4,31:1,43:1,199:1,373:1;30036:72648,42672:69300,53172:63840
410796426470976;3;2:6,3:3,7:4,13:1,19:1,31:1,67:1,193:1;8694:74298,35364:71568,45192:68292
411001113026448;3;2:4,3:3,7:1,31:1,37:1,61:1,67:1,79:1,367:1;422:74350,6922:74330,55047:62505
411061804224552;3;2:3,3:6,13:1,17:3,31:1,97:1,367:1;14892:74154,35972:71434,43146:69156
411180408809352;3;2:3,3:3,7:1,13:1,71:3,211:1,277:1;15762:74124,50978:65320,57936:60066
411277178137625;3;5:3,31:1,37:1,241:1,607:1,19609:1;20220:73865,24585:73460,43110:69185
411715584724472;3;2:3,7:10,19:1,43:1,223:1;5684:74382,17150:74088,57281:60711
411832512000000;3;2:12,3:6,5:6,7:1,13:1,97:1;1200:74400,15840:74160,23600:73600
411838546392000;3;2:6,3:3,5:3,7:1,13:1,19:1,67:1,109:1,151:1;1980:74400,13095:74265,55800:61980
412229469736448;3;2:9,7:4,13:1,31:1,37:1,43:1,523:1;224:74424,16100:74172,53172:63980
412229923045759;3;7:1,13:1,31:1,37:1,43:2,241:1,8863:1;23487:73636,48319:66900,49863:66058
412508329152192;3;2:6,3:6,7:1,13:1,31:1,79:1,97:1,409:1;2348:74440,30348:72720,40812:70104
412549840784088;3;2:3,3:3,7:1,19:1,43:1,97:1,151:3;1661:74443,13590:74292,52246:64628
412675520933312;3;2:6,7:1,13:1,17:3,19:1,43:1,127:1,139:1;7446:74426,42908:69360,54536:63036
412832592134144;3;2:15,7:1,13:1,31:1,43:1,283:1,367:1;7776:74432,41064:70040,55136:62592
412886984256000;3;2:9,3:9,5:3,31:1,97:1,109:1;32400:72360,36612:71388,55080:62640
412995634623000;3;2:3,3:2,5:3,11:3,13:1,37:1,229:1,313:1;1100:74470,30580:72710,35596:71654
413069422624768;3;2:18,7:3,13:1,193:1,1831:1;12096:74368,47124:67564,53056:64128
413130653724672;3;2:12,3:3,13:1,19:1,43:1,547:1,643:1;18496:74096,35688:71640,54688:62960
413383686782976;3;2:15,3:3,7:1,13:1,43:1,97:1,1231:1;5388:74484,48912:66672,57600:60576
413826886872000;3;2:6,3:9,5:3,7:1,37:1,73:1,139:1;540:74520,29040:73020,58140:60120
413967653883000;3;2:3,3:3,5:3,7:6,19:4;9310:74480,26334:73416,41895:69825
414717382138752;3;2:7,3:3,7:3,11:3,31:1,61:1,139:1;16236:74316,24530:73678,43428:69300
415079236228608;3;2:9,3:6,7:4,31:1,67:1,223:1;28056:73248,38304:71064,42840:69552
416818343964672;3;2:12,3:3,13:1,19:1,139:1,151:1,727:1;12144:74592,32000:72688,49188:66780
417112617704419;3;7:4,13:4,73:1,97:1,859:1;11739:74620,17667:74386,46683:68068
417796479907352;3;2:3,7:1,13:1,61:4,181:1,229:1;13725:74603,22692:74054,41541:70211
419310495305793;3;3:12,7:3,13:1,19:1,67:1,139:1;3969:74844,29889:73224,44982:68985
419928637881753;3;3:3,7:1,11:3,13:4,211:1,277:1;15873:74646,51337:65780,58344:60489
420507683803584;3;2:6,3:9,13:1,31:1,37:1,61:1,367:1;10800:74844,15708:74688,58716:60192
420616710043712;3;2:6,7:3,13:4,17:1,19:1,31:1,67:1;25025:73983,38142:71474,52416:65156
420800595554304;3;2:12,3:3,7:1,19:4,43:1,97:1;1672:74936,13680:74784,52592:65056
422535572803071;3;3:3,7:1,13:6,31:1,67:1,223:1;28223:73684,38532:71487,43095:69966
422592019282251;3;3:3,7:1,13:1,43:1,71:1,181:1,439:1,709:1;18864:74643,47672:67987,58248:60819
423375653736000;3;2:6,3:3,5:3,7:3,19:1,67:3;9380:75040,26532:73968,42210:70350
424462590127000;3;2:3,5:3,31:1,97:1,109:4;32700:73030,36951:72049,55590:63220
424581137344000;3;2:9,5:3,7:1,13:1,271:1,367:1,733:1;720:75160,29080:73680,50860:66420
425409569652375;3;3:3,5:3,7:1,11:3,19:1,31:1,103:1,223:1;3168:75207,11506:75119,55935:63030
425804950167688;3;2:3,7:1,13:3,17:3,37:1,79:1,241:1;25092:74290,33592:72930,45084:69394
426327174517608;3;2:3,3:3,7:7,13:1,19:1,31:1,313:1;17052:74970,37289:72079,53802:64680
426539259275129;3;7:1,11:3,13:1,19:1,31:1,37:1,283:1,571:1;21846:74657,26345:74184,57530:61809
426561733664073;3;3:3,7:1,19:4,103:1,277:1,607:1;30172:73625,38874:71649,40356:71193
427275713237184;3;2:6,3:3,7:1,19:3,43:1,229:1,523:1;51262:66386,52620:65544,56544:62700
427470082050375;3;3:18,5:3,7:1,13:1,97:1;1215:75330,16038:75087,23895:74520
427888521216000;3;2:15,3:6,5:3,13:1,73:1,151:1;17100:75060,31680:73440,35328:72672
428092029153432;3;2:3,3:6,7:1,19:1,31:1,139:1,349:1,367:1;2196:75366,32086:73376,56790:62568
428532444168192;3;2:18,3:2,7:1,13:1,31:3,67:1;1984:75392,14848:75200,20336:74896
428800079425536;3;2:12,3:9,7:1,13:1,211:1,277:1;15984:75168,51696:66240,58752:60912
429160630257576;3;2:3,3:9,7:1,17:3,19:1,43:1,97:1;1683:75429,13770:75276,52938:65484
430080674247000;3;2:3,3:3,5:3,7:1,17:3,31:1,67:1,223:1;28390:74120,38760:71910,43350:70380
430214415740928;3;2:12,3:3,7:1,13:1,103:1,181:1,2293:1;29936:73888,42096:70848,59014:60794
432353241395712;3;2:9,3:3,7:2,13:1,97:1,439:1,1153:1;7424:75592,38580:72108,43656:70416
432780282742437;3;3:3,7:4,19:3,67:1,73:1,199:1;11837:75544,28434:74277,58496:61501
432813164886648;3;2:3,3:12,7:1,13:1,19:1,97:1,607:1;10611:75573,37584:72414,59022:61020
432925124625000;3;2:3,3:12,5:6,7:3,19:1;9450:75600,26730:74520,42525:70875
433185522352128;3;2:15,3:3,7:1,13:4,31:1,79:1;4212:75660,23712:74880,47008:69056
434865002819877;3;3:6,7:1,37:1,61:3,73:1,139:1;549:75762,29524:74237,59109:61122
436140795976704;3;2:10,3:3,7:1,13:1,19:1,103:1,283:1,313:1;772:75836,3270:75834,55747:64061
436252553000000;3;2:6,5:6,11:3,31:1,97:1,109:1;33000:73700,37290:72710,56100:63800
436274531457128;3;2:3,7:3,13:1,19:1,31:1,193:1,271:1,397:1;19962:75380,31640:73962,49658:67956
436319249498496;3;2:7,3:6,7:1,13:1,37:1,97:1,103:1,139:1;29580:74316,39717:72027,57030:63066
437031592888969;3;13:1,31:1,2971:1,3121:1,116953:1;16473:75628,21438:75313,48192:68761
437440591000000;3;2:6,5:6,7:4,19:1,43:1,223:1;5800:75900,17500:75600,58450:61950
437630663840832;3;2:6,3:3,7:4,11:3,19:1,43:1,97:1;1694:75922,13860:75768,53284:65912
437715065796309;3;3:9,7:1,19:3,31:1,67:1,223:1;28557:74556,38988:72333,43605:70794
437749766221824;3;2:12,3:6,7:1,19:1,31:3,37:1;8928:75888,39792:72096,60016:60512
437795595066375;3;3:3,5:3,7:1,13:1,29:3,211:1,277:1;16095:75690,52055:66700,59160:61335
438682530534976;3;2:6,7:1,13:1,31:3,61:1,181:1,229:1;13950:75826,23064:75268,42222:71362
438811069552128;3;2:9,3:3,7:1,13:1,19:1,37:1,127:1,3907:1;4824:75984,50328:67776,52160:66712
439386172407000;3;2:3,3:5,5:3,7:3,13:1,31:1,103:1,127:1;3990:76020,7430:76000,57990:62520
439463476427976;3;2:3,3:3,7:1,11:3,13:1,19:3,31:1,79:1;23826:75240,32373:74019,47234:69388
439895140048000;3;2:7,5:3,7:1,13:1,19:1,31:1,43:1,79:1,151:1;13530:75910,21135:75505,40980:71860
440464644579141;3;3:6,7:1,13:1,67:1,157:1,337:1,1873:1;18981:75690,42634:71333,50469:67818
440843206449464;3;2:3,7:1,13:1,19:1,31:1,43:3,67:1,193:1;8901:76067,36206:73272,46268:69918
441182555396856;3;2:3,3:5,7:4,13:1,73:1,103:1,967:1;14910:75936,47348:69454,53592:65982
441246198529584;3;2:4,3:6,7:1,19:1,31:1,37:1,43:1,73:1,79:1;5346:76122,41094:71910,48987:68661
441705728475648;3;2:9,3:3,7:4,13:1,37:1,73:1,379:1;9744:76104,30310:74522,50184:68064
441883071762840;3;2:3,3:3,5:1,37:1,919:1,3061:1,3931:1;15894:75936,37191:73089,49476:68454
442316824712000;3;2:6,5:3,7:1,37:1,43:1,103:1,157:1,307:1;6705:76175,12500:76080,46080:70100
442453162185216;3;2:9,3:5,7:1,13:1,19:1,31:1,43:1,1543:1;20256:75720,38256:72840,38756:72700
442617122304000;3;2:12,3:3,5:3,7:3,17:3,19:1;9520:76160,26928:75072,42840:71400
443023259035968;3;2:6,3:3,13:1,19:1,31:1,73:1,523:1,877:1;5364:76224,41049:72039,52308:66936
443240303693824;3;2:12,7:1,13:3,31:1,61:3;12688:76128,28236:74932,60024:61000
443498571243000;3;2:3,3:6,5:3,7:1,13:1,41:3,97:1;1230:76260,16236:76014,24190:75440
443898261655875;3;3:3,5:3,13:3,73:1,151:1,5431:1;5190:76275,12155:76180,23315:75550
444338513710091;3;7:3,11:3,13:1,19:1,31:1,79:1,1609:1;2772:76307,44814:70763,59990:61131
444373711262208;3;2:9,3:5,7:1,13:1,19:1,31:1,37:1,1801:1;6288:76296,11325:76227,45636:70428
445207362609375;3;3:3,5:6,19:1,37:1,1087:1,1381:1;5175:76350,28575:75000,32540:74335
445375510017984;3;2:6,3:2,7:3,13:1,19:1,31:1,37:1,73:1,109:1;15740:76144,34730:73894,51352:67676
445439272686912;3;2:6,3:3,7:1,31:1,43:3,67:1,223:1;28724:74992,39216:72756,43860:71208
445491412912000;3;2:7,5:3,7:4,13:1,337:1,2647:1;14812:76188,18340:76020,31300:74580
445662227791872;4;2:16,3:3,7:1,13:1,19:1,31:1,37:1,127:1;9684:76332,21744:75792,40800:72288,53288:66520
446211415251000;3;2:3,3:3,5:3,7:1,19:1,31:3,43:1,97:1;1705:76415,13950:76260,53630:66340
446645595045888;3;2:15,3:3,7:1,19:1,67:1,181:1,313:1;11192:76360,13856:76288,54192:66000
446916046429944;3;2:3,3:3,7:1,13:1,73:3,211:1,277:1;16206:76212,52414:67160,59568:61758
447328739579904;3;2:11,3:3,7:1,13:2,37:1,421:1,439:1;23748:75708,41352:72216,58456:62792
447356517856192;3;2:6,7:4,19:1,37:1,43:1,193:1,499:1;27384:75292,45241:70791,56604:64312
447697432546875;3;3:6,5:6,7:3,19:1,37:1,163:1;675:76500,32355:74520,49035:69090
447995072161728;3;2:6,3:3,7:1,13:1,19:1,61:1,73:1,151:1,223:1;29308:75056,37020:73512,45984:70524
448258839453000;3;2:3,3:3,5:3,31:1,37:3,97:1,109:1;33300:74370,37629:73371,56610:64380
448409191332375;3;3:6,5:3,7:3,13:1,31:1,97:1,367:1;15330:76335,37030:73535,44415:71190
448520612904000;3;2:6,3:3,5:3,7:2,13:1,41:1,43:3;19840:76100,30960:74820,54840:65700
448793379385344;3;2:12,3:3,7:1,19:1,31:1,73:1,97:1,139:1;12000:76464,21808:75968,34464:74160
449509726425088;3;2:12,7:1,19:1,31:1,61:1,163:1,2677:1;1221:76603,35292:74020,56328:64696
450169523713000;3;2:3,5:3,7:4,13:1,19:1,43:1,127:1,139:1;7665:76615,44170:71400,56140:64890
451954364700195;3;3:2,5:1,7:1,31:4,37:1,199:1,211:1;16027:76508,21979:76136,53723:66712
452347931426328;3;2:3,3:9,7:3,31:1,43:1,61:1,103:1;15687:76545,26406:75708,45990:70812
452452702527000;3;2:3,3:3,5:3,7:3,19:1,137:3;9590:76720,27126:75624,43155:71925
452884897992527;3;7:4,11:1,13:1,103:1,1201:1,10663:1;15911:76566,27503:75600,46790:70503
452965149000000;3;2:6,3:3,5:6,7:1,13:1,19:1,31:1,313:1;17400:76500,38050:73550,54900:66000
453253820154723;3;3:3,7:1,31:1,67:1,173:3,223:1;28891:75428,39444:73179,44115:71622
454255517911104;3;2:6,3:3,7:4,13:1,19:1,31:1,79:1,181:1;25648:75908,31332:75096,39810:73134
454903603435008;3;2:9,3:6,7:1,13:3,19:1,43:1,97:1;1716:76908,14040:76752,53976:66768
454975312311000;3;2:3,3:3,5:3,13:1,19:1,211:1,313:1,1033:1;46031:70969,52680:67590,60240:61830
455729701176477;3;3:9,7:1,13:1,31:1,43:1,163:1,1171:1;30294:75357,33120:74853,49326:69501
456162295141917;3;3:6,7:7,13:1,211:1,277:1;16317:76734,52773:67620,59976:62181
456229765103040;3;2:6,3:6,5:1,19:1,43:1,79:1,157:1,193:1;7824:76956,16134:76746,28572:75648
456604325437176;3;2:3,3:6,7:1,31:3,37:1,73:1,139:1;558:77004,30008:75454,60078:62124
457160690259000;3;2:3,3:6,5:3,7:1,13:1,19:1,47:1,7717:1;30312:75438,41380:72830,48375:70065
457938463172671;3;13:4,19:1,31:1,37:1,67:1,79:1,139:1;23166:76375,48984:69823,54262:66807
457993100282536;3;2:3,7:1,13:1,29:3,31:1,37:1,43:1,523:1;232:77082,16675:76821,55071:66265
458020943133416;3;2:3,13:3,31:1,43:3,97:1,109:1;10842:77012,33540:74906,57018:64844
458528860469303;3;13:3,17:3,19:1,487:1,4591:1;935:77112,16487:76860,32487:75140
458660680837632;3;2:9,3:3,7:1,13:1,31:1,53:3,79:1;4293:77115,24168:76320,47912:70384
458869675905088;3;2:6,7:1,19:1,1327:1,1489:1,27283:1;24560:76292,34340:74792,39716:73448
459922805740125;3;3:6,5:3,7:1,13:1,83:3,97:1;1245:77190,16434:76941,24485:76360
460253309358024;3;2:3,3:6,7:4,13:1,61:1,181:1,229:1;14175:77049,23436:76482,42903:72513
460483416064000;3;2:15,5:3,7:3,31:1,97:1,109:1;33600:75040,37968:74032,57120:64960
460560650921000;3;2:3,5:3,7:1,19:1,23:3,31:1,9181:1;34362:74888,55530:66140,58535:63825
461159233435656;3;2:3,3:6,7:1,29:3,31:1,67:1,223:1;29058:75864,39672:73602,44370:72036
461250603560448;3;2:9,3:6,13:3,43:1,103:1,127:1;11820:77172,48672:70200,52728:68016
461746693077696;3;2:6,3:3,13:1,97:1,499:1,631:1,673:1;552:77292,20074:76838,21720:76716
461903485083768;3;2:3,3:6,7:1,13:3,43:1,229:1,523:1;48144:70494,52611:68133,58032:64350
462409852262904;3;2:3,3:8,7:1,13:1,19:1,73:1,223:1,313:1;6984:77310,33132:75246,47484:70830
462432921048000;3;2:6,3:6,5:3,7:3,19:1,23:3;9660:77280,27324:76176,43470:72450
462826342502433;3;3:9,7:1,13:4,337:1,349:1;7969:77324,47385:70902,58266:64233
463150801391544;3;2:3,3:3,7:6,19:1,67:1,103:1,139:1;4830:77364,53361:67767,58702:63896
463707947339784;3;2:3,3:3,7:1,19:1,43:1,97:1,157:3;1727:77401,14130:77244,54322:67196
464215454693928;3;2:3,3:3,7:4,17:3,19:1,43:1,223:1;5916:77418,17850:77112,59619:63189
464491838958875;3;5:3,7:4,13:3,37:1,79:1,241:1;25830:76475,34580:75075,46410:71435
465535202827968;3;2:6,3:3,7:1,13:1,37:3,211:1,277:1;16428:77256,53132:68080,60384:62604
467647411113792;3;2:6,3:3,7:6,13:1,19:1,67:1,139:1;4116:77616,30996:75936,46648:71540
468484819007625;3;3:5,5:3,7:4,31:1,43:1,61:1,79:1;34980:75225,46290:71745,54425:67480
469156037765625;3;3:3,5:6,7:4,31:1,67:1,223:1;29225:76300,39900:74025,44625:72450
469780268339655;3;3:12,5:1,7:3,13:1,31:1,1279:1;10206:77679,21207:77208,35343:75222
469811280204288;3;2:9,3:3,11:3,109:1,433:1,541:1;8624:77704,18440:77392,40392:73920
469976040608256;3;2:9,3:3,7:1,13:1,31:1,139:1,277:1,313:1;8712:77712,26736:76680,50118:70074
471022714743616;3;2:6,7:1,61:1,73:1,103:1,463:1,4951:1;1410:77806,38424:74548,50202:70102
471165279128280;3;2:3,3:6,5:1,11:3,31:1,79:1,4957:1;396:77814,49158:70632,56529:66231
471234436813341;3;3:6,73:1,103:1,127:1,151:1,4483:1;21978:77229,45477:72252,51756:69285
471911897676375;3;3:2,5:3,13:1,23:3,37:1,229:1,313:1;1150:77855,31970:76015,37214:74911
472227026512248;3;2:3,3:3,7:3,673:1,757:1,12511:1;6944:77854,17822:77560,38451:74613
472233009528000;3;2:6,3:3,5:3,7:1,31:1,73:1,79:1,1747:1;22280:77260,28200:76620,55830:66810
472320521440768;3;2:9,7:1,11:3,13:1,19:1,31:1,67:1,193:1;9108:77836,37048:74976,47344:71544
472376380325544;3;2:3,3:2,19:1,61:1,73:1,271:1,277:1,1033:1;47002:71696,52228:69098,60523:63053
472558833621000;3;2:3,3:3,5:3,7:3,19:1,139:3;9730:77840,27522:76728,43785:72975
472625165912256;3;2:6,3:3,7:1,19:1,43:1,79:3,97:1;1738:77894,14220:77736,54668:67624
472928249411000;3;2:3,5:3,31:1,97:1,109:1,113:3;33900:75710,38307:74693,57630:65540
473879262629808;3;2:4,3:3,7:3,23:3,31:1,61:1,139:1;16974:77694,25645:77027,45402:72450
474894161469000;3;2:3,3:3,5:3,7:3,13:1,19:1,31:1,37:1,181:1;23730:77280,26210:77020,59640:64050
475035631113771;3;3:3,7:1,13:1,149:3,211:1,277:1;16539:77778,53491:68540,60792:63027
475939145945088;3;2:12,3:6,7:1,19:1,31:1,67:1,577:1;15888:77856,34917:75675,49984:70544
476747611704000;3;2:6,3:9,5:3,7:4,13:1,97:1;1260:78120,16632:77868,24780:77280
477220141944000;3;2:6,3:3,5:3,7:1,13:1,19:1,1033:1,1237:1;7376:78124,17930:77830,26640:77100
477244758380544;3;2:12,3:3,7:1,11:3,31:1,67:1,223:1;29392:76736,40128:74448,44880:72864
477491091098112;3;2:9,3:5,7:1,13:1,103:1,241:1,1699:1;18600:77808,46362:72294,53808:68520
477682769813256;3;2:3,3:3,7:1,19:1,37:1,139:1,1399:1,2311:1;14572:78002,19284:77778,35208:75714
479056349915199;3;3:12,7:4,37:1,73:1,139:1;567:78246,30492:76671,61047:63126
479310744768856;3;2:3,7:1,11:3,13:1,19:1,67:1,73:1,5323:1;30998:76604,43670:73436,52811:69245
479394551766104;3;2:3,13:1,19:1,37:1,349:1,1669:1,11257:1;11883:78173,26009:77295,56988:66518
479420350685064;3;2:3,3:11,19:3,31:1,37:1,43:1;17442:77976,38988:74898,45232:72866
479876227032384;3;2:6,3:3,7:4,13:1,37:2,67:1,97:1;28980:76944,45332:72856,53319:68985
479995113063375;3;3:6,5:3,7:1,13:1,29:1,31:3,67:1;9180:78255,46260:72495,51150:70215
480330291566125;3;5:3,7:1,11:3,13:1,19:1,109:1,15319:1;8230:78285,17050:78045,38940:74965
480690239839992;3;2:3,3:6,7:1,13:1,17:3,19:1,31:1,313:1;17748:78030,38811:75021,55998:67320
481502164927680;3;2:6,3:3,5:1,13:1,19:2,43:1,157:1,1759:1;28428:77112,37678:75362,53424:69036
481655978099352;3;2:3,3:6,7:1,19:1,43:1,53:3,97:1;1749:78387,14310:78228,55014:68052
482519860379648;3;2:21,7:1,13:1,61:1,181:1,229:1;14400:78272,23808:77696,43584:73664
482706629862912;3;2:9,3:3,7:4,13:1,19:1,97:1,607:1;11004:78372,38976:75096,61208:63280
482780943792000;3;2:7,3:3,5:3,7:1,31:1,37:1,181:1,769:1;13980:78300,34932:76068,59610:64710
482831496000000;3;2:9,3:3,5:6,7:6,19:1;9800:78400,27720:77280,44100:73500
484664441625000;3;2:3,3:6,5:6,7:1,13:1,211:1,277:1;16650:78300,53850:69000,61200:63450
485115534618624;3;2:12,3:12,7:1,13:1,31:1,79:1;4374:78570,24624:77760,48816:71712
485425920516327;3;3:6,7:1,31:1,59:3,67:1,223:1;29559:77172,40356:74871,45135:73278
485595306072000;3;2:6,3:3,5:3,19:3,31:1,97:1,109:1;34200:76380,38646:75354,58140:66120
486840094208000;3;2:12,5:3,13:1,31:1,37:1,43:1,1483:1;26328:77672,29360:77280,45360:73280
486940743281547;3;3:6,19:1,37:1,43:1,241:1,277:1,331:1;13707:78534,33660:76563,55563:68070
487706075910144;3;2:12,3:3,7:2,13:1,19:1,199:1,1831:1;9216:78672,13136:78592,57168:67008
487952868356928;3;2:6,3:12,13:1,31:1,97:1,367:1;15768:78516,38088:75636,45684:73224
488030389060032;3;2:6,3:3,7:4,13:1,19:1,37:1,61:1,211:1;13118:78610,49756:71456,56700:67368
488266868992383;3;3:9,13:1,19:3,37:1,73:1,103:1;25002:77895,36252:76095,59071:65588
489610039883328;3;2:6,3:3,7:2,13:4,61:1,3319:1;21060:78312,46468:73016,55224:68484
489868438445568;3;2:9,3:6,7:1,13:1,19:1,43:1,127:1,139:1;7884:78804,45432:73440,57744:66744
490801102848000;3;2:18,3:3,5:3,7:1,19:1,43:1,97:1;1760:78880,14400:78720,55360:68480
491505739117848;3;2:3,3:3,7:4,13:1,271:1,367:1,733:1;756:78918,30534:77364,53403:69741
491729550960375;3;3:3,5:3,7:2,13:2,19:1,277:1,3343:1;15:78930,25884:77991,56295:67920
492061172954624;3;2:9,7:4,13:3,19:1,43:1,223:1;6032:78936,18200:78624,60788:64428
492316288407125;3;5:3,7:1,13:1,19:1,37:1,157:1,271:1,1447:1;15285:78770,26445:77960,53660:69645
493251963939000;3;2:3,3:6,5:3,7:3,19:1,47:3;9870:78960,27918:77832,44415:74025
493700049408888;3;2:3,3:3,7:1,31:1,67:1,89:3,223:1;29726:77608,40584:75294,45390:73692
493977815296875;3;3:6,5:6,7:1,13:1,17:3,97:1;1275:79050,16830:78795,25075:78200
494422495987329;3;3:3,7:1,13:1,151:3,211:1,277:1;16761:78822,54209:69460,61608:63873
494812866149784;3;2:3,3:6,7:1,13:1,19:1,67:1,73:1,79:1,127:1;8982:79056,46080:73494,56457:68031
495364780999872;3;2:6,3:3,7:4,31:1,61:1,103:1,613:1;11730:79038,39160:75788,58121:66871
496127295571752;3;2:3,3:9,13:1,43:1,151:1,163:1,229:1;19053:78795,28026:77976,38394:76032
497117942415360;3;2:15,3:2,5:1,7:1,31:1,37:1,199:1,211:1;16544:78976,22688:78592,55456:68864
497520610776000;3;2:6,3:3,5:3,7:1,19:1,103:1,277:1,607:1;31760:77500,40920:75420,42480:74940
498161633022144;3;2:6,3:3,7:1,13:1,61:1,199:1,499:1,523:1;2316:79272,54858:69318,61196:64552
498437885043000;3;2:3,3:3,5:3,7:1,19:3,31:1,79:1,157:1;10260:79230,42888:74862,53580:70110
498486552625000;3;2:3,5:6,23:3,31:1,97:1,109:1;34500:77050,38985:76015,58650:66700
498716123750208;3;2:6,3:3,7:1,13:1,31:1,79:1,109:3;6984:79284,24852:78480,49268:72376
499167950429304;3;2:3,3:3,13:4,19:1,43:1,97:1,1021:1;312:79326,19422:78936,40860:75534
499501199799000;3;2:3,3:6,5:3,7:1,31:1,37:1,61:1,1399:1;10630:79280,39300:75990,61830:64080
499819462524928;3;2:18,7:1,13:1,19:1,67:1,109:1,151:1;2112:79360,13968:79216,59520:66112
499962937324032;3;2:9,3:6,7:1,13:1,19:1,31:1,67:1,373:1;1200:79368,55169:69247,55368:69120
500061259105128;3;2:3,3:3,7:4,19:1,23:3,43:1,97:1;1771:79373,14490:79212,55706:68908
500205055168000;3;2:9,5:3,7:4,13:1,241:1,1039:1;11704:79296,58000:67320,58485:66955
501172171344000;3;2:7,3:3,5:3,13:1,79:3,181:1;7470:79410,37130:76630,52140:71100
501295812040296;3;2:3,3:3,7:1,13:1,19:1,43:1,211:1,337:1,439:1;7530:79416,26727:78417,36474:76788
502067670294141;3;3:3,7:1,31:1,67:1,179:3,223:1;29893:78044,40812:75717,45645:74106
502232571445248;3;2:18,3:6,7:1,37:1,73:1,139:1;576:79488,30976:77888,62016:64128
502609147867008;3;2:7,3:3,7:1,13:2,19:1,61:1,73:1,1453:1;20836:79028,28620:78252,36774:76794
503821293192000;3;2:6,3:3,5:3,7:3,19:1,71:3;9940:79520,28116:78384,44730:74550
504310655826432;3;2:9,3:3,7:1,13:1,19:3,211:1,277:1;16872:79344,54568:69920,62016:64296
504558313623000;3;2:3,3:6,5:3,7:1,13:1,19:1,31:1,37:1,349:1;14790:79440,24390:78840,58005:67635
504879027326856;3;2:3,3:3,7:1,13:1,19:1,73:1,1249:1,14827:1;9378:79584,18108:79314,45092:74482
505261639701000;3;2:3,3:6,5:3,7:1,13:1,19:1,31:1,67:1,193:1;9315:79605,37890:76680,48420:73170
505281414558375;3;3:3,5:3,7:1,13:3,31:1,43:1,67:1,109:1;11895:79560,19615:79250,50338:72287
505453789818432;3;2:6,3:6,7:1,13:3,37:1,79:1,241:1;26568:78660,35568:77220,47736:73476
505493227603000;3;2:3,5:3,7:1,13:4,61:1,181:1,229:1;14625:79495,24180:78910,44265:74815
506154923886528;3;2:6,3:3,7:1,31:1,37:1,67:1,73:1,7459:1;9596:79648,9864:79644,30438:78186
507024220248000;3;2:6,3:3,5:3,7:1,13:1,31:1,37:1,43:1,523:1;240:79740,17250:79470,56970:68550
507303632489472;3;2:10,3:5,7:6,13:1,31:1,43:1;35574:77322,42392:75544,55356:69636
507430874406456;3;2:3,3:5,7:4,11:3,13:1,61:1,103:1;1815:79761,30448:78254,59136:66990
508252843000000;3;2:6,5:6,7:2,31:1,313:1,1069:1;28300:78600,49740:72760,55750:69450
509082282072000;3;2:6,3:3,5:3,7:6,13:1,23:1,67:1;12720:79740,39410:76510,56700:68880
509437165817664;3;2:6,3:15,7:1,19:1,43:1,97:1;1782:79866,14580:79704,56052:69336
509524189364736;3;2:9,3:3,7:1,13:4,19:1,31:1,313:1;18096:79560,39572:76492,57096:68640
510529308408000;3;2:6,3:9,5:3,7:1,31:1,67:1,223:1;30060:78480,41040:76140,45900:74520
510657883281000;3;2:3,3:2,5:3,7:1,13:1,19:1,37:1,79:1,103:1,109:1;6605:79915,21610:79400,46820:74170
511603955648000;3;2:9,5:3,29:3,31:1,97:1,109:1;34800:77720,39324:76676,59160:67280
511618242681000;3;2:3,3:6,5:3,7:1,13:1,43:3,97:1;1290:79980,17028:79722,25370:79120
512486888239872;3;2:8,3:3,7:4,13:1,19:1,31:1,37:1,109:1;11788:79940,19788:79620,54446:70546
512568568512000;3;2:9,3:3,5:3,7:1,11:3,13:1,31:1,79:1;4455:80025,25080:79200,49720:73040
512766656064000;3;2:9,3:6,5:3,13:1,37:1,73:1,313:1;34920:77760,40608:76392,58480:67880
512928210269403;3;3:9,31:1,43:3,97:1,109:1;11259:79974,34830:77787,59211:67338
513015633388449;3;3:6,37:1,127:1,331:1,373:1,1213:1;10649:79990,52560:71649,60897:65976
513023998975488;3;2:9,3:3,7:3,11:3,13:3,37:1;10560:79992,15992:79840,61776:65208
513138144866256;3;2:4,3:3,7:1,13:3,193:1,199:1,2011:1;10322:80002,26361:79095,45669:74763
513359176113000;3;2:3,3:3,5:3,7:1,31:1,43:1,73:1,103:1,271:1;14250:79920,15930:79860,44920:75050
513513965030976;3;2:6,3:3,7:1,13:1,19:1,37:1,79:1,127:1,463:1;40100:76576,45576:74820,57312:68772
514008764208576;3;2:6,3:2,7:1,13:1,17:3,31:3,67:1;2108:80104,15776:79900,21607:79577
514289757112768;3;2:6,7:4,13:3,31:1,157:1,313:1;36400:77532,50134:72954,53820:71032
514329782767983;3;3:9,7:1,13:1,17:3,211:1,277:1;16983:79866,54927:70380,62424:64719
514540539513000;3;2:3,3:3,5:3,7:3,11:3,13:3,19:1;10010:80080,28314:78936,45045:75075
515126695329792;3;2:15,3:6,7:2,13:1,97:1,349:1;3648:80160,21440:79648,52712:71704
515326611050496;3;2:12,3:3,7:1,19:3,37:1,43:1,61:1;21584:79648,22572:79572,29520:78816
516481742881377;3;3:3,7:4,13:1,37:1,163:1,307:1,331:1;10185:80178,31670:78553,58569:68082
516618734800896;3;2:12,3:9,7:1,13:1,67:1,1051:1;25616:79360,32103:78489,41616:76320
517713603936984;3;2:3,3:3,7:3,13:4,19:1,79:1,163:1;8736:80262,40326:76752,52507:71981
518175251330373;3;3:3,7:1,13:2,19:1,79:1,181:1,211:1,283:1;27780:79197,34845:78072,44773:75386
518382481368843;3;3:9,7:1,13:1,19:1,61:1,67:1,3727:1;20763:79866,23454:79659,31698:78651
518929541932536;3;2:3,3:3,7:1,19:1,43:1,97:1,163:3;1793:80359,14670:80196,56398:69764
518962613891904;3;2:6,3:3,7:4,13:1,31:1,211:1,1471:1;21728:79828,48195:74109,50484:73080
519085488986379;3;3:3,7:1,31:1,67:1,181:3,223:1;30227:78916,41268:76563,46155:74934
519218674512993;3;3:6,7:5,13:1,41:1,43:3;20832:79905,32508:78561,57582:68985
519496378996608;3;2:7,3:6,13:1,19:1,31:1,37:1,43:1,457:1;2196:80388,18660:80052,60108:67116
519563261190519;3;3:3,7:3,13:1,19:1,29:3,67:1,139:1;4263:80388,32103:78648,48314:74095
519599755584000;3;2:9,3:3,5:3,7:1,13:1,79:1,151:1,277:1;40072:76928,49800:73440,58440:68400
520963597169288;3;2:3,7:7,13:1,73:1,97:1,859:1;12642:80360,19026:80108,50274:73304
520998742930456;3;2:3,7:4,19:1,43:1,53:3,223:1;6148:80454,18550:80136,61957:65667
521033944290496;3;2:6,7:1,13:1,19:1,31:1,43:1,61:1,79:1,733:1;14816:80300,48338:74174,55760:70316
521932420691227;4;7:4,13:3,31:1,43:1,199:1,373:1;427:80514,32539:78702,46228:75075,57603:69160
522182024000000;3;2:9,5:6,7:2,13:1,43:1,2383:1;33200:78600,52992:72008,60000:67400
523439319453696;3;2:12,3:9,19:1,31:1,73:1,151:1;18216:80280,25216:79760,55512:70632
524119239516600;3;2:3,3:3,5:2,7:1,13:1,37:1,61:3,127:1;30683:79117,39118:77432,42456:76494
524480738437656;3;2:3,3:3,7:4,11:3,13:1,211:1,277:1;17094:80388,55286:70840,62832:65142
524949481719000;3;2:3,3:6,5:3,13:3,31:1,97:1,109:1;35100:78390,39663:77337,59670:67860
525064599962847;3;3:6,7:1,17:3,19:1,31:3,37:1;9486:80631,42279:76602,63767:64294
525340123969024;3;2:9,7:6,13:1,17:1,19:1,31:1,67:1;26950:79674,41076:76972,56448:70168
525410758656000;3;2:15,3:9,5:3,7:3,19:1;10080:80640,28512:79488,45360:75600
525580995290624;3;2:9,7:1,13:4,43:1,97:1,1231:1;5837:80691,52988:72228,62400:65624
526144485218625;3;3:6,5:3,7:1,13:3,37:1,73:1,139:1;585:80730,31460:79105,62985:65130
527736737265192;3;2:3,3:3,7:4,13:3,31:1,67:1,223:1;30394:79352,41496:76986,46410:75348
528539106396672;3;2:9,3:3,7:1,19:1,41:3,43:1,97:1;1804:80852,14760:80688,56744:70192
528645229152768;3;2:9,3:6,7:1,13:1,43:1,283:1,1279:1;11304:80784,20684:80404,44736:76008
528797478573000;3;2:3,3:5,5:3,7:3,13:1,139:1,3511:1;6720:80850,33730:78860,49215:74265
529184455031232;3;2:6,3:3,7:1,11:3,13:1,61:1,181:1,229:1;14850:80718,24552:80124,44946:75966
529673720018625;3;3:9,5:3,7:1,13:1,29:3,97:1;1305:80910,17226:80649,25665:80040
529755586438689;3;3:6,13:1,31:1,37:3,97:1,367:1;16206:80697,39146:77737,46953:75258
531835262615384;3;2:3,7:1,13:1,19:1,37:3,43:1,127:1,139:1;8103:80993,46694:75480,59348:68598
534638530854441;3;3:6,13:4,31:1,37:1,61:1,367:1;11700:81081,17017:80912,63609:65208
534764384461125;3;3:3,5:3,7:1,13:1,31:3,211:1,277:1;17205:80910,55645:71300,63240:65565
536180658624000;3;2:9,3:5,5:3,13:1,37:1,229:1,313:1;1200:81240,33360:79320,38832:78168
536294278230984;3;2:3,3:3,7:1,13:1,19:1,29:3,97:1,607:1;11397:81171,40368:77778,63394:65540
536433006375000;3;2:3,3:3,5:6,7:3,19:1,29:3;10150:81200,28710:80040,45675:76125
536483578480353;3;3:6,7:1,31:1,61:3,67:1,223:1;30561:79788,41724:77409,46665:75762
536627842744896;3;2:6,3:9,7:1,19:1,31:1,277:1,373:1;12582:81162,17505:80991,44208:76644
537843665976344;3;2:3,7:4,13:1,19:3,43:1,67:1,109:1;14868:81158,37373:78603,50540:74214
538243900012000;3;2:5,5:3,7:2,13:3,31:1,61:1,661:1;6550:81330,42190:77370,54925:71955
538266578157000;3;2:3,3:6,5:3,7:1,11:3,19:1,43:1,97:1;1815:81345,14850:81180,57090:70620
538311004130907;3;3:3,7:1,17:3,19:1,31:1,73:1,97:1,139:1;12750:81243,23171:80716,36618:78795
538415955173376;3;2:13,3:6,7:3,31:1,61:1,139:1;17712:81072,26760:80376,47376:75600
538525097416000;3;2:6,5:3,31:1,59:3,97:1,109:1;35400:79060,40002:77998,60180:68440
538678991837952;3;2:8,3:3,7:1,19:1,31:1,37:1,193:1,2647:1;3452:81364,31390:79778,55284:71772
539488739901384;3;2:3,3:3,7:1,13:1,19:1,31:1,53:3,313:1;18444:81090,40333:77963,58194:69960
539699829486272;3;2:6,7:1,13:1,19:1,23:3,31:1,67:1,193:1;9522:81374,38732:78384,49496:74796
541038267334656;3;2:18,3:3,7:4,13:1,31:1,79:1;4536:81480,25536:80640,50624:74368
541960745626125;3;3:3,5:3,7:4,37:1,43:1,127:1,331:1;13405:81410,15792:81333,23380:80885
542572308667584;3;2:6,3:3,13:2,31:1,43:1,61:1,73:1,313:1;9246:81522,12976:81452,33344:79660
542635249440375;3;3:8,5:3,7:1,13:1,73:1,103:1,967:1;15975:81360,50730:74415,57420:70695
543209202461016;3;2:3,3:6,7:1,13:3,19:3,883:1;11856:81510,42484:77558,47718:75744
543262051024875;3;3:3,5:3,7:1,13:1,19:1,31:1,43:1,211:1,331:1;16755:81360,33144:79731,48834:75291
543338869248000;3;2:12,3:3,5:3,7:3,19:1,37:1,163:1;720:81600,34512:79488,52304:73696
544022616384000;3;2:9,3:3,5:3,13:4,73:1,151:1;18525:81315,34320:79560,38272:78728
544103707112000;3;2:6,5:3,7:3,43:1,727:1,6343:1;20580:81200,29415:80345,54020:72840
545072984015625;3;3:3,5:6,13:1,31:1,67:1,109:1,439:1;9025:81650,17350:81425,51360:74265
545136071085125;3;5:3,13:1,19:1,37:1,73:1,277:1,23599:1;6197:81678,19805:81300,39510:78485
545181582464064;3;2:6,3:6,7:1,13:4,211:1,277:1;17316:81432,56004:71760,63648:65988
545194320574365;3;3:5,5:1,7:1,11:3,31:1,37:1,199:1,211:1;17061:81444,23397:81048,57189:71016
545289087779352;3;2:3,3:3,7:1,43:1,61:1,73:1,97:1,19417:1;29814:80352,37536:78966,55228:72230
545326537867776;3;2:9,3:3,7:1,23:3,31:1,67:1,223:1;30728:80224,41952:77832,46920:76176
545650999350912;3;2:7,3:6,7:1,13:1,19:1,31:1,79:1,1381:1;5340:81708,9333:81675,27396:80676
547608338424000;3;2:6,3:3,5:3,7:3,19:1,73:3;10220:81760,28908:80592,45990:76650
547933976652888;3;2:3,3:3,7:1,19:3,31:1,37:1,73:1,631:1;6764:81814,17385:81567,47270:76192
548112676160448;3;2:6,3:3,7:1,19:1,43:1,83:3,97:1;1826:81838,14940:81672,57436:71048
548149073472000;3;2:9,3:6,5:3,7:1,11:3,13:1,97:1;1320:81840,17424:81576,25960:80960
548633129845248;3;2:9,3:6,7:1,19:1,61:1,103:1,1759:1;1584:81864,5697:81855,40048:78536
548755804519741;3;7:1,13:3,37:4,79:1,241:1;27306:80845,36556:79365,49062:75517
549251292772728;3;2:3,3:12,7:1,13:1,19:1,74719:1;4293:81891,42012:78030,45585:76887
549299062470375;3;3:3,5:3,7:3,19:1,73:1,313:1,1093:1;16940:81655,35070:79695,57618:71007
549513982972773;3;3:2,7:4,13:1,79:1,4219:1,5869:1;6706:81893,11813:81826,46781:76468
550803586426632;3;2:3,3:9,7:1,11:3,37:1,73:1,139:1;594:81972,31944:80322,63954:66132
551049161769792;3;2:6,3:9,7:4,19:1,43:1,223:1;6264:81972,18900:81648,63126:66906
552297322584000;3;2:6,3:6,5:3,7:1,19:1,31:1,103:1,223:1;3456:82044,12552:81948,61020:68760
552332769317000;3;2:3,5:3,7:3,17:3,31:1,97:1,109:1;35700:79730,40341:78659,60690:69020
553143609764928;3;2:6,3:5,7:1,13:1,37:1,109:1,199:1,487:1;11112:82020,29010:80862,45636:77088
553604586667496;3;2:3,7:1,13:1,61:1,67:3,181:1,229:1;15075:81941,24924:81338,45627:77117
553763966962752;3;2:6,3:3,7:1,13:1,19:1,31:1,37:1,283:1,571:1;23832:81444,28740:80928,62760:67428
554266140663375;3;3:3,5:3,7:1,31:1,37:3,67:1,223:1;30895:80660,42180:78255,47175:76590
555733194072147;3;3:3,7:1,13:1,157:3,211:1,277:1;17427:81954,56363:72220,64056:66411
557090305454592;3;2:9,3:6,7:1,13:3,37:1,43:1,61:1;22152:81744,23166:81666,45684:77292
558078119353944;3;2:3,3:3,7:1,19:1,43:1,97:1,167:3;1837:82331,15030:82164,57782:71476
558178427079000;3;2:3,3:3,5:3,7:4,13:1,43:1,73:1,211:1;14566:82184,25830:81480,37800:79590
558937810557000;3;2:3,3:6,5:3,7:9,19:1;10290:82320,29106:81144,46305:77175
559435501681784;3;2:3,7:1,13:1,31:4,37:1,43:1,523:1;248:82398,17825:82119,58869:70835
560981030291136;3;2:6,3:3,7:1,13:1,19:1,31:1,37:1,313:1,523:1;36396:80040,42764:78448,48563:76429
561883181997375;3;3:5,5:3,7:1,37:1,43:1,61:1,73:1,373:1;22975:81920,43170:78375,43690:78215
562080696532992;3;2:15,3:6,7:1,13:1,19:1,31:1,439:1;22896:81936,47512:76904,50976:75456
563302912103064;3;2:3,3:6,7:1,31:4,67:1,223:1;31062:81096,42408:78678,47430:77004
564789607469568;3;2:9,3:5,13:1,37:1,43:1,139:1,1579:1;7432:82640,32784:80904,59016:71088
565117493804864;3;2:6,7:1,11:3,13:1,271:1,367:1,733:1;792:82676,31988:81048,55946:73062
566374464000000;3;2:12,3:3,5:6,31:1,97:1,109:1;36000:80400,40680:79320,61200:69600
566420080911048;3;2:3,3:3,7:1,13:1,79:3,211:1,277:1;17538:82476,56722:72680,64464:66834
566620320867328;3;2:10,7:1,13:4,19:1,31:1,37:1,127:1;10491:82693,23556:82108,44200:78312
566624506198625;3;5:3,7:3,31:1,61:1,97:1,109:1,661:1;12726:82649,23100:82145,38360:79905
567049129203375;3;3:6,5:3,7:1,13:1,89:3,97:1;1335:82770,17622:82503,26255:81880
567212171363019;3;3:2,7:1,13:4,19:1,37:1,61:1,7351:1;5252:82771,54814:73835,63947:67366
567829355853312;3;2:9,3:6,7:6,67:1,193:1;12544:82712,14616:82656,58840:71408
568126260217152;3;2:6,3:3,7:1,13:1,31:1,73:1,97:1,109:1,151:1;4157:82819,19072:82484,51144:75732
568163626684416;3;2:12,3:6,7:4,19:1,43:1,97:1;1848:82824,15120:82656,58128:71904
568853495221921;3;7:6,13:1,19:1,73:1,229:1,1171:1;24416:82145,36617:80402,49889:76328
569368901946880;3;2:9,5:1,7:4,31:1,67:1,103:1,433:1;34524:80836,42168:79072,48517:76923
569850649785144;3;2:3,3:6,7:4,13:1,19:1,37:1,61:1,73:1;17262:82656,28623:81753,56814:72840
570422478528000;3;2:9,3:3,5:3,7:3,19:1,37:3;10360:82880,29304:81696,46620:77700
570543115903488;4;2:9,3:6,7:1,13:1,19:3,31:1,79:1;4617:82935,25992:82080,35316:80748,51528:75696
570605633777088;3;2:6,3:12,7:1,13:1,19:1,31:1,313:1;18792:82620,41094:79434,59292:71280
571954093284392;3;2:3,7:3,13:1,19:1,31:1,37:1,67:1,79:1,139:1;24948:82250,52752:75194,58436:71946
572057108765632;3;2:6,7:3,31:1,43:3,97:1,109:1;11676:82936,36120:80668,61404:69832
572437377422757;3;3:3,7:1,11:3,17:3,31:1,67:1,223:1;31229:81532,42636:79101,47685:77418
573880096718136;4;2:3,3:6,13:1,19:3,31:1,97:1,367:1;7713:83079,16644:82878,40204:79838,48222:77292
574260069763520;3;2:6,5:1,7:3,19:1,61:1,709:1,6367:1;16352:82908,51344:75996,57896:72444
574727952329928;3;2:3,3:9,19:1,577:3;10386:83088,28839:81969,46737:77895
575185864617000;3;2:3,3:6,5:3,7:3,13:1,19:1,67:1,139:1;4410:83160,33210:81360,49980:76650
575668359052696;3;2:3,7:1,13:1,19:1,31:1,47:3,67:1,193:1;9729:83143,39574:80088,50572:76422
575942297049567;3;3:6,7:4,19:1,103:1,277:1,607:1;33348:81375,42966:79191,44604:78687
576132993706816;3;2:6,7:1,13:1,19:4,43:1,127:1,139:1;8322:83182,47956:77520,60952:70452
576221370260571;3;3:6,7:1,37:1,67:3,73:1,139:1;603:83214,32428:81539,64923:67134
576268397350912;3;2:12,7:1,19:1,31:1,61:1,73:1,79:1,97:1;5560:83208,31632:81664,56208:73600
576439572147264;3;2:6,3:6,7:1,19:1,37:1,73:1,163:1,211:1;14148:83088,44472:78756,49029:77115
576540225188928;3;2:6,3:9,7:4,11:1,13:1,31:1,43:1;25704:82404,28368:82116,52926:75378
576617871937536;3;2:12,3:3,11:1,13:1,19:1,61:1,163:1,193:1;2832:83232,18446:82930,57696:72720
577243104606441;3;3:6,7:1,13:1,53:3,211:1,277:1;17649:82998,57081:73140,64872:67257
578058936653016;3;2:3,3:9,7:4,13:1,337:1,349:1;8582:83272,51030:76356,62748:69174
578369917098792;3;2:3,3:3,7:1,13:6,19:1,43:1,97:1;1859:83317,15210:83148,58474:72332
578764666514944;3;2:9,7:1,13:1,17:3,61:1,181:1,229:1;15300:83164,25296:82552,46308:78268
579506400402111;3;3:3,7:1,13:1,19:1,31:1,37:1,67:1,163:1,991:1;15082:83207,37662:80727,49596:77055
580652148043000;3;2:3,5:3,11:6,31:1,97:1,109:1;36300:81070,41019:79981,61710:70180
581071652520128;3;2:6,7:3,11:1,31:1,97:1,349:1,2293:1;17712:83180,24780:82712,63884:68424
581670061858368;3;2:6,3:3,7:1,31:1,47:3,67:1,223:1;31396:81968,42864:79524,47940:77832
582063398091000;3;2:3,3:3,5:3,7:3,19:1,149:3;10430:83440,29502:82248,46935:78225
582141193963875;3;3:3,5:3,7:3,13:1,19:1,97:1,139:1,151:1;14400:83355,53875:75230,64050:68355
582233426621000;3;2:3,5:3,7:4,11:3,19:1,43:1,223:1;6380:83490,19250:83160,64295:68145
582536291291136;3;2:12,3:3,7:1,13:1,29:1,31:3,67:1;9792:83472,49344:77328,54560:74896
582724766562309;3;3:3,7:4,19:1,43:1,109:1,193:1,523:1;5917:83516,39669:80430,56861:73612
583927355708424;3;2:3,3:9,7:4,13:3,19:1,37:1;9828:83538,37692:80946,66066:66612
584822995473717;3;3:5,7:3,11:3,13:1,31:1,103:1,127:1;4389:83622,8173:83600,63789:68772
584866001965824;3;2:8,3:6,19:1,31:1,877:1,6067:1;1188:83628,48492:77796,58791:72537
584985339586557;3;3:3,7:2,13:1,17:3,19:1,199:1,1831:1;9792:83589,13957:83504,60741:71196
585606526178616;3;2:3,3:6,19:1,31:1,79:1,271:1,7963:1;9054:83628,59806:71900,61806:70440
585653768212968;3;2:3,3:6,7:4,13:1,31:1,67:1,1549:1;17913:83391,22330:83132,54588:75066
586378713375000;3;2:3,3:12,5:6,7:1,13:1,97:1;1350:83700,17820:83430,26550:82800
586439569457352;3;2:3,3:3,13:6,43:1,103:1,127:1;12805:83603,52728:76050,57122:73684
587651594789376;3;2:9,3:3,13:1,19:1,37:1,79:1,97:1,607:1;2376:83760,7048:83744,63376:69320
587802655597248;3;2:6,3:6,7:1,13:1,31:1,43:1,283:1,367:1;8748:83736,46197:78795,62028:70416
588203126784000;3;2:15,3:3,5:3,7:1,13:1,211:1,277:1;17760:83520,57440:73600,65280:67680
588227044072824;3;2:3,3:9,13:1,19:1,43:1,547:1,643:1;20808:83358,40149:80595,61524:70830
588587319657792;3;2:6,3:9,7:1,13:1,43:1,97:1,1231:1;46740:78648,55026:75006,64800:68148
588697709544000;3;2:6,3:3,5:3,7:1,17:3,19:1,43:1,97:1;1870:83810,15300:83640,58820:72760
590786773851456;3;2:6,3:3,7:3,13:1,19:1,31:1,349:1,373:1;10136:83860,17920:83636,50136:77460
591001490645811;3;3:12,7:4,31:1,67:1,223:1;31563:82404,43092:79947,48195:78246
591171023918592;3;2:9,3:3,13:2,19:1,31:1,43:1,97:1,103:1;22944:83352,47064:78672,62144:70552
592412646992040;3;2:3,3:2,5:1,7:1,31:1,613:1,3181:1,3889:1;11516:83914,34708:81962,51994:76736
593215392744000;3;2:6,3:6,5:3,13:1,19:1,43:1,61:1,157:1;1476:84024,58530:73230,66660:66720
593708045112000;4;2:6,3:6,5:3,7:1,13:1,19:1,97:1,607:1;11790:83970,40784:80716,41760:80460,65580:67800
593861625000000;3;2:6,3:6,5:9,7:3,19:1;10500:84000,29700:82800,47250:78750
594443922037056;3;2:6,3:3,7:1,13:3,79:1,103:1,2749:1;21870:83586,29640:82836,58854:73098
594462884836184;3;2:3,7:1,13:3,19:3,37:1,79:1,241:1;28044:83030,37544:81510,50388:77558
595167788024000;3;2:6,5:3,31:1,61:3,97:1,109:1;36600:81740,41358:80642,62220:70760
596274524191080;3;2:3,3:2,5:1,7:1,17:3,31:1,37:1,199:1,211:1;17578:83912,24106:83504,58922:73168
596980935775224;3;2:3,3:3,7:2,11:3,13:1,41:1,43:3;21824:83710,34056:82302,60324:72270
597561354418392;3;2:3,3:13,7:4,13:1,19:1,79:1;32616:82566,36150:81948,60480:72198
599147722966968;3;2:3,3:9,7:1,19:4,43:1,97:1;1881:84303,15390:84132,59166:73188
599301009069399;3;3:3,7:4,13:1,23:3,211:1,277:1;17871:84042,57799:74060,65688:68103
599514897310784;3;2:6,7:1,13:1,17:3,19:1,67:1,109:1,151:1;2244:84320,14841:84167,63240:70244
600256036107000;3;2:3,3:6,5:3,7:1,13:1,19:1,37:1,61:1,211:1;14055:84225,53310:76560,60750:72180
600432189021000;3;2:3,3:3,5:3,7:1,19:3,31:1,67:1,223:1;31730:82840,43320:80370,48450:78660
601101599035392;3;2:12,3:3,7:1,13:1,29:3,31:1,79:1;4698:84390,26448:83520,52432:77024
602409331911744;3;2:6,3:6,7:1,17:3,37:1,73:1,139:1;612:84456,32912:82756,65892:68136
602896613319000;3;2:3,3:3,5:3,7:1,11:3,13:1,19:1,31:1,313:1;19140:84150,41855:80905,60390:72600
603209277006336;3;2:9,3:3,7:1,11:3,13:1,19:1,67:1,283:1;11408:84424,21296:84040,43296:80520
604660317513336;3;2:3,3:3,7:4,19:1,67:1,331:1,2767:1;12852:84462,33432:82782,60264:72798
604662755138875;3;5:3,19:1,29:3,37:1,307:1,919:1;40635:81310,60900:72355,65163:68962
604675738576728;3;2:3,3:3,7:1,13:1,23:3,61:1,181:1,229:1;15525:84387,25668:83766,46989:79419
605275992496000;3;2:7,5:3,7:1,19:1,31:1,37:1,43:1,73:1,79:1;5940:84580,45660:79900,54430:76290
605818215009000;3;2:3,3:3,5:3,7:3,19:1,151:3;10570:84560,29898:83352,47565:79275
606034634765625;3;3:2,5:9,13:1,37:1,229:1,313:1;1250:84625,34750:82625,40450:81425
606142652149125;3;3:6,5:3,7:4,13:4,97:1;1365:84630,18018:84357,26845:83720
606744015026688;3;2:9,3:3,7:3,11:3,127:1,757:1;11240:84592,35805:82467,64020:70092
608561147250000;3;2:4,3:3,5:6,7:3,31:1,61:1,139:1;18450:84450,27875:83725,49350:78750
609720676314624;3;2:9,3:3,7:1,19:1,43:4,97:1;1892:84796,15480:84624,59512:73616
609728287894479;3;3:3,13:1,31:1,37:1,43:1,79:1,397:1,1123:1;9330:84759,26876:83887,44007:80646
609923350521000;3;2:3,3:3,5:3,31:1,41:3,97:1,109:1;36900:82410,41697:81303,62730:71340
609962682219849;3;3:3,7:1,31:1,67:1,191:3,223:1;31897:83276,43548:80793,48705:79074
610156546481664;3;2:9,3:8,7:1,13:1,31:3,67:1;2232:84816,16704:84600,22878:84258
610221877411328;3;2:9,7:3,13:3,31:1,163:1,313:1;5460:84812,41720:81312,52884:77324
610537613088312;3;2:3,3:15,7:1,13:1,211:1,277:1;17982:84564,58158:74520,66096:68526
611488030666240;3;2:9,5:1,7:1,13:1,37:1,79:1,331:1,2713:1;3604:84876,7824:84856,24312:84208
612346919288832;3;2:15,3:3,7:1,13:1,19:1,31:1,37:1,349:1;15776:84736,26016:84096,61872:72144
612358802385408;3;2:9,3:3,13:1,31:1,43:1,463:1,5521:1;48804:79164,57456:75048,59668:73676
612871651339064;3;2:3,13:1,19:1,3463:1,6043:1,14821:1;5102:84936,35801:82767,55340:76254
613200496656384;3;2:15,3:3,7:1,13:1,19:1,31:1,67:1,193:1;9936:84912,40416:81792,51648:78048
614572534632448;3;2:12,7:7,19:1,43:1,223:1;6496:85008,19600:84672,65464:69384
614917385914923;3;3:3,7:3,13:1,31:1,73:1,151:1,14947:1;3222:85035,42266:81403,63304:71219
615339616632832;3;2:18,7:1,13:1,31:1,37:1,43:1,523:1;256:85056,18400:84768,60768:73120
617934223872000;3;2:12,3:3,5:3,7:3,19:4;10640:85120,30096:83904,47880:79800
619593495478272;3;2:18,3:6,7:1,31:1,67:1,223:1;32064:83712,43776:81216,48960:79488
620389150335747;3;3:9,13:4,31:1,97:1,367:1;17082:85059,41262:81939,49491:79326
620417288533896;3;2:3,3:3,7:1,19:1,43:1,97:1,173:3;1903:85289,15570:85116,59858:74044
620504707032000;3;2:6,3:3,5:3,7:3,31:1,43:1,61:1,103:1;17430:85050,29340:84120,51100:78680
621913800466413;3;3:3,7:1,13:1,163:3,211:1,277:1;18093:85086,58517:74980,66504:68949
622275707708928;3;2:9,3:3,7:1,13:1,19:1,67:1,73:1,5323:1;33816:83568,47640:80112,57612:75540
622824629204232;3;2:3,3:3,7:1,13:4,19:1,43:1,127:1,139:1;8541:85371,49218:79560,62556:72306
623280428858808;3;2:3,3:12,7:1,19:1,31:3,37:1;10044:85374,44766:81108,67518:68076
623961282672000;3;2:7,3:8,5:3,7:3,13:1,31:1,43:1;38115:82845,45420:80940,59310:74610
624791542389651;3;3:9,7:1,13:1,19:1,37:1,127:1,3907:1;5427:85482,56619:76248,58680:75051
624920802112000;3;2:9,5:3,31:4,97:1,109:1;37200:83080,42036:81964,63240:71920
625082223570408;3;2:3,3:2,61:1,67:1,73:1,79:1,337:1,1093:1;41140:82202,46327:80705,64808:70666
625996491374592;3;2:14,3:3,13:1,31:1,43:1,127:1,643:1;12072:85464,36548:83260,41232:82224
626345771688000;3;2:6,3:6,5:3,7:1,13:1,23:3,97:1;1380:85560,18216:85284,27140:84640
627556093310601;3;3:3,7:1,13:1,19:1,151:1,6247:1,14251:1;27201:84690,48002:80257,52929:78258
628387835572224;3;2:12,3:3,7:1,13:1,97:1,241:1,2671:1;363:85653,36406:83402,47856:80352
628542135681768;3;2:3,3:3,7:1,11:3,31:1,73:1,79:1,1747:1;24508:84986,31020:84282,61413:73491
628637102894528;3;2:6,7:1,13:1,23:1,67:1,109:1,642613:1;13061:85563,51356:79008,58665:75287
629325154032183;3;3:3,7:1,31:1,67:1,193:3,223:1;32231:84148,44004:81639,49215:79902
629378966571453;3;3:9,7:1,23:3,37:1,73:1,139:1;621:85698,33396:83973,66861:69138
630210707343000;3;2:3,3:9,5:3,7:3,17:3,19:1;10710:85680,30294:84456,48195:80325
631238278571712;3;2:6,3:6,7:1,19:1,29:3,43:1,97:1;1914:85782,15660:85608,60204:74472
631348846856000;3;2:6,5:3,7:4,13:1,61:1,181:1,229:1;15750:85610,26040:84980,47670:80570
631996907423336;3;2:3,7:2,13:3,19:1,31:1,37:1,151:1,223:1;25064:85098,27546:84860,67482:68732
632039356323648;3;2:6,3:3,7:4,13:1,19:1,37:1,79:1,211:1;37940:83272,39333:82971,44436:81648
632084128915239;3;3:3,7:3,11:3,13:1,19:1,31:1,37:1,181:1;26103:85008,28831:84722,65604:70455
632732201547264;3;2:9,3:3,7:1,13:1,31:1,59:3,79:1;4779:85845,26904:84960,53336:78352
632989859046103;3;13:1,43:1,67:1,109:1,163:1,769:1,1237:1;5262:85855,43335:82012,60354:74479
633430432829376;3;2:6,3:3,7:1,13:1,41:3,211:1,277:1;18204:85608,58876:75440,66912:69372
633976914708592;3;2:4,7:2,13:1,67:1,349:1,457:1,5821:1;7247:85889,7646:85886,39434:83042
634546414180224;3;2:7,3:9,7:1,13:1,19:1,31:1,37:1,127:1;24462:85266,45900:81324,59949:74835
634643040474261;3;3:3,7:3,13:1,19:1,31:3,67:1,139:1;4557:85932,34317:84072,51646:79205
635563995339149;3;29:3,31:1,43:3,97:1,109:1;12093:85898,37410:83549,63597:72326
635946560133696;3;2:6,3:9,7:1,19:1,67:1,181:1,313:1;12591:85905,15588:85824,60966:74250
636383420854272;3;2:12,3:3,7:4,13:1,19:1,31:1,313:1;19488:85680,42616:82376,61488:73920
637145756111592;3;2:3,3:7,7:1,13:1,19:1,61:1,487:1,709:1;2890:86048,30048:84810,47562:80904
637216421475816;3;2:3,3:9,7:1,13:1,19:1,67:1,181:1,193:1;11706:85980,15417:85887,45468:81594
637358155656192;3;2:10,3:6,19:1,37:1,67:1,18127:1;15336:85896,31092:84684,52230:79098
637401895236288;3;2:6,3:6,7:1,13:3,43:1,73:1,283:1;2392:86060,27936:85068,54288:78156
638159463176599;3;7:1,13:1,31:1,37:3,43:1,283:1,367:1;8991:86062,29074:84975,63751:72372
639004635882648;3;2:3,3:9,7:1,19:1,31:1,73:1,97:1,139:1;13500:86022,24534:85464,38772:83430
639158183117496;3;2:3,3:3,7:1,31:1,67:1,97:3,223:1;32398:84584,44232:82062,49470:80316
639682963716888;3;2:3,3:3,7:1,13:1,19:1,31:1,43:1,733:1,1753:1;12885:86067,17000:85942,67176:69558
640162109375000;3;2:3,5:12,31:1,97:1,109:1;37500:83750,42375:82625,63750:72500
640762441853625;3;3:3,5:3,7:4,13:1,73:1,97:1,859:1;13545:86100,20385:85830,53865:78540
641101507039000;3;2:3,5:3,7:1,19:1,43:1,97:1,619:1,1867:1;33030:84580,50790:79900,54981:78019
641670618299256;3;2:3,3:6,7:1,13:1,19:1,79:1,397:1,2029:1;35918:84124,48654:80748,61632:74142
642184365375000;3;2:3,3:3,5:6,7:4,19:1,43:1,97:1;1925:86275,15750:86100,60550:74900
642640032541143;3;3:3,7:1,13:6,37:1,79:1,241:1;28782:85215,38532:83655,51714:79599
642648721176000;3;2:6,3:3,5:3,7:6,11:3,19:1;10780:86240,30492:85008,48510:80850
644748627978000;3;2:4,3:3,5:3,7:1,13:1,31:1,37:1,73:1,1567:1;190:86390,7650:86370,63582:72918
645088371802875;3;3:6,5:3,7:1,11:3,13:1,211:1,277:1;18315:86130,59235:75900,67320:69795
645734837258056;3;2:3,7:1,13:1,23:3,271:1,367:1,733:1;828:86434,33442:84732,58489:76383
646145378424000;3;2:6,3:3,5:3,7:3,13:1,17:1,19:1,31:1,67:1;28875:85365,44010:82470,60480:75180
646317255320000;3;2:6,5:4,11:3,31:1,79:1,4957:1;440:86460,54620:78480,62810:73590
646611802095168;3;2:6,3:3,7:6,13:1,19:1,79:1,163:1;9408:86436,43428:82656,56546:77518
646992898153875;3;3:9,5:3,7:1,13:1,31:3,97:1;1395:86490,18414:86211,27435:85560
647938576276992;3;2:9,3:5,7:1,11:3,13:1,19:1,31:1,73:1;9336:86496,11748:86460,59576:75856
648087482952504;3;2:3,3:3,7:4,19:4,43:1,223:1;6612:86526,19950:86184,66633:70623
649093107970125;3;3:6,5:3,7:1,13:3,31:1,67:1,223:1;32565:85020,44460:82485,49725:80730
650449578279375;3;3:2,5:4,7:4,31:1,37:1,199:1,211:1;18095:86380,24815:85960,60655:75320
651714810697125;3;3:3,5:3,7:3,17:3,19:1,37:1,163:1;765:86700,36669:84456,55573:78302
651881002447304;3;2:3,7:7,31:1,43:1,199:1,373:1;35042:84756,49784:80850,62034:74480
652075240287744;3;2:9,3:3,7:3,13:1,37:1,43:1,61:1,109:1;26616:85872,42362:83206,54264:78960
652329510553448;3;2:3,7:7,13:1,19:1,31:1,67:1,193:1;10143:86681,41258:83496,52724:79674
653256267890688;3;2:15,3:3,7:1,11:3,19:1,43:1,97:1;1936:86768,15840:86592,60896:75328
654775618678272;3;2:9,3:6,7:6,13:1,31:1,37:1;20694:86442,49392:81144,65856:71736
655079865627096;3;2:3,3:3,7:1,13:1,19:1,31:3,97:1,607:1;12183:86769,43152:83142,67766:70060
655192456295104;3;2:6,7:1,13:3,19:3,37:1,43:1,61:1;24453:86203,31980:85384,48222:81586
655249321125000;3;2:3,3:3,5:6,7:3,19:1,31:3;10850:86800,30690:85560,48825:81375
655649238888000;3;2:6,3:6,5:3,7:3,31:1,97:1,109:1;37800:84420,42714:83286,64260:73080
656437984104448;3;2:12,7:4,13:1,43:1,97:1,1231:1;6286:86898,57064:77784,67200:70672
656888479012584;3;2:3,3:3,7:1,13:1,83:3,211:1,277:1;18426:86652,59594:76360,67728:70218
656986855720104;3;2:3,3:3,7:4,13:1,19:1,109:1,211:1,223:1;14901:86787,45675:82509,68634:69360
657141769431000;3;2:3,3:6,5:3,7:4,37:1,73:1,139:1;630:86940,33880:85190,67830:70140
658166255405568;3;2:9,3:3,7:4,13:1,19:1,43:1,1867:1;29778:85806,40544:83944,55976:78448
658558216802304;3;2:12,3:5,7:1,13:1,73:1,103:1,967:1;17040:86784,54112:79376,61248:75408
658783283977728;3;2:9,3:8,7:4,13:1,61:1,103:1;1980:87012,33216:85368,64512:73080
658795035355912;3;2:3,7:1,13:1,61:1,71:3,181:1,229:1;15975:86833,26412:86194,48351:81721
659130453825984;3;2:6,3:3,7:7,31:1,67:1,223:1;32732:85456,44688:82908,49980:81144
659395159005375;3;3:6,5:3,13:1,67:1,79:1,103:1,1021:1;1836:87039,41330:83815,65535:72300
660493949453442;3;2:1,3:3,13:4,19:1,31:1,37:1,43:1,457:1;2379:87087,20215:86723,65117:72709
662159715294168;3;2:3,3:5,7:4,13:1,19:3,37:1,43:1;15960:86982,38982:84480,40299:84189
662199932942856;3;2:3,3:3,7:1,11:3,19:1,103:1,277:1,607:1;34936:85250,45012:82962,46728:82434
662232073958000;3;2:4,5:3,7:1,13:3,19:3,43:1,73:1;39026:84474,62190:74990,67925:70395
663269151660544;3;2:9,11:3,13:1,19:1,31:1,79:1,1609:1;3168:87208,51216:80872,68560:69864
664454705065704;3;2:3,3:6,7:1,19:1,43:1,59:3,97:1;1947:87261,15930:87084,61242:75756
664836096932469;3;3:6,7:1,11:3,31:1,37:1,61:1,1399:1;11693:87208,43230:83589,68013:70488
665320993443981;3;3:3,7:1,31:1,79:1,151:1,283:1,33637:1;11061:87240,13725:87186,45117:83082
665453408256000;3;2:15,3:6,5:3,7:1,13:1,31:1,79:1;4860:87300,27360:86400,54240:79680
665975560932864;3;2:9,3:9,7:1,13:1,19:1,37:1,1033:1;8604:87300,24096:86712,55854:78930
666279493509483;3;3:3,7:4,19:1,43:1,619:1,20323:1;3654:87339,34608:85491,60555:76302
666294654529000;3;2:3,5:3,7:1,61:1,79:1,97:1,157:1,1297:1;3450:87340,39460:84570,65418:72832
667060160058864;3;2:4,3:3,11:3,13:1,79:3,181:1;8217:87351,40843:84293,57354:78210
667750627521432;3;2:3,3:6,7:3,13:1,31:1,37:1,61:1,367:1;12600:87318,18326:87136,68502:70224
668013562944000;3;2:9,3:6,5:3,7:3,13:3,19:1;10920:87360,30888:86112,49140:81900
668088857709000;3;2:3,3:6,5:3,7:1,13:1,47:3,97:1;1410:87420,18612:87138,27730:86480
668831616084177;3;3:3,7:1,13:1,167:3,211:1,277:1;18537:87174,59953:76820,68136:70641
668930514197121;3;3:9,11:3,109:1,433:1,541:1;9702:87417,20745:87066,45441:83160
669270745920987;3;3:3,7:1,31:1,67:1,197:3,223:1;32899:85892,44916:83331,50235:81558
669331680703560;3;2:3,3:6,5:1,7:3,181:1,331:1,1117:1;1896:87474,27468:86562,38583:84897
669345498432000;3;2:9,3:6,5:3,13:1,31:1,97:1,367:1;17520:87240,42320:84040,50760:81360
670294919088513;3;3:6,19:1,43:1,61:1,79:1,409:1,571:1;4206:87513,11945:87442,66944:71809
671087798710056;3;2:3,3:6,7:1,13:1,19:4,31:1,313:1;19836:87210,43377:83847,62586:75240
671384157229000;3;2:3,5:3,31:1,97:1,109:1,127:3;38100:85090,43053:83947,64770:73660
671973166592000;3;2:12,5:3,7:1,13:1,19:1,43:1,127:1,139:1;8760:87560,50480:81600,64160:74160
672380724889224;3;2:3,3:3,13:1,19:1,103:1,211:1,631:1,919:1;8831:87577,17388:87378,47826:82572
672967657999000;3;2:3,5:3,7:1,13:1,19:1,31:1,109:1,127:1,907:1;25975:86865,31680:86230,64360:74070
674849237150088;3;2:3,3:3,7:1,11:3,13:1,31:1,37:1,43:1,523:1;264:87714,18975:87417,62667:75405
675780395846976;3;2:6,3:3,7:1,19:1,43:1,89:3,97:1;1958:87754,16020:87576,61588:76184
676484534033000;3;2:3,5:3,7:2,11:3,31:1,313:1,1069:1;31130:86460,54714:80036,61325:76395
677588517437832;3;2:3,3:3,7:6,11:3,13:1,23:1,67:1;13992:87714,43351:84161,62370:75768
677812231278000;3;2:4,3:6,5:3,7:1,13:3,19:1,37:1,43:1;12870:87750,42030:84510,57215:78865
678067456202136;3;2:3,3:3,7:4,11:1,13:1,19:3,31:1,43:1;27132:86982,29944:86678,65814:73248
678755646296000;3;2:6,5:3,7:1,13:1,19:1,67:1,73:1,79:1,127:1;9980:87840,51200:81660,62730:75590
679471123968000;3;2:12,3:3,5:3,7:3,13:1,73:1,151:1;19950:87570,36960:85680,41216:84784
679514509491048;3;2:3,3:9,7:1,11:3,31:1,67:1,223:1;33066:86328,45144:83754,50490:81972
680558704488000;3;2:6,3:3,5:3,13:1,43:1,151:1,163:1,229:1;21170:87550,31140:86640,42660:84480
680918644643328;3;2:9,3:6,7:4,13:1,211:1,277:1;18648:87696,60312:77280,68544:71064
680942502387000;3;2:3,3:3,5:3,7:3,19:1,157:3;10990:87920,31086:86664,49455:82425
681098411814912;3;2:12,3:3,7:1,13:3,43:1,67:1,139:1;17712:87744,49782:82314,62208:76080
681706543401000;3;2:3,3:2,5:3,13:4,37:1,229:1,313:1;1300:88010,36140:85930,42068:84682
681780674723139;3;3:3,19:1,31:1,37:1,67:1,409:1,42283:1;26948:87163,31779:86610,42195:84654
682143787150371;3;3:3,7:2,13:1,23:3,41:1,43:3;22816:87515,35604:86043,63066:75555
682799268729536;3;2:6,7:4,19:1,29:3,43:1,223:1;6728:88044,20300:87696,67802:71862
683281063406403;3;3:3,7:1,11:3,31:1,43:1,73:1,103:1,271:1;15675:87912,17523:87846,49412:82555
684548526340224;3;2:7,3:3,7:3,13:3,31:1,61:1,139:1;19188:87828,28990:87074,51324:81900
685460540629683;3;3:8,7:1,13:1,19:1,31:1,37:1,139:1,379:1;9798:88131,29259:87084,50931:82098
685709235681687;3;3:6,7:1,37:1,71:3,73:1,139:1;639:88182,34364:86407,68799:71142
687025348079616;3;2:12,3:6,7:1,13:1,61:1,181:1,229:1;16200:88056,26784:87408,49032:82872
687234059181432;3;2:3,3:3,7:1,19:1,43:1,97:1,179:3;1969:88247,16110:88068,61934:76612
687368830976000;3;2:24,5:3,31:1,97:1,109:1;38400:85760,43392:84608,65280:74240
688401831209904;3;2:4,3:2,7:1,103:1,349:1,1627:1,11677:1;30155:87109,57266:79402,68890:71234
689638476515625;3;3:6,5:6,7:1,13:1,19:3,97:1;1425:88350,18810:88065,28025:87400
689862269772081;3;3:3,7:1,31:1,67:1,199:3,223:1;33233:86764,45372:84177,50745:82386
690871566938553;3;3:3,7:1,11:3,13:1,31:1,103:1,109:1,607:1;37734:86049,68112:72105,68849:71434
691350467383296;3;2:12,3:3,7:3,19:1,67:1,103:1,139:1;5520:88416,60984:77448,67088:73024
691745275741464;3;2:3,3:3,7:3,19:1,43:1,103:1,181:1,613:1;54:88440,14679:88305,24012:87846
691830555498936;3;2:3,3:3,7:1,19:3,61:1,79:1,109:1,127:1;12996:88350,19969:88103,63950:75496
692387713647000;3;2:3,3:2,5:3,7:2,19:1,31:1,127:1,139:1,151:1;6796:88454,30920:87190,69880:70550
692581028649048;3;2:3,3:3,7:1,11:1,19:3,31:1,37:1,67:1,79:1;4390:88472,29222:87400,62966:76228
693088669000000;3;2:6,5:6,7:1,13:1,19:1,31:1,67:1,193:1;10350:88450,42100:85200,53800:81300
693150426315711;3;3:3,7:1,13:7,211:1,277:1;18759:88218,60671:77740,68952:71487
693176618511000;3;2:3,3:6,5:3,13:1,31:1,37:1,43:1,1483:1;29619:87381,33030:86940,51030:82440
693352249408000;3;2:9,5:3,7:1,13:3,37:1,79:1,241:1;29520:87400,39520:85800,53040:81640
694037195208000;3;2:6,3:3,5:3,7:3,19:1,79:3;11060:88480,31284:87216,49770:82950
694409627614248;3;2:3,3:9,7:2,13:1,19:1,199:1,1831:1;10368:88506,14778:88416,64314:75384
698062607843328;3;2:15,3:3,7:3,13:1,19:1,67:1,139:1;4704:88704,35424:86784,53312:81760
698730663846033;3;3:3,7:1,13:1,17:3,29:1,31:3,67:1;10404:88689,52428:82161,57970:79577
698816414016000;3;2:9,3:9,5:3,7:1,19:1,43:1,97:1;1980:88740,16200:88560,62280:77040
699283703978496;3;2:9,3:3,7:1,13:1,31:1,61:3,79:1;4941:88755,27816:87840,55144:81008
700314552000000;3;2:9,3:3,5:6,7:1,31:1,67:1,223:1;33400:87200,45600:84600,51000:82800
701067630536000;3;2:6,5:3,7:3,13:1,19:1,31:1,61:1,547:1;22680:88340,43835:85125,55895:80745
701709158943000;3;2:3,3:3,5:3,13:1,19:1,67:1,79:1,103:1,193:1;15825:88695,26500:88070,53030:82060
702197463956625;3;3:3,5:3,7:1,13:3,19:1,31:1,103:1,223:1;3744:88881,13598:88777,66105:74490
702909667369000;3;2:3,5:3,7:1,13:3,19:1,31:1,73:1,1063:1;8200:88890,11908:88842,58890:79300
703291278037608;3;2:3,3:3,13:1,19:1,31:1,337:1,883:1,1429:1;11802:88860,16401:88743,23052:88410
703370246202351;3;3:2,7:1,13:1,19:1,31:1,73:1,163:1,283:1,433:1;5903:88924,30487:87722,59279:79108
703478522170125;3;3:3,5:3,13:1,19:1,31:1,37:1,67:1,79:1,139:1;26730:88125,56520:80565,62610:77085
703605226707000;4;2:3,3:3,5:3,31:1,43:3,97:1,109:1;12510:88860,38700:86430,43731:85269,65790:74820
704062173273823;3;7:1,13:4,19:1,31:1,37:1,283:1,571:1;25818:88231,31135:87672,67990:73047
704898651820032;3;2:12,3:3,673:1,757:1,12511:1;7936:88976,20368:88640,43944:85272
705514203576000;3;2:6,3:6,5:3,7:1,13:1,19:1,31:1,37:1,61:1;5484:89016,6750:89010,62760:77100
705527822727000;3;2:3,3:3,5:3,7:1,13:1,17:3,211:1,277:1;18870:88740,61030:78200,69360:71910
707031489213504;3;2:6,3:3,7:1,13:1,19:1,29:3,31:1,313:1;20184:88740,44138:85318,63684:76560
707284221828184;3;2:3,7:1,11:1,13:1,103:1,229:1,691:1,5419:1;17544:88870,31446:87772,66919:74145
707298697161000;3;2:3,3:6,5:3,7:3,19:1,53:3;11130:89040,31482:87768,50085:83475
707483021258377;3;7:3,13:1,19:1,787:1,1447:1,7333:1;15729:88942,47236:84441,61006:78321
707695111725056;3;2:13,7:4,13:1,19:1,31:1,37:1,127:1;11298:89054,25368:88424,47600:84336
707810507853120;3;2:6,3:8,5:1,7:1,31:1,37:1,199:1,211:1;18612:88848,25524:88416,62388:77472
709261735343616;3;2:9,3:2,7:1,13:1,31:1,37:1,103:2,139:1;14360:89056,36304:87128,61931:77845
710103031199289;3;3:2,7:1,13:1,19:1,37:1,61:1,67:1,523:1,577:1;6505:89204,16082:89041,67297:74006
710528179297608;3;2:3,3:3,7:1,19:1,43:1,97:1,181:3;1991:89233,16290:89052,62626:77468
710686963821816;3;2:3,3:3,31:1,37:1,241:1,607:1,19609:1;24264:88638,29502:88152,51732:83022
710871881410719;3;3:6,7:1,31:1,67:4,223:1;33567:87636,45828:85023,51255:83214
710987212537875;3;3:12,5:3,7:1,13:1,337:1,349:1;9195:89220,54675:81810,67230:74115
711087080067000;3;2:3,3:3,5:3,7:1,13:1,19:1,61:1,67:1,3727:1;23070:88740,26060:88510,35220:87390
711646580736000;3;2:15,3:9,5:3,7:1,13:1,97:1;1440:89280,19008:88992,28320:88320
711657008165376;3;2:9,3:6,7:1,13:1,19:1,67:1,109:1,151:1;2376:89280,15714:89118,66960:74376
712667264486912;3;2:9,7:4,19:1,31:1,73:1,97:1,139:1;14000:89208,40208:86520,57180:80708
715092860514816;3;2:9,3:12,7:1,37:1,73:1,139:1;648:89424,34848:87624,69768:72144
715886416633752;3;2:3,3:3,7:1,13:3,19:1,31:1,43:1,67:1,127:1;8870:89428,9531:89421,56732:81094
715993698322728;3;2:3,3:3,7:1,61:1,73:1,97:1,241:1,4549:1;40954:86504,62250:78012,70659:71349
716050829030264;3;2:3,7:1,13:1,61:1,73:3,181:1,229:1;16425:89279,27156:88622,49713:84023
716316700409856;3;2:15,3:3,7:1,13:1,37:2,67:1,97:1;33120:87936,51808:83264,60936:78840
717603524059968;3;2:6,3:2,7:1,13:1,19:3,31:3,67:1;2356:89528,17632:89300,24149:88939
718051695502869;3;3:9,7:1,13:1,19:3,211:1,277:1;18981:89262,61389:78660,69768:72333
718554884640768;3;2:12,3:6,7:2,43:1,181:1,631:1;1296:89568,9540:89532,21435:89157
718728889111912;3;2:3,7:4,19:1,43:1,59:3,223:1;6844:89562,20650:89208,68971:73101
719846720593875;3;3:3,5:3,7:2,61:3,127:1,151:1;21795:89190,27450:88755,50630:83875
720095311000000;3;2:6,5:6,13:3,31:1,97:1,109:1;39000:87100,44070:85930,66300:75400
720541674897408;3;2:18,3:3,7:1,13:1,19:1,97:1,607:1;12576:89568,44544:85824,69952:72320
720728064000000;3;2:18,3:3,5:6,7:3,19:1;11200:89600,31680:88320,50400:84000
720811892147373;3;3:6,13:1,31:1,41:3,97:1,367:1;17958:89421,43378:86141,52029:83394
721534783240152;3;2:3,3:3,7:1,31:1,67:1,101:3,223:1;33734:88072,46056:85446,51510:83628
722370073973184;3;2:6,3:3,7:4,13:3,19:1,43:1,97:1;2002:89726,16380:89544,62972:77896
723641603354488;3;2:3,7:1,13:1,19:1,41:3,43:1,127:1,139:1;8979:89749,51742:83640,65764:76014
724475969584920;3;2:3,3:3,5:1,7:3,19:1,43:1,79:1,157:1,193:1;9128:89782,18823:89537,33334:88256
725395385208312;3;2:3,3:3,7:1,13:4,19:3,31:1,79:1;28158:88920,38259:87477,55822:82004
727435066176000;3;2:9,3:3,5:3,7:1,13:3,31:1,883:1;9945:89895,16200:89760,27976:89024
727875596605248;3;2:6,3:6,7:2,13:1,19:1,31:1,43:1,967:1;10644:89904,58374:80874,66825:75447
728488510783488;3;2:15,3:3,7:1,13:1,19:1,37:1,61:1,211:1;14992:89840,56864:81664,64800:76992
730091586466125;3;3:12,5:3,13:1,37:1,73:1,313:1;39285:87480,45684:85941,65790:76365
730457998541271;3;3:9,7:3,11:3,13:3,37:1;11880:89991,17991:89820,69498:73359
730722906268992;3;2:6,3:3,7:1,13:1,43:3,211:1,277:1;19092:89784,61748:79120,70176:72756
731695175068221;3;3:3,7:3,13:1,31:1,73:1,139:3;24325:89516,67172:75397,70890:72141
732303782724213;3;3:3,7:4,29:3,31:1,67:1,223:1;33901:88508,46284:85869,51765:84042
732448875098304;3;2:6,3:3,7:3,13:3,43:1,103:1,127:1;13790:90034,56784:81900,61516:79352
733038487918821;3;3:6,7:1,19:4,31:3,37:1;10602:90117,47253:85614,71269:71858
733451876748864;3;2:6,3:12,7:2,13:1,97:1,349:1;4104:90180,24120:89604,59301:80667
733676205330432;3;2:12,3:3,7:1,13:1,271:1,367:1,733:1;864:90192,34896:88416,61032:79704
734117996532375;3;3:6,5:3,7:1,13:1,97:4;1455:90210,19206:89919,28615:89240
734241573531648;3;2:12,3:3,7:1,13:1,31:4,79:1;5022:90210,28272:89280,56048:82336
734289719102667;3;3:5,7:4,13:1,19:1,73:1,223:1,313:1;8148:90195,38654:87787,55398:82635
734326351479000;3;2:3,3:3,5:3,7:6,19:1,23:3;11270:90160,31878:88872,50715:84525
734342816989656;3;2:3,3:6,7:1,19:1,43:1,61:3,97:1;2013:90219,16470:90036,63318:78324
734487405875496;3;2:3,3:3,7:1,13:1,17:3,19:1,31:1,37:1,349:1;16762:90032,27642:89352,65739:76653
735511240252152;3;2:3,3:3,7:1,13:1,17:3,19:1,31:1,67:1,193:1;10557:90219,42942:86904,54876:82926
736115010624000;3;2:9,3:3,5:3,7:1,19:1,31:1,277:1,373:1;13980:90180,19450:89990,49120:85160
736841050433000;3;2:3,5:3,31:1,97:1,109:1,131:3;39300:87770,44409:86591,66810:75980
737180670464000;3;2:12,5:3,7:1,19:1,61:1,103:1,1723:1;45540:86300,54800:83040,70505:72855
737871322041000;3;2:3,3:3,5:3,7:2,19:3,31:1,43:1,61:1;7695:90345,14060:90250,52810:83900
738077035282496;3;2:6,7:1,13:1,17:3,31:1,37:1,43:1,523:1;272:90372,19550:90066,64566:77690
738765897597000;3;2:3,3:6,5:3,7:2,13:1,19:1,31:1,37:1,73:1;36450:88380,38315:88045,52740:83970
739820745743625;3;3:9,5:3,7:1,13:1,79:1,151:1,277:1;45081:86544,56025:82620,65745:76950
742265999824167;3;3:6,7:1,13:1,19:1,31:1,37:1,67:1,79:1,97:1;4023:90540,43884:86967,66039:76872
743035439587194;3;2:1,3:3,13:1,19:4,31:1,37:1,73:1,97:1;39451:88007,54283:83543,70965:72789
743179405098816;3;2:6,3:6,7:1,17:3,31:1,67:1,223:1;34068:88944,46512:86292,52020:84456
743497452140625;3;3:6,5:6,7:2,13:1,43:1,2383:1;37350:88425,59616:81009,67500:75825
743542316651043;3;3:3,7:1,13:1,173:3,211:1,277:1;19203:90306,62107:79580,70584:73179
744236234691768;3;2:3,3:3,7:1,13:1,19:1,31:1,59:3,313:1;20532:90270,44899:86789,64782:77880
745287624769032;3;2:3,3:15,19:1,31:1,73:1,151:1;20493:90315,28368:89730,62451:79461
745304139121689;3;3:6,7:1,37:1,73:4,139:1;657:90666,35332:88841,70737:73146
745882522211008;3;2:6,7:1,13:1,37:3,61:1,181:1,229:1;16650:90502,27528:89836,50394:85174
746304545965888;3;2:6,7:4,13:1,31:1,139:1,277:1,313:1;10164:90664,31192:89460,58471:81753
746447127293952;3;2:12,3:3,7:1,19:1,23:3,43:1,97:1;2024:90712,16560:90528,63664:78752
746637672248000;3;2:6,5:3,13:3,19:1,487:1,4591:1;1100:90720,13377:90623,38220:88400
746664537210137;3;7:1,13:3,37:1,41:3,79:1,241:1;30258:89585,40508:87945,54366:83681
747203189824000;3;2:9,5:3,7:1,13:1,31:1,43:1,109:1,883:1;19645:90435,49680:85480,60660:80620
747528530112000;3;2:9,3:3,5:3,7:2,13:1,19:1,31:1,1153:1;21360:90360,54840:83520,70454:73546
748094615352000;3;2:6,3:15,5:3,7:3,19:1;11340:90720,32076:89424,51030:85050
748420221040128;3;2:9,3:2,7:1,13:1,31:3,181:1,331:1;12560:90712,32212:89420,48856:85808
751496765985000;3;2:3,3:3,5:4,7:1,37:1,157:1,136897:1;3285:90915,26380:90170,55194:83556
751531686817401;3;3:3,7:1,19:4,31:1,73:1,97:1,139:1;14250:90801,25897:90212,40926:88065
752238249934528;3;2:6,7:3,31:1,37:3,139:1,157:1;1998:90946,30912:89740,68376:75628
753431128632000;3;2:6,3:6,5:3,7:1,13:1,19:1,74719:1;4770:90990,46680:86700,50650:85430
753753842930368;3;2:6,7:1,19:1,31:1,271:1,1087:1,9697:1;32086:89658,48684:86104,68832:75340
753844411584000;3;2:9,3:3,5:3,11:3,31:1,97:1,109:1;39600:88440,44748:87252,67320:76560
754162175599875;3;3:3,5:3,7:1,31:1,41:3,67:1,223:1;34235:89380,46740:86715,52275:84870
755897341248000;3;2:9,3:3,5:3,7:4,19:1,43:1,223:1;6960:91080,21000:90720,70140:74340
756510788274696;3;2:3,3:6,7:1,13:1,29:3,211:1,277:1;19314:90828,62466:80040,70992:73602
756661910832000;3;2:7,3:6,5:3,43:1,97:1,103:1,151:1;13740:91020,56430:83250,67149:76851
756666658913949;3;3:3,7:1,19:1,23:3,103:1,277:1,607:1;36524:89125,47058:86733,48852:86181
757057550067000;3;2:3,3:6,5:3,7:7,13:1,97:1;1470:91140,19404:90846,28910:90160
757257900392448;3;2:19,3:5,7:3,13:1,31:1,43:1;40656:88368,48448:86336,63264:79584
757540630094976;3;2:7,3:3,7:1,13:1,37:1,61:1,613:1,1741:1;11892:91092,33326:89650,36124:89228
757546948634112;3;2:9,3:3,7:1,13:1,37:1,67:1,421:1,577:1;5784:91152,54308:84220,56529:83247
758238167808576;3;2:6,3:2,7:4,13:1,103:1,241:1,1699:1;21700:90776,54089:84343,62776:79940
758683723833000;3;2:3,3:3,5:3,7:1,19:1,37:3,43:1,97:1;2035:91205,16650:91020,64010:79180
759259305919296;3;2:6,3:8,7:3,13:1,31:1,103:1,127:1;4788:91224,8916:91200,69588:75024
760138802002944;3;2:10,3:3,7:1,13:1,19:1,31:1,43:1,79:1,151:1;16236:91092,25362:90606,49176:86232
761610543417152;3;2:6,11:3,13:1,19:1,157:1,307:1,751:1;9872:91284,19503:91025,43296:87956
762033911373000;3;2:3,3:3,5:3,7:3,19:1,163:3;11410:91280,32274:89976,51345:85575
762809377049811;3;3:3,7:4,13:1,31:1,67:1,103:1,4231:1;34884:89643,39123:88914,70371:74550
763429101829875;3;3:11,5:3,13:1,37:1,229:1,313:1;1350:91395,37530:89235,43686:87939
764323473102336;3;2:9,3:3,7:1,37:1,43:1,103:1,157:1,307:1;8046:91410,15000:91296,55296:84120
765252619463304;3;2:3,3:3,7:1,31:1,67:1,103:3,223:1;34402:89816,46968:87138,52530:85284
765572385805227;3;3:6,7:3,11:3,13:1,19:1,67:1,139:1;4851:91476,36531:89496,54978:84315
766191808837000;4;2:3,5:3,7:1,13:1,43:1,307:1,571:1,1117:1;44040:87970,55732:84018,61836:80914,71320:73890
766611779924592;3;2:4,3:12,7:3,31:1,61:1,139:1;19926:91206,30105:90423,53298:85050
766638257966000;3;2:4,5:3,7:4,31:1,37:1,181:1,769:1;16310:91350,40754:88746,69545:75495
767056196141352;3;2:3,3:6,13:3,73:1,151:1,5431:1;6228:91530,14586:91416,27978:90660
768448337926185;3;3:2,5:1,7:1,31:1,37:4,199:1,211:1;19129:91316,26233:90872,64121:79624
769318322589000;3;2:3,3:6,5:3,19:1,37:1,1087:1,1381:1;6210:91620,34290:90000,39048:89202
769380569753887;3;7:1,13:4,19:1,31:1,97:1,193:1,349:1;23647:91104,42591:88456,57096:83551
769629182765625;3;3:3,5:6,7:4,13:1,211:1,277:1;19425:91350,62825:80500,71400:74025
770086598463000;3;2:3,3:3,5:3,7:1,13:1,373:1,823:1,1021:1;230:91660,46915:87365,71670:73800
770345501732352;3;2:9,3:9,7:4,13:1,31:1,79:1;5103:91665,28728:90720,56952:83664
770744480374197;3;3:12,7:1,19:1,79:1,97:1,1423:1;24138:91125,31104:90477,52077:85704
771053325553728;3;2:6,3:6,7:1,19:1,31:3,43:1,97:1;2046:91698,16740:91512,64356:79608
771107361031000;3;2:3,5:3,7:3,19:3,31:1,97:1,109:1;39900:89110,45087:87913,67830:77140
771857097408000;3;2:9,3:5,5:3,43:1,73:1,97:1,163:1;54520:84800,55140:84540,64338:79662
772624282496283;3;3:11,7:1,19:1,31:1,43:1,73:1,337:1;5202:91755,20952:91395,34563:90096
772659308520125;3;5:3,13:4,43:2,67:1,1747:1;22230:91325,29445:90740,61200:81605
773621163441000;3;2:3,3:9,5:3,7:3,19:1,37:1,163:1;810:91800,38826:89424,58842:82908
774661394497536;3;2:15,3:3,7:1,13:1,31:1,211:1,1471:1;24832:91232,55080:84696,57696:83520
774672503913000;3;2:3,3:6,5:3,7:2,11:1,103:1,19141:1;7173:91827,10170:91800,69690:75840
774851082622344;3;2:3,3:9,7:3,13:1,31:1,97:1,367:1;18396:91602,44436:88242,53298:85428
775043619098112;3;2:9,3:6,7:2,13:1,41:1,43:3;23808:91320,37152:89784,65808:78840
775341062745984;3;2:7,3:2,7:4,31:1,61:1,271:1,547:1;28:91868,12269:91795,72394:73430
776145295296000;3;2:9,3:3,5:3,7:3,19:1,41:3;11480:91840,32472:90528,51660:86100
776337159586231;3;31:4,43:3,97:1,109:1;12927:91822,39990:89311,67983:77314
776354566693608;3;2:3,3:6,7:1,37:4,73:1,139:1;666:91908,35816:90058,71706:74148
776451261925017;3;3:9,7:1,23:3,31:1,67:1,223:1;34569:90252,47196:87561,52785:85698
776531471625000;3;2:3,3:3,5:6,7:1,13:1,61:1,181:1,229:1;16875:91725,27900:91050,51075:86325
777019047707448;3;2:3,3:3,7:1,13:1,31:1,37:1,193:1,283:1,631:1;55422:84660,60335:82297,62547:81045
777648284987392;3;2:12,7:4,13:1,73:1,97:1,859:1;14448:91840,21744:91552,57456:83776
777892936976064;3;2:6,3:3,7:4,13:1,19:1,43:1,127:1,139:1;9198:91938,53004:85680,67368:77868
779094458874368;3;2:9,7:1,13:3,31:1,43:1,199:1,373:1;488:92016,52832:85800,65832:79040
779630492566016;3;2:9,7:1,13:4,19:1,31:1,67:1,193:1;10764:91988,43784:88608,55952:84552
780470067502125;3;3:12,5:3,7:1,11:3,13:1,97:1;1485:92070,19602:91773,29205:91080
780903907952896;3;2:8,7:1,13:1,547:1,571:1,107323:1;22116:91660,55023:85009,72741:73435
782243102336787;3;3:2,7:1,13:1,19:1,31:1,163:1,211:1,47149:1;14083:92030,50627:86734,57451:83996
782390745805032;3;2:3,3:3,7:1,13:1,19:1,73:1,277:1,313:1,331:1;5517:92139,15034:92012,65610:79368
782638019072000;3;2:12,5:3,7:1,13:1,19:3,31:1,79:1;5130:92150,28880:91200,39240:89720
782723777472000;3;2:9,3:6,5:3,7:1,13:1,19:1,31:1,313:1;20880:91800,45660:88260,65880:79200
782898361749504;3;2:12,3:3,7:1,11:3,13:1,211:1,277:1;19536:91872,63184:80960,71808:74448
783556651403064;3;2:3,3:3,7:1,11:3,17:3,19:1,43:1,97:1;2057:92191,16830:92004,64702:80036
784136775183571;3;19:1,31:1,79:1,97:1,283:1,349:1,1759:1;6564:92203,52995:85966,67443:78154
784181176303616;3;2:18,7:3,13:1,17:1,19:1,31:1,67:1;30800:91056,46944:87968,64512:80192
787758628220928;3;2:12,3:3,7:1,13:3,31:1,67:1,223:1;34736:90688,47424:87984,53040:86112
788631865352000;3;2:6,5:3,31:1,67:3,97:1,109:1;40200:89780,45426:88574,68340:77720
789649706853000;3;2:3,3:6,5:3,7:1,19:1,37:1,43:1,5119:1;12130:92360,60210:82980,61185:82455
789916142370537;3;3:5,7:1,13:1,17:3,73:1,103:1,967:1;18105:92208,57494:84337,65076:80121
790225408044072;3;2:3,3:6,7:1,11:3,13:1,19:1,97:1,607:1;12969:92367,45936:88506,72138:74580
790429822875000;3;2:3,3:6,5:6,7:3,11:3,19:1;11550:92400,32670:91080,51975:86625
791168825136872;3;2:3,7:1,13:4,19:1,67:1,73:1,5323:1;36634:90532,51610:86788,62413:81835
791500900785875;3;5:3,7:4,19:3,31:1,79:1,157:1;11970:92435,50036:87339,62510:81795
792660217579867;3;7:3,13:4,19:1,43:1,97:1,1021:1;364:92547,22659:92092,47670:88123
794325622286168;3;2:3,7:4,19:1,43:1,61:3,223:1;7076:92598,21350:92232,71309:75579
794670144965424;3;2:4,3:3,7:1,13:3,37:1,79:1,151:1,271:1;1599:92625,36062:90766,59622:83526
795304239093000;3;2:3,3:6,5:3,7:3,13:1,19:1,79:1,163:1;10080:92610,46530:88560,60585:83055
796194420327936;3;2:9,3:3,7:1,19:1,43:1,47:3,97:1;2068:92684,16920:92496,65048:80464
796319186852007;3;3:6,7:1,13:1,59:3,211:1,277:1;19647:92394,63543:81420,72216:74871
797675397102073;3;7:3,127:1,157:1,937:1,124477:1;33172:91305,53004:86569,71548:75561
797836067690688;3;2:6,3:3,13:1,61:1,97:1,127:1,151:1,313:1;216:92748,21850:92342,68008:78476
798882501816000;3;2:6,3:5,5:3,7:1,19:1,37:3,61:1;6040:92780,13875:92685,35520:91020
799175243586951;3;3:3,7:1,11:3,19:3,31:1,67:1,223:1;34903:91124,47652:88407,53295:86526
800306304243264;3;2:6,3:12,7:1,13:1,19:1,31:1,439:1;25758:92178,53451:86517,57348:84888
801785125094625;3;3:3,5:3,7:4,31:1,43:1,199:1,373:1;37545:90810,53340:86625,66465:79800
802641897720936;3;2:3,3:3,7:4,13:3,37:1,79:1,241:1;30996:91770,41496:90090,55692:85722
802845355626496;3;2:12,7:1,13:1,19:3,43:1,67:1,109:1;16992:92752,42712:89832,57760:84816
804163327822881;3;3:11,13:1,37:1,43:1,139:1,1579:1;8361:92970,36882:91017,66393:79974
804360375000000;3;2:6,3:6,5:9,7:1,13:1,97:1;1500:93000,19800:92700,29500:92000
804888549864000;3;2:6,3:3,5:3,7:3,19:1,83:3;11620:92960,32868:91632,52290:87150
805135683079000;3;2:3,5:3,7:4,13:1,31:1,37:1,43:1,523:1;280:93030,20125:92715,66465:79975
805622346012176;3;2:4,7:1,11:3,19:1,31:1,37:1,43:1,73:1,79:1;6534:93038,50226:87890,59873:83919
805680330375375;3;3:6,5:3,7:1,13:1,31:1,79:1,97:1,409:1;2935:93050,37935:90900,51015:87630
806313656512000;3;2:9,5:3,7:1,13:1,31:1,43:1,283:1,367:1;9720:93040,51330:87550,68920:78240
806419891125000;3;2:3,3:9,5:6,31:1,97:1,109:1;40500:90450,45765:89235,68850:78300
806776216064000;3;2:12,5:3,7:3,13:1,193:1,1831:1;15120:92960,58905:84455,66320:80160
806895808056000;3;2:6,3:3,5:3,13:1,19:1,43:1,547:1,643:1;23120:92620,44610:89550,68360:78700
807390013248000;3;2:9,3:3,5:3,7:1,13:1,43:1,97:1,1231:1;6735:93105,61140:83340,72000:75720
807613973397504;3;2:27,3:3,7:1,13:1,31:1,79:1;5184:93120,29184:92160,57856:84992
808008721275392;4;2:9,7:1,13:1,19:3,61:1,181:1,229:1;17100:92948,28272:92264,41448:90320,51756:87476
808255638421875;3;3:9,5:6,7:1,37:1,73:1,139:1;675:93150,36300:91275,72675:75150
808491407064579;3;3:12,7:6,67:1,193:1;14112:93051,16443:92988,66195:80334
808967351275272;3;2:3,3:12,7:4,19:1,43:1,97:1;2079:93177,17010:92988,65394:80892
808990967232000;3;2:9,3:3,5:3,7:1,37:1,43:1,127:1,331:1;15320:93040,18048:92952,26720:92440
809297438361741;3;3:3,7:1,19:1,31:1,83:1,211:1,571:1,727:1;6170:93181,56502:85677,66480:80181
809541767245176;4;2:3,3:8,7:4,31:1,43:1,61:1,79:1;30359:92113,41976:90270,55548:86094,65310:80976
809776684551744;3;2:6,3:3,7:1,13:1,43:1,79:1,613:1,2473:1;13053:93123,26190:92514,72322:75566
809892519698808;3;2:3,3:3,7:1,13:1,89:3,211:1,277:1;19758:92916,63902:81880,72624:75294
810701633259000;3;2:3,3:6,5:3,7:4,31:1,67:1,223:1;35070:91560,47880:88830,53550:86940
811271941035885;3;3:3,5:1,7:1,19:1,337:1,397:1,457:1,739:1;12973:93182,20196:92949,39381:90864
812184528475593;3;3:6,7:1,13:1,61:1,349:1,541:1,1063:1;8976:93273,30273:92226,40849:90614
812955158148896;3;2:5,7:1,19:1,139:1,613:1,673:1,3331:1;13353:93239,48599:88713,70866:77030
813371743987712;3;2:11,7:3,13:1,19:1,31:1,37:1,61:1,67:1;18380:93108,41384:90552,57080:85608
814098328056000;3;2:6,3:3,5:3,13:1,19:1,139:1,151:1,727:1;15180:93240,40000:90860,61485:83475
816018640464384;3;2:9,3:6,7:1,31:1,73:1,79:1,1747:1;26736:92712,33840:91944,66996:80172
816693353190351;3;3:3,7:2,13:1,19:4,199:1,1831:1;10944:93423,15599:93328,67887:79572
817131940352000;3;2:12,5:3,7:3,13:1,73:1,4903:1;16440:93320,57995:85365,63552:82448
819522532017000;3;2:3,3:3,5:3,7:3,19:1,167:3;11690:93520,33066:92184,52605:87675
820507151696904;3;2:3,3:6,7:1,19:1,31:1,61:1,73:1,79:1,97:1;6255:93609,35586:91872,63234:82800
820617111018432;3;2:6,3:6,7:3,13:1,19:1,31:1,37:1,181:1;28476:92736,31452:92424,71568:76860
821089537003008;3;2:9,3:3,7:3,13:2,19:1,199:1,271:1;20244:93324,40710:91002,47096:89488
821304069928875;3;3:9,5:3,13:1,31:1,37:1,61:1,367:1;13500:93555,19635:93360,73395:75240
821876163192000;3;2:6,3:3,5:3,7:1,19:4,43:1,97:1;2090:93670,17100:93480,65740:81320
822338322472989;3;3:3,7:1,31:1,67:1,211:3,223:1;35237:91996,48108:89253,53805:87354
822515859881352;3;2:3,3:3,7:1,13:1,19:1,31:1,61:3,313:1;21228:93330,46421:89731,66978:80520
823619221915581;3;3:3,7:1,13:1,179:3,211:1,277:1;19869:93438,64261:82340,73032:75717
824473404928000;3;2:12,5:3,17:3,31:1,97:1,109:1;40800:91120,46104:89896,69360:78880
824941009239984;3;2:4,3:3,7:3,13:1,19:1,31:1,37:1,43:1,457:1;2562:93786,21770:93394,70126:78302
825479694197704;3;2:3,7:1,13:1,19:1,31:1,53:3,67:1,193:1;10971:93757,44626:90312,57028:86178
825891765059592;3;2:3,3:3,7:3,11:3,31:1,43:1,61:1,103:1;19173:93555,32274:92532,56210:86548
826433538526232;3;2:3,7:4,13:1,31:1,61:1,109:1,16057:1;36489:91967,50022:88844,72456:76406
828733298722875;3;3:6,5:3,7:1,13:1,97:1,101:3;1515:93930,19998:93627,29795:92920
829260033875000;3;2:3,5:6,7:1,13:1,271:1,367:1,733:1;900:93950,36350:92100,63575:83025
829431555373512;3;2:3,3:9,7:1,13:1,29:1,31:3,67:1;11016:93906,55512:86994,61380:84258
830010743826264;3;2:3,3:3,7:1,11:3,13:1,19:1,109:1,15319:1;9876:93942,20460:93654,46728:89958
831525820997391;3;3:6,13:1,31:1,43:3,97:1,367:1;18834:93783,45494:90343,54567:87462
832454093512440;3;2:3,3:2,5:1,7:1,19:3,31:1,37:1,199:1,211:1;19646:93784,26942:93328,65854:81776
834034729374784;3;2:6,7:4,19:1,31:3,43:1,223:1;7192:94116,21700:93744,72478:76818
834085836464832;3;2:6,3:3,7:1,31:1,53:3,67:1,223:1;35404:92432,48336:89676,54060:87768
834332825088000;3;2:12,3:6,5:3,7:6,19:1;11760:94080,33264:92736,52920:88200
834651062089416;3;2:3,3:3,11:3,13:1,19:1,31:1,67:1,5659:1;1679:94153,12309:94083,22924:93698
834790164941096;3;2:3,7:1,13:1,19:1,43:4,127:1,139:1;9417:94127,54266:87720,68972:79722
834921575025048;3;2:3,3:3,7:1,19:1,43:1,97:1,191:3;2101:94163,17190:93972,66086:81748
835719768000000;3;2:9,3:6,5:6,13:1,73:1,151:1;21375:93825,39600:91800,44160:90840
836714868362217;3;3:9,13:1,19:1,37:1,79:1,97:1,607:1;2673:94230,7929:94212,71298:77985
836977430016000;3;2:12,3:2,5:3,7:1,13:1,31:3,67:1;2480:94240,18560:94000,25420:93620
836977952504512;3;2:6,7:1,13:1,19:4,67:1,109:1,151:1;2508:94240,16587:94069,70680:78508
837300193440984;3;2:3,3:3,7:3,13:1,17:3,19:1,67:1,139:1;4998:94248,37638:92208,56644:86870
837500155128000;3;2:6,3:9,5:3,7:1,13:1,211:1,277:1;19980:93960,64620:82800,73440:76140
837584997048072;3;2:3,3:5,7:4,13:4,61:1,103:1;2145:94263,35984:92482,69888:79170
839202726037312;3;2:6,7:1,13:1,43:1,79:1,163:1,433:1,601:1;792:94324,9076:94296,46408:90420
840126831441408;3;2:9,3:3,7:1,31:1,67:1,673:1,6211:1;8577:94335,69336:79728,71768:77776
840325315165336;3;2:3,7:4,11:3,13:1,61:1,181:1,229:1;17325:94171,28644:93478,52437:88627
840506016679875;3;3:6,5:3,7:4,13:1,19:1,103:1,151:1;13770:94275,55020:87675,72198:77427
840915508285125;3;3:3,5:3,7:1,13:1,19:3,31:1,79:1,163:1;8520:94365,20805:94050,72029:77596
841018849497792;3;2:6,3:6,7:1,19:3,37:1,73:1,139:1;684:94392,36784:92492,73644:76152
841725930540339;3;3:9,13:2,19:1,31:1,43:1,97:1,103:1;25812:93771,52947:88506,69912:79371
842794373339000;3;2:3,5:3,31:1,97:1,109:1,137:3;41100:91790,46443:90557,69870:79460
844439924601000;3;2:3,3:3,5:3,7:2,13:1,97:1,439:1,1153:1;9280:94490,48225:90135,54570:88020
844621202041344;3;2:9,3:6,7:1,13:1,67:1,211:1,1759:1;6572:94516,11880:94464,33552:93096
844981220944952;3;2:3,7:1,13:1,19:1,61:1,73:1,79:1,211:1,823:1;31767:93329,41571:91781,71612:78174
845101364784768;3;2:7,3:6,7:1,13:1,181:1,271:1,2029:1;6554:94534,45756:90828,60804:85284
845806843072000;3;2:9,5:3,31:1,61:1,97:1,109:1,661:1;14544:94456,26400:93880,43840:91320
845944700470443;3;3:6,7:1,31:1,67:1,71:3,223:1;35571:92868,48564:90099,54315:88182
846065473344000;3;2:9,3:3,5:3,7:1,13:4,31:1,79:1;5265:94575,29640:93600,58760:86320
848104305721344;3;2:21,3:6,7:1,19:1,43:1,97:1;2112:94656,17280:94464,66432:82176
848659480066944;3;2:7,3:3,7:4,13:1,19:3,31:1,37:1;171:94677,14812:94556,23940:94164
849134080331264;3;2:9,7:3,13:1,19:1,73:1,229:1,1171:1;27904:93880,41848:91888,57016:87232
849320484831000;3;2:3,3:3,5:3,7:3,13:6,19:1;11830:94640,33462:93288,53235:88725
849903433809920;3;2:18,5:1,7:1,31:1,67:1,103:1,433:1;39456:92384,48192:90368,55448:87912
850722546367512;3;2:3,3:3,7:1,13:1,19:1,37:1,157:1,271:1,1447:1;18342:94524,31734:93552,64392:83574
851435027352000;3;2:6,3:2,5:3,7:3,13:1,37:1,229:1,313:1;1400:94780,38920:92540,45304:91196
851536180961739;3;3:3,7:1,13:1,181:3,211:1,277:1;20091:94482,64979:83260,73848:76563
853593664833000;3;2:3,3:9,5:3,7:1,13:1,17:3,97:1;1530:94860,20196:94554,30090:93840
853762378313728;3;2:12,13:1,19:1,31:1,37:1,67:1,79:1,139:1;28512:94000,60288:85936,66784:82224
853916150693888;3;2:15,31:1,43:3,97:1,109:1;13344:94784,41280:92192,70176:79808
854980012152000;3;2:6,3:6,5:3,7:1,19:1,31:3,37:1;11160:94860,49740:90120,75020:75640
854984595483648;3;2:10,3:3,7:6,31:1,61:1,139:1;20664:94584,31220:93772,55272:88200
855265069721088;3;2:9,3:6,13:1,19:1,37:1,157:1,1597:1;20376:94608,47844:90684,63356:84388
857052870219000;3;2:3,3:3,5:3,7:1,13:1,19:1,37:1,127:1,3907:1;6030:94980,62910:84720,65200:83390
857172242239488;3;2:12,3:3,7:4,37:1,43:1,2029:1;2400:94992,66808:82376,72114:78414
857710479015936;3;2:18,3:6,7:1,13:1,31:1,37:1,43:1;13952:94912,31104:93888,62460:84996
857763790688952;3;2:3,3:3,7:4,109:1,127:1,163:1,733:1;11646:94956,30222:93984,67221:82131
857915439725736;3;2:3,3:3,7:1,31:1,67:1,107:3,223:1;35738:93304,48792:90522,54570:88596
858866333862537;3;3:9,7:1,11:3,13:1,19:1,67:1,283:1;12834:94977,23958:94545,48708:90585
859715615420928;3;2:9,3:6,7:1,19:1,103:1,277:1,607:1;38112:93000,49104:90504,50976:89928
860248266830920;3;2:3,5:1,11:6,31:1,79:1,4957:1;484:95106,60082:86328,69091:80949
861349332713779;3;7:1,13:3,37:1,43:3,79:1,241:1;31734:93955,42484:92235,57018:87763
861384762936000;3;2:6,3:3,5:3,23:3,31:1,97:1,109:1;41400:92460,46782:91218,70380:80040
861425074227816;3;2:3,3:3,7:1,19:1,43:1,97:1,193:3;2123:95149,17370:94956,66778:82604
862875147423744;3;2:12,3:9,7:1,13:1,337:1,349:1;9808:95168,58320:87264,71712:79056
863138073252672;3;2:6,3:9,7:1,31:1,37:1,61:1,1399:1;12756:95136,47160:91188,74196:76896
863634224246976;3;2:6,3:3,7:1,13:1,19:1,31:4,313:1;21576:94860,47182:91202,68076:81840
864166332393000;3;2:3,3:5,5:3,7:1,13:1,19:1,31:1,43:1,1543:1;25320:94650,47820:91050,48445:90875
864263000188224;3;2:6,3:3,7:1,13:1,17:3,19:1,97:1,607:1;13362:95166,47328:91188,74324:76840
864486567000000;3;2:6,3:3,5:6,7:3,17:3,19:1;11900:95200,33660:93840,53550:89250
865703718152000;3;2:6,5:3,7:1,13:3,31:1,61:3;15860:95160,35295:93665,75030:76250
865728161042472;3;2:3,3:3,7:4,13:4,211:1,277:1;20202:95004,65338:83720,74256:76986
866025512082432;3;2:10,3:6,13:1,79:3,181:1;8964:95292,44556:91956,62568:85320
866639964528000;3;2:7,3:3,5:3,13:1,19:1,31:1,37:1,73:1,97:1;15804:95196,57140:87940,74700:76620
869998579466625;3;3:3,5:3,7:1,31:1,43:3,67:1,223:1;35905:93740,49020:90945,54825:89010
870100415843750;3;2:1,5:6,7:4,13:1,337:1,2647:1;18515:95235,22925:95025,39125:93225
870434038656000;4;2:10,3:3,5:3,7:1,13:1,19:1,31:1,37:1,127:1;12105:95415,27180:94740,51000:90360,66610:83150
871093104394968;3;2:3,3:6,7:1,13:1,19:1,31:1,43:1,229:1,283:1;11526:95448,29979:94509,45644:91894
871876765940544;3;2:6,3:9,7:1,13:1,19:1,31:1,37:1,349:1;17748:95328,29268:94608,69606:81162
872237591407000;3;2:3,5:3,7:1,13:1,19:1,31:1,43:1,337:1,1123:1;48592:91158,56440:88470,60678:86572
872354677824000;3;2:9,3:3,5:3,7:1,19:1,67:1,181:1,313:1;13990:95450,17320:95360,67740:82500
873092113403328;3;2:6,3:9,7:1,13:1,19:1,31:1,67:1,193:1;11178:95526,45468:92016,58104:87804
873492297297984;3;2:6,3:3,7:1,13:4,61:1,181:1,229:1;17550:95394,29016:94692,53118:89778
873688944492000;3;2:5,3:3,5:3,7:1,13:2,37:1,421:1,439:1;29685:94635,51690:90270,73070:78490
873794934931464;3;2:3,3:3,7:1,13:1,17:3,19:1,37:1,61:1,211:1;15929:95455,60418:86768,68850:81804
874655695112661;3;3:6,7:4,11:3,37:1,73:1,139:1;693:95634,37268:93709,74613:77154
874884599491392;3;2:6,3:3,7:1,19:1,43:1,97:4;2134:95642,17460:95448,67124:83032
874990375315875;3;3:3,5:3,7:1,13:1,19:1,61:1,73:1,151:1,223:1;36635:93820,46275:91890,57480:88155
875045659662216;3;2:3,3:6,7:7,19:1,43:1,223:1;7308:95634,22050:95256,73647:78057
876016822078125;3;3:3,5:6,7:2,13:1,41:1,43:3;24800:95125,38700:93525,68550:82125
876137852588544;3;2:9,3:6,7:1,13:1,31:1,37:1,43:1,523:1;288:95688,20700:95364,68364:82260
876549569112000;3;2:6,3:3,5:3,7:1,19:1,31:1,73:1,97:1,139:1;15000:95580,27260:94960,43080:92700
877027692807000;3;2:3,3:3,5:3,7:4,19:1,31:1,103:1,223:1;4032:95718,14644:95606,71190:80220
878260912704000;3;2:9,3:3,5:3,7:2,31:1,313:1,1069:1;33960:94320,59688:87312,66900:83340
878371565506344;3;2:3,3:2,7:4,13:1,37:1,109:1,199:1,487:1;12964:95690,33845:94339,53242:89936
878946299492625;3;3:6,5:3,7:1,13:1,97:1,103:3;1545:95790,20394:95481,30385:94760
879356669760296;3;2:3,7:4,13:1,19:1,31:1,37:1,283:1,571:1;27804:95018,33530:94416,73220:78666
879694183420416;3;2:9,3:6,7:6,13:1,23:1,67:1;15264:95688,47292:91812,68040:82656
879832127349000;3;2:3,3:9,5:3,7:3,19:4;11970:95760,33858:94392,53865:89775
880076956995873;3;3:6,7:1,13:1,61:3,211:1,277:1;20313:95526,65697:84180,74664:77409
880246540297000;3;2:3,5:3,31:1,97:1,109:1,139:3;41700:93130,47121:91879,70890:80620
880595693613216;3;2:5,3:3,7:4,37:1,43:1,367:1,727:1;9881:95815,27006:95130,71722:79982
881204200210432;3;2:18,7:4,19:1,31:1,2377:1;1344:95872,19068:95620,74560:77568
881955257904000;3;2:7,3:3,5:3,7:7,37:1,67:1;28420:95060,34215:94425,59388:87612
882064912135680;3;2:9,3:6,5:1,7:1,13:3,73:1,421:1;25674:95286,31616:94744,70704:80856
882194644929024;3;2:9,3:12,7:1,31:1,67:1,223:1;36072:94176,49248:91368,55080:89424
882416822309568;3;2:6,3:5,7:1,13:1,19:1,37:1,79:1,103:1,109:1;7926:95898,25932:95280,56184:89004
883350613395432;3;2:3,3:3,7:1,13:1,19:1,31:1,43:1,73:1,109:1,223:1;5745:95943,53002:90224,72336:79626
883930933187064;3;2:3,3:3,7:3,19:1,37:1,67:1,439:1,577:1;33504:94590,45438:92448,65902:84236
884638772087616;3;2:6,3:3,7:4,13:3,37:1,43:1,61:1;25844:95368,27027:95277,53298:90174
884760000649408;3;2:6,13:3,37:1,61:1,73:1,181:1,211:1;11202:95950,21736:95628,67015:83577
885718486388736;3;2:12,3:6,7:1,11:3,13:1,31:1,79:1;5346:96030,30096:95040,59664:87648
886065444339264;3;2:6,3:6,7:1,37:1,73:1,919:1,1093:1;1188:96048,22404:95640,63405:85779
886736074376000;3;2:6,5:3,19:3,31:1,37:1,73:1,193:1;15010:95950,52180:90640,71611:80389
887084656323264;3;2:6,3:6,7:1,31:1,43:1,73:1,103:1,271:1;17100:95904,19116:95832,53904:90060
888025248931149;3;3:3,7:5,43:1,73:1,97:1,6427:1;3696:96117,38773:93968,68546:82717
888483600459000;3;2:3,3:6,5:3,7:1,13:3,19:1,43:1,97:1;2145:96135,17550:95940,67470:83460
889389026388928;3;2:6,13:1,19:1,79:1,109:1,2341:1,2791:1;11580:96112,55612:89520,64513:85311
890498938807296;3;2:10,3:3,7:1,13:4,19:1,61:1,139:1;35178:94614,48088:92024,71916:80340
890898858412992;3;2:6,3:6,11:3,13:1,31:1,97:1,367:1;19272:95964,46552:92444,55836:89496
891396919332864;3;2:12,3:3,7:2,409:1,523:1,769:1;14608:96128,59832:87816,66006:84522
893739106036224;3;2:9,3:5,7:3,19:1,31:3,37:1;2460:96324,48608:92008,51801:91047
894396284733952;3;2:9,7:1,11:3,13:1,19:1,43:1,127:1,139:1;9636:96316,55528:89760,70576:81576
894504161348847;3;3:3,7:4,31:4,67:1,223:1;36239:94612,49476:91791,55335:89838
894583430447616;3;2:9,3:3,7:1,13:1,23:3,211:1,277:1;20424:96048,66056:84640,75072:77832
895358221632000;3;2:9,3:3,5:3,7:3,19:1,43:3;12040:96320,34056:94944,54180:90300
896229835752125;3;5:3,7:1,19:1,1327:1,1489:1,27283:1;30700:95365,42925:93490,49645:91810
898021527640965;3;3:3,5:1,7:1,13:1,31:1,73:1,109:1,296347:1;3168:96477,23334:96021,69554:82501
898099269704000;3;2:6,5:3,7:1,13:1,19:1,31:1,43:1,67:1,727:1;26100:95840,69353:82647,75840:77300
898603895185416;3;2:3,3:3,7:4,19:1,31:1,37:1,43:3;21987:96117,68327:83377,69144:82818
899381672000000;3;2:9,5:6,7:3,31:1,97:1,109:1;42000:93800,47460:92540,71400:81200
899918799625755;3;3:5,5:1,7:1,13:3,31:1,37:1,199:1,211:1;20163:96252,27651:95784,67587:83928
899947475409528;3;2:3,3:2,7:1,13:1,31:1,67:1,193:1,277:1,1237:1;14926:96428,52537:91055,66830:84412
900880085079000;3;2:3,3:6,5:3,13:3,43:1,103:1,127:1;14775:96465,60840:87750,65910:85020
901094181578136;3;2:3,3:6,7:2,13:1,19:1,31:1,43:1,61:1,157:1;5532:96582,49638:92004,57843:89109
901308242467080;3;2:3,3:6,5:1,7:1,19:1,37:1,43:3,79:1;7912:96578,51858:91332,52527:91113
902222796077568;3;2:9,3:3,7:7,19:1,43:1,97:1;2156:96628,17640:96432,67816:83888
903423765219976;3;2:3,7:1,11:3,13:1,19:1,67:1,73:1,79:1,127:1;10978:96624,56320:89826,69003:83149
904064780570679;3;3:3,7:1,13:1,19:1,31:1,37:1,43:1,307:1,1279:1;5543:96688,49935:92034,59412:88551
904796028864000;3;2:9,3:6,5:3,7:1,13:4,97:1;1560:96720,20592:96408,30680:95680
905823635673528;3;2:3,3:3,11:3,13:1,43:1,151:1,163:1,229:1;23287:96305,34254:95304,46926:92928
906001336828224;3;2:6,3:3,7:4,13:1,19:3,31:1,79:1;30324:95760,41202:94206,60116:88312
906100612896024;3;2:3,3:9,7:4,13:1,19:1,31:1,313:1;21924:96390,47943:92673,69174:83160
906927653962008;3;2:3,3:3,7:1,31:1,67:1,109:3,223:1;36406:95048,49704:92214,55590:90252
907520711676488;3;2:3,7:1,13:1,61:1,79:3,181:1,229:1;17775:96617,29388:95906,53799:90929
908302750153344;3;2:7,3:5,7:3,13:1,17:3,31:1,43:1;43197:93891,51476:91732,67218:84558
909177670457784;3;2:3,3:9,7:1,13:3,37:1,73:1,139:1;702:96876,37752:94926,75582:78156
909248443023375;3;3:3,5:3,7:1,13:1,37:3,211:1,277:1;20535:96570,66415:85100,75480:78255
909853834026375;3;3:3,5:3,7:3,19:4,37:1,163:1;855:96900,40983:94392,62111:87514
911065905603000;3;2:3,3:3,5:3,7:3,19:1,173:3;12110:96880,34254:95496,54495:90825
913373849831625;3;3:3,5:3,7:6,13:1,19:1,67:1,139:1;5145:97020,38745:94920,58310:89425
913394694881223;3;3:6,43:1,61:1,103:1,109:1,157:1,271:1;30543:96006,60183:88596,76770:77247
913762042974144;3;2:6,3:8,7:3,13:1,139:1,3511:1;8064:97020,40476:94632,59058:89118
914454500647016;3;2:3,7:1,31:1,61:1,109:1,271:1,283:1,1033:1;29920:96106,44197:93907,71530:81856
915524524258344;3;2:3,3:6,7:7,11:1,13:1,31:1,43:1;29988:96138,33096:95802,61747:87941
916102905294024;3;2:3,3:3,7:1,19:1,43:1,97:1,197:3;2167:97121,17730:96924,68162:84316
916291710577152;3;2:9,3:3,7:1,13:1,31:1,61:1,67:1,5749:1;960:97128,43944:94032,50503:92345
917379410296832;3;2:21,7:4,19:1,43:1,223:1;7424:97152,22400:96768,74816:79296
917600156649000;3;2:3,3:3,5:3,11:3,109:1,433:1,541:1;10780:97130,23050:96740,50490:92400
918792124623000;3;2:3,3:3,5:3,31:1,47:3,97:1,109:1;42300:94470,47799:93201,71910:81780
919465648004421;3;3:6,7:1,31:1,67:1,73:3,223:1;36573:95484,49932:92637,55845:90666
919544818005576;3;2:3,3:3,7:3,19:1,31:1,43:1,523:1,937:1;21154:96908,40002:94932,66354:85608
919839066918912;3;2:12,3:2,7:4,433:1,24001:1;18208:97040,54208:91280,63070:87458
922501018439000;3;2:3,5:3,7:1,11:3,13:1,19:1,31:1,67:1,193:1;11385:97295,46310:93720,59180:89430
922851843962048;3;2:6,7:1,11:3,13:3,37:1,79:1,241:1;32472:96140,43472:94380,58344:89804
923044122682227;3;3:6,7:1,13:1,31:1,37:1,67:1,331:1,547:1;19059:97122,35019:95832,67635:84978
924072856348824;3;2:3,3:6,7:1,13:1,31:3,211:1,277:1;20646:97092,66774:85560,75888:78678
926591497348608;4;2:9,3:3,7:1,13:1,31:1,67:3,79:1;5427:97485,30552:96480,60568:88976,76950:77802
926956235016000;3;2:6,3:6,5:3,7:3,19:1,29:3;12180:97440,34452:96048,54810:91350
927227712044088;3;2:3,3:6,7:3,13:1,37:1,43:1,73:1,307:1;29246:96628,54318:91536,75789:78939
927255013925877;3;3:6,7:7,13:3,19:1,37:1;11466:97461,43974:94437,77077:77714
928945575957952;3;2:6,7:1,67:1,331:1,373:1,439:1,571:1;20376:97276,58153:90135,68028:85000
930085459220736;3;2:8,3:3,7:2,13:3,31:1,61:1,661:1;7860:97596,50628:92844,65910:86346
930124647055296;3;2:6,3:9,7:1,11:3,19:1,43:1,97:1;2178:97614,17820:97416,68508:84744
931147679109375;3;3:9,5:6,7:4,13:1,97:1;1575:97650,20790:97335,30975:96600
932118668712000;3;2:6,3:3,5:3,7:1,11:3,31:1,67:1,223:1;36740:95920,50160:93060,56100:91080
932375087911449;3;3:3,7:3,13:1,19:2,31:1,127:1,5449:1;16905:97524,42633:94908,69057:84486
932760259800551;3;7:4,13:1,17:3,73:1,97:1,859:1;15351:97580,23103:97274,61047:89012
932804758744768;3;2:6,7:1,13:4,271:1,367:1,733:1;936:97708,37804:95784,66118:86346
933910495135443;3;3:9,7:2,19:1,97:1,103:1,5101:1;27656:97003,40986:95283,42795:94932
934498122103000;3;2:3,5:3,7:3,13:3,31:1,109:1,367:1;11283:97717,16150:97620,69510:84280
934654864086216;3;2:3,3:6,7:4,13:1,43:1,97:1,1231:1;54530:91756,64197:87507,75600:79506
936498556747017;3;3:3,11:3,31:1,43:3,97:1,109:1;13761:97746,42570:95073,72369:82302
937192525115392;3;2:12,7:1,13:1,73:1,79:1,127:1,3433:1;8448:97840,47620:93948,57664:90672
937673711032968;3;2:3,3:11,7:1,13:1,73:1,103:1,967:1;19170:97632,60876:89298,68904:84834
938479864744000;3;2:6,5:3,31:1,71:3,97:1,109:1;42600:95140,48138:93862,72420:82360
939057532049637;3;3:3,7:1,11:3,13:1,17:3,211:1,277:1;20757:97614,67133:86020,76296:79101
940211205889536;3;2:9,3:3,7:3,43:1,727:1,6343:1;24696:97440,35298:96414,64824:87408
940596220502848;3;2:6,7:3,13:1,17:4,19:1,31:1,67:1;32725:96747,49878:93466,68544:85204
941493377051136;3;2:9,3:3,7:2,13:1,37:1,61:1,127:1,373:1;14880:97896,33896:96640,49674:93558
941886116379000;3;2:3,3:6,5:3,13:1,31:1,67:1,109:1,439:1;10830:97980,20820:97710,61632:89118
942004072737000;3;2:3,3:3,5:3,7:3,13:1,19:1,43:1,61:1,157:1;1722:98028,68285:85435,77770:77840
942421602304000;3;2:15,5:3,7:1,13:1,61:1,181:1,229:1;18000:97840,29760:97120,54480:92080
942786386451000;3;2:3,3:3,5:3,7:4,13:1,19:1,97:1,607:1;13755:97965,48720:93870,76510:79100
943030265625000;3;2:3,3:3,5:9,7:6,19:1;12250:98000,34650:96600,55125:91875
943452333637632;3;2:15,3:3,7:1,13:1,19:1,37:1,79:1,211:1;43360:95168,44952:94824,50784:93312
943954931753288;3;2:3,7:4,13:3,79:1,103:1,2749:1;25515:97517,34580:96642,68663:85281
944288740308312;3;2:3,3:3,7:1,19:1,43:1,97:1,199:3;2189:98107,17910:97908,68854:85172
944381272579173;3;3:6,11:3,13:1,19:1,31:1,79:1,1609:1;3564:98109,57618:90981,77130:78597
944596270724463;3;3:6,7:1,37:1,73:1,79:3,139:1;711:98118,38236:96143,76551:79158
944887241320659;3;3:3,7:1,13:3,17:3,31:1,67:1,223:1;36907:96356,50388:93483,56355:91494
945957037267125;3;3:2,5:3,13:1,29:3,37:1,229:1,313:1;1450:98165,40310:95845,46922:94453
946270847406528;3;2:6,3:3,7:3,37:3,43:1,733:1;7390:98162,37296:96348,64380:87912
946456903569177;3;3:3,7:1,11:3,13:1,19:1,61:1,67:1,3727:1;25377:97614,28666:97361,38742:96129
947005553747799;3;3:6,7:1,13:2,31:1,73:1,631:1,769:1;12906:98127,48474:94095,52383:92958
948905298914391;3;3:10,7:7,13:1,19:1,79:1;38052:96327,42175:95606,70560:84231
949900660497936;3;2:4,3:3,7:3,29:3,31:1,61:1,139:1;21402:97962,32335:97121,57246:91350
949936768155648;3;2:21,3:3,7:1,13:1,19:1,31:1,313:1;22272:97920,48704:94144,70272:84480
950859559000000;3;2:6,5:6,13:1,31:1,37:1,43:1,1483:1;32910:97090,36700:96600,56700:91600
951196215860072;3;2:3,7:1,13:1,31:1,37:4,43:1,523:1;296:98346,21275:98013,70263:84545
952550929512000;3;2:6,3:3,5:3,7:2,13:1,19:1,199:1,1831:1;11520:98340,16420:98240,71460:83760
953032946009625;3;3:12,5:3,13:1,31:1,97:1,367:1;19710:98145,47610:94545,57105:91530
954116420964525;3;3:2,5:2,7:1,13:1,19:3,109:1,157:1,397:1;32414:97261,65357:87718,71573:83752
954203331751488;3;2:6,3:3,7:1,13:1,47:3,211:1,277:1;20868:98136,67492:86480,76704:79524
956269609147125;3;3:3,5:3,7:2,13:4,61:1,3319:1;26325:97890,58085:91270,69030:85605
956774293839000;3;2:3,3:6,5:3,7:1,13:1,19:1,43:1,127:1,139:1;9855:98505,56790:91800,72180:83430
957771891066312;3;2:3,3:6,7:1,31:1,37:3,67:1,223:1;37074:96792,50616:93906,56610:91908
958006076391000;3;2:3,3:6,5:3,7:1,13:1,53:3,97:1;1590:98580,20988:98262,31270:97520
958446858941000;3;2:3,5:3,11:3,13:3,31:1,97:1,109:1;42900:95810,48477:94523,72930:82940
958595904000000;3;2:12,3:3,5:6,7:1,19:1,43:1,97:1;2200:98600,18000:98400,69200:85600
959289053184000;3;2:15,3:3,5:3,7:3,11:3,19:1;12320:98560,34848:97152,55440:92400
960178189384603;3;7:7,19:1,67:1,331:1,2767:1;14994:98539,39004:96579,70308:84931
961056978427000;3;2:3,5:3,7:4,13:3,19:1,43:1,223:1;7540:98670,22750:98280,75985:80535
962824272345000;3;2:3,3:3,5:4,13:1,31:1,109:1,229:1,709:1;7620:98730,41085:96315,52826:93424
964578111910784;3;2:7,7:3,19:1,31:1,127:1,139:1,2113:1;26369:98175,38276:96852,41606:96282
964807466616000;3;2:6,3:2,5:3,7:1,97:1,157:1,337:1,373:1;46220:95320,51628:93872,75560:81100
965204789133312;3;2:15,3:3,7:3,13:1,19:1,79:1,163:1;10752:98784,49632:94464,64624:88592
965331420778179;3;3:5,7:3,13:4,31:1,103:1,127:1;5187:98826,9659:98800,75387:81276
966774937024000;3;2:9,5:3,13:1,37:1,67:1,73:1,6421:1;280:98880,55236:92764,61740:90100
968702991040512;3;2:15,3:3,7:1,13:1,17:3,31:1,79:1;5508:98940,31008:97920,61472:90304
968905997422272;3;2:6,3:5,7:4,13:1,31:3,67:1;2604:98952,19488:98700,26691:98301
969511117080051;3;3:12,7:4,13:1,211:1,277:1;20979:98658,67851:86940,77112:79947
970773143184873;3;3:3,7:1,31:1,67:1,223:4;37241:97228,50844:94329,56865:92322
970933481280000;3;2:9,3:2,5:4,7:1,31:1,37:1,199:1,211:1;20680:98720,28360:98240,69320:86080
970934138491464;3;2:3,3:8,7:1,37:1,43:1,61:1,73:1,373:1;27570:98304,51804:94050,52428:93858
971719942921875;3;3:3,5:6,7:1,19:1,103:1,277:1,607:1;39700:96875,51150:94275,53100:93675
973046857077288;3;2:3,3:6,7:1,19:1,43:1,67:3,97:1;2211:99093,18090:98892,69546:86028
973070184411136;3;2:12,7:4,31:1,43:1,199:1,373:1;40048:96864,56896:92400,70896:85120
973739677560832;3;2:12,7:4,13:1,19:1,31:1,67:1,193:1;11592:99064,47152:95424,60256:91056
974054929199625;3;3:3,5:3,7:1,13:1,31:1,79:1,109:3;8730:99105,31065:98100,61585:90470
975492290519019;3;3:3,7:1,13:1,19:3,29:1,31:3,67:1;11628:99123,58596:91827,64790:88939
975598272225792;3;2:9,3:3,19:1,67:1,73:1,79:1,9613:1;13023:99105,28656:98376,41760:96648
975733653447000;3;2:3,3:6,5:3,7:3,19:1,59:3;12390:99120,35046:97704,55755:92925
976209887744000;3;2:12,5:3,7:1,13:1,19:1,67:1,109:1,151:1;2640:99200,17460:99020,74400:82640
976813937890056;3;2:3,3:9,7:1,103:3,811:1;33444:97938,58092:92082,69525:86211
978206013183672;3;2:3,3:12,7:1,13:1,61:1,181:1,229:1;18225:99063,30132:98334,55161:93231
978695073792000;3;2:15,3:6,5:3,31:1,97:1,109:1;43200:96480,48816:95184,73440:83520
979769079140544;3;2:6,3:3,7:1,11:3,19:1,31:1,277:1,373:1;15378:99198,21395:98989,54032:93676
979872442744832;3;2:21,7:1,13:1,43:1,97:1,1231:1;7184:99312,65216:88896,76800:80768
980922991104000;3;2:12,3:6,5:3,7:1,37:1,73:1,139:1;720:99360,38720:97360,77520:80160
983891522912256;3;2:15,3:3,7:4,31:1,67:1,223:1;37408:97664,51072:94752,57120:92736
984364239692232;3;2:3,3:9,7:3,19:1,67:1,103:1,139:1;6210:99468,68607:87129,75474:82152
984981749661000;3;2:3,3:3,5:3,7:1,13:1,19:3,211:1,277:1;21090:99180,68210:87400,77520:80370
985376046871125;3;3:6,5:3,7:1,13:1,97:1,107:3;1605:99510,21186:99189,31565:98440
985399786550088;3;2:3,3:3,7:2,13:4,41:1,43:3;25792:98930,40248:97266,71292:85410
987214433239125;3;3:6,5:3,7:1,13:3,37:1,79:1,241:1;33210:98325,44460:96525,59670:91845
987642318487104;3;2:6,3:3,7:1,19:1,43:1,97:1,101:3;2222:99586,18180:99384,69892:86456
988001146052811;3;3:3,11:1,19:1,31:1,37:1,127:1,139:1,8647:1;31371:98550,45978:96219,66579:88488
988150776593344;3;2:6,7:4,13:1,19:1,67:1,73:1,5323:1;39452:97496,55580:93464,67214:88130
989746236567459;3;3:9,7:4,19:1,31:3,37:1;11718:99603,52227:94626,78771:79422
992365122168000;3;2:6,3:3,5:3,7:3,19:1,89:3;12460:99680,35244:98256,56070:93450
993004371454472;3;2:3,13:1,19:1,37:1,1423:1,1567:1,6091:1;16338:99620,53711:94281,78834:79532
993652695216792;3;2:3,3:3,13:1,19:1,43:1,139:1,1669:1,1867:1;7814:99772,31446:98736,50292:95334
993921174058176;3;2:6,3:9,7:3,13:1,19:1,67:1,139:1;5292:99792,39852:97632,59976:91980
994899743925003;3;3:5,7:1,31:1,61:1,73:1,241:1,17581:1;19554:99579,76026:82203,76875:81462
995164432353000;3;2:3,3:3,5:3,7:1,13:4,19:1,31:1,313:1;22620:99450,49465:95615,71370:85800
996758954201088;3;2:12,3:6,13:1,31:1,37:1,61:1,367:1;14400:99792,20944:99584,78288:80256
997127555484375;3;3:9,5:6,7:1,31:1,67:1,223:1;37575:98100,51300:95175,57375:93150
998905523886144;3;2:6,3:3,7:1,19:3,43:1,211:1,1327:1;11556:99912,48260:96064,69939:86925
999226475875000;3;2:3,5:6,29:3,31:1,97:1,109:1;43500:97150,49155:95845,73950:84100
48988659276962496;5;2:6,3:3,7:4,13:1,19:1,43:1,73:1,97:1,157:1;38787:365757,107839:362753,205292:342952,221424:336588,231518:331954
24153319581254312065344;6;2:6,3:3,7:4,13:1,19:1,43:1,73:1,79:3,97:1,157:1;582162:28906206,3064173:28894803,8519281:28657487,16218068:27093208,17492496:26590452,18289922:26224366
1002383007176376;4;2:3,3:3,7:4,19:1,29:3,43:1,97:1;2233:100079,18270:99876,50832:95502,70238:86884
1275041644486848;4;2:6,3:6,7:2,19:3,31:1,43:1,61:1;9234:108414,16872:108300,63372:100680,68998:98186
1352398496956416;4;2:15,3:3,7:1,13:1,19:3,31:1,79:1;6156:110580,34656:109440,47088:107664,68704:100928
1395169942892544;4;2:12,3:6,7:1,13:1,43:1,97:1,1231:1;8082:111726,62320:104864,73368:100008,86400:90864
1504110018797568;4;2:13,3:6,7:1,13:1,19:1,31:1,37:1,127:1;14526:114498,32616:113688,61200:108432,79932:99780
1578142033741000;4;2:3,5:3,7:1,13:1,19:3,61:1,181:1,229:1;21375:116185,35340:115330,51810:112900,64695:109345
1667804981824000;4;2:9,5:3,31:1,43:3,97:1,109:1;16680:118480,51600:115240,58308:113692,87720:99760
1698430189248000;4;2:9,3:3,5:3,13:1,19:3,73:1,151:1;25058:118942,27075:118845,50160:116280,55936:115064
4104;2;2:3,3:3,19:1;2:16,9:15
32832;2;2:6,3:3,19:1;4:32,18:30
39312;2;2:4,3:3,7:1,13:1;2:34,15:33
110808;2;2:3,3:6,19:1;6:48,27:45
134379;2;3:5,7:1,79:1;12:51,38:43
262656;2;2:9,3:3,19:1;8:64,36:60
327763;2;31:1,97:1,109:1;30:67,51:58
402597;2;3:3,13:1,31:1,37:1;42:69,56:61
439101;2;3:5,13:1,139:1;5:76,48:69
443889;2;3:2,31:1,37:1,43:1;17:76,38:73
513000;2;2:3,3:3,5:3,19:1;10:80,45:75
886464;2;2:6,3:6,19:1;12:96,54:90
1016496;2;2:4,3:3,13:1,181:1;47:97,66:90
1061424;2;2:4,3:6,7:1,13:1;6:102,45:99
1073375;2;5:3,31:1,277:1;23:102,60:95
1092728;2;2:3,7:1,13:1,19:1,79:1;1:103,64:94
1407672;2;2:3,3:3,7:3,19:1;14:112,63:105
2101248;2;2:12,3:3,19:1;16:128,72:120
2622104;2;2:3,31:1,97:1,109:1;60:134,102:116
2691451;2;7:1,31:1,79:1,157:1;18:139,94:123
2991816;2;2:3,3:9,19:1;18:144,81:135
3220776;2;2:3,3:3,13:1,31:1,37:1;84:138,112:122
3242197;2;7:1,31:1,67:1,223:1;76:141,85:138
3375008;2;2:5,7:1,13:1,19:1,61:1;2:150,83:141
3511872;2;2:6,3:2,7:1,13:1,67:1;4:152,41:151
3512808;2;2:3,3:5,13:1,139:1;10:152,96:138
3551112;2;2:3,3:2,31:1,37:1,43:1;34:152,76:146
3587409;2;3:6,7:1,19:1,37:1;18:153,121:122
3813992;2;2:3,7:1,13:3,31:1;26:156,123:125
4104000;2;2:6,3:3,5:3,19:1;20:160,90:150
4505949;2;3:6,7:1,883:1;24:165,86:157
4673088;2;2:6,3:2,7:1,19:1,61:1;25:167,64:164
4931101;2;7:1,37:1,79:1,241:1;76:165,102:157
5318677;2;7:1,13:1,211:1,277:1;37:174,136:141
5462424;2;2:3,3:3,11:3,19:1;22:176,99:165
6017193;2;3:3,7:1,13:1,31:1,79:1;57:180,113:166
6434883;2;3:6,7:1,13:1,97:1;3:186,59:184
6517000;2;2:3,5:3,7:3,19:1;66:184,105:175
7091712;2;2:9,3:6,19:1;24:192,108:180
8131968;2;2:7,3:3,13:1,181:1;94:194,132:180
8275176;2;2:3,3:3,7:1,13:1,421:1;32:202,129:183
8587000;2;2:3,5:3,31:1,277:1;46:204,120:190
8741824;2;2:6,7:1,13:1,19:1,79:1;2:206,128:188
8849601;2;3:3,31:1,97:1,109:1;90:201,153:174
9016488;2;2:3,3:3,13:3,19:1;26:208,117:195
10202696;2;2:3,7:1,19:1,43:1,223:1;50:216,167:177
10424232;2;2:3,3:2,7:1,13:1,37:1,43:1;40:218,101:211
10702783;2;7:1,13:1,337:1,349:1;135:202,166:183
10811017;2;7:3,43:1,733:1;84:217,145:198
10870119;2;3:6,13:1,31:1,37:1;126:207,168:183
11261376;2;2:6,3:3,7:3,19:1;28:224,126:210
11985003;2;3:5,31:1,37:1,43:1;51:228,114:219
13851000;2;2:3,3:6,5:3,19:1;30:240,135:225
14978061;2;3:3,7:1,19:1,43:1,97:1;45:246,173:214
15187041;2;3:3,43:1,103:1,127:1;156:225,169:218
16776487;2;7:1,13:1,19:1,31:1,313:1;58:255,183:220
16809984;2;2:15,3:3,19:1;32:256,144:240
20162952;2;2:3,3:3,17:3,19:1;34:272,153:255
20976832;2;2:6,31:1,97:1,109:1;120:268,204:232
21531608;2;2:3,7:1,31:1,79:1,157:1;36:278,188:246
21994875;2;3:3,5:3,7:3,19:1;35:280,99:276
23934528;2;2:6,3:9,19:1;36:288,162:270
25371171;2;3:3,7:2,127:1,151:1;90:291,166:275
25766208;2;2:6,3:3,13:1,31:1,37:1;168:276,224:244
25937576;2;2:3,7:1,31:1,67:1,223:1;152:282,170:276
26122131;2;3:2,7:1,19:1,139:1,157:1;107:292,235:236
27445392;2;2:4,3:6,13:1,181:1;141:291,198:270
27882127;2;7:3,13:3,37:1;40:303,234:247
28094976;2;2:9,3:2,7:1,13:1,67:1;8:304,82:302
28102464;2;2:6,3:5,13:1,139:1;20:304,192:276
28149336;2;2:3,3:3,19:4;38:304,171:285
28699272;2;2:3,3:6,7:1,19:1,37:1;36:306,242:244
28981125;2;3:3,5:3,31:1,277:1;69:306,180:285
29503656;2;2:3,3:3,7:1,13:1,19:1,79:1;3:309,192:282
29791125;2;3:3,5:3,7:1,13:1,97:1;5:310,66:309
30511936;2;2:6,7:1,13:3,31:1;52:312,246:250
32832000;2;2:9,3:3,5:3,19:1;40:320,180:300
33108264;2;2:3,3:6,7:1,811:1;188:298,225:279
36047592;2;2:3,3:6,7:1,883:1;48:330,172:314
37384704;2;2:9,3:2,7:1,19:1,61:1;50:334,128:328
38007144;2;2:3,3:6,7:3,19:1;42:336,189:315
39448808;2;2:3,7:1,37:1,79:1,241:1;152:330,204:314
40970375;2;5:3,31:1,97:1,109:1;150:335,255:290
42549416;2;2:3,7:1,13:1,211:1,277:1;74:348,272:282
43699392;2;2:6,3:3,11:3,19:1;44:352,198:330
43946000;2;2:4,5:3,7:1,43:1,73:1;158:342,275:285
48137544;2;2:3,3:3,7:1,13:1,31:1,79:1;114:360,226:332
49933368;2;2:3,3:3,19:1,23:3;46:368,207:345
50324625;2;3:3,5:3,13:1,31:1,37:1;210:345,280:305
51278929;2;13:1,19:1,31:1,37:1,181:1;113:368,284:305
51479064;2;2:3,3:6,7:1,13:1,97:1;6:372,118:368
52136000;2;2:6,5:3,7:3,19:1;132:368,210:350
56733696;2;2:12,3:6,19:1;48:384,216:360
60271939;2;7:1,13:1,43:1,73:1,211:1;123:388,180:379
62108397;2;3:3,13:1,19:1,67:1,139:1;21:396,238:365
64125000;2;2:3,3:3,5:6,19:1;50:400,225:375
65055744;2;2:10,3:3,13:1,181:1;188:388,264:360
65272753;2;7:2,13:1,43:1,2383:1;166:393,300:337
66469429;2;13:1,19:1,439:1,613:1;34:405,237:376
69583995;2;3:3,5:1,13:1,31:1,1279:1;54:411,187:398
69934592;2;2:9,7:1,13:1,19:1,79:1;4:412,256:376
70796808;2;2:3,3:3,31:1,97:1,109:1;180:402,306:348
70957971;2;3:3,7:1,37:1,73:1,139:1;3:414,323:334
72131904;2;2:6,3:3,13:3,19:1;52:416,234:390
72669177;2;3:3,7:1,31:1,79:1,157:1;54:417,282:369
73369088;2;2:9,13:1,73:1,151:1;95:417,176:408
80779032;2;2:3,3:12,19:1;54:432,243:405
81621568;2;2:6,7:1,19:1,43:1,223:1;100:432,334:354
83393856;2;2:6,3:2,7:1,13:1,37:1,43:1;80:436,202:422
85622264;2;2:3,7:1,13:1,337:1,349:1;270:404,332:366
86488136;2;2:3,7:3,43:1,733:1;168:434,290:396
86960952;2;2:3,3:6,13:1,31:1,37:1;252:414,336:366
90091008;2;2:9,3:3,7:3,19:1;56:448,252:420
91125216;2;2:5,3:3,7:1,13:1,19:1,61:1;6:450,249:423
94820544;2;2:6,3:5,7:1,13:1,67:1;12:456,123:453
95880024;2;2:3,3:5,31:1,37:1,43:1;102:456,228:438
96860043;2;3:9,7:1,19:1,37:1;54:459,363:366
100092456;2;2:3,3:3,19:1,29:3;58:464,261:435
102977784;2;2:3,3:3,7:1,13:3,31:1;78:468,369:375
110808000;2;2:6,3:6,5:3,19:1;60:480,270:450
112422709;2;7:3,31:1,97:1,109:1;210:469,357:406
114103808;2;2:9,7:1,13:1,31:1,79:1;27:485,152:480
117132750;2;2:1,3:3,5:3,7:1,37:1,67:1;145:485,303:447
121496328;2;2:3,3:3,43:1,103:1,127:1;312:450,338:436
122262264;2;2:3,3:3,19:1,31:3;62:496,279:465
126173376;2;2:6,3:5,7:1,19:1,61:1;75:501,192:492
127062000;2;2:4,3:3,5:3,13:1,181:1;235:485,330:450
128966383;2;7:2,13:1,61:1,3319:1;135:502,354:439
133139727;2;3:3,7:1,37:1,79:1,241:1;228:495,306:471
134211896;2;2:3,7:1,13:1,19:1,31:1,313:1;116:510,366:440
134479872;2;2:18,3:3,19:1;64:512,288:480
138090771;2;3:3,7:3,13:1,31:1,37:1;294:483,392:427
145908847;2;7:1,19:1,31:1,43:1,823:1;346:471,360:463
147485448;2;2:3,3:6,11:3,19:1;66:528,297:495
155711528;2;2:3,7:1,61:1,79:1,577:1;95:537,426:428
161303616;2;2:6,3:3,17:3,19:1;68:544,306:510
162464211;2;3:6,7:1,13:1,31:1,79:1;171:540,339:498
167814656;2;2:9,31:1,97:1,109:1;240:536,408:464
172252864;2;2:6,7:1,31:1,79:1,157:1;72:556,376:492
173741841;2;3:9,7:1,13:1,97:1;9:558,177:552
178858449;2;3:5,7:1,11:3,79:1;132:561,418:473
180314414;2;2:1,7:3,31:1,61:1,139:1;123:563,329:525
188239688;2;2:3,7:1,13:1,19:1,31:1,439:1;159:569,354:524
191476224;2;2:9,3:9,19:1;72:576,324:540
202969368;2;2:3,3:3,7:2,127:1,151:1;180:582,332:550
206129664;2;2:9,3:3,13:1,31:1,37:1;336:552,448:488
207500608;2;2:6,7:1,31:1,67:1,223:1;304:564,340:552
207879912;2;2:3,3:3,19:1,37:3;74:592,333:555
219563136;2;2:7,3:6,13:1,181:1;282:582,396:540
223057016;2;2:3,7:3,13:3,37:1;80:606,468:494
224759808;2;2:12,3:2,7:1,13:1,67:1;16:608,164:604
225194688;2;2:6,3:3,19:4;76:608,342:570
228613112;2;2:3,7:1,13:1,43:1,67:1,109:1;281:591,380:558
229594176;2;2:6,3:6,7:1,19:1,37:1;72:612,484:488
231849000;2;2:3,3:3,5:3,31:1,277:1;138:612,360:570
236029248;2;2:6,3:3,7:1,13:1,19:1,79:1;6:618,384:564
238329000;2;2:3,3:3,5:3,7:1,13:1,97:1;10:620,132:618
238939227;2;3:6,31:1,97:1,109:1;270:603,459:522
243445176;2;2:3,3:6,13:3,19:1;78:624,351:585
244095488;2;2:9,7:1,13:3,31:1;104:624,492:500
262656000;2;2:12,3:3,5:3,19:1;80:640,360:600
264866112;2;2:6,3:6,7:1,811:1;376:596,450:558
272449359;2;3:3,7:3,13:1,31:1,73:1;175:644,510:519
275472792;2;2:3,3:3,7:1,19:1,43:1,223:1;150:648,501:531
281454264;2;2:3,3:5,7:1,13:1,37:1,43:1;120:654,303:633
282851784;2;2:3,3:3,19:1,41:3;82:656,369:615
288975141;2;3:3,7:1,13:1,337:1,349:1;405:606,498:549
291897459;2;3:3,7:3,43:1,733:1;252:651,435:594
299077632;2;2:12,3:2,7:1,19:1,61:1;100:668,256:656
300694303;2;7:1,13:1,79:1,151:1,277:1;415:612,487:570
304057152;2;2:6,3:6,7:3,19:1;84:672,378:630
310289733;2;3:2,13:1,37:1,229:1,313:1;10:677,278:661
315590464;2;2:6,7:1,37:1,79:1,241:1;304:660,408:628
323595081;2;3:8,31:1,37:1,43:1;153:684,342:657
326296728;2;2:3,3:3,19:1,43:3;86:688,387:645
336431375;2;5:3,7:1,31:1,79:1,157:1;90:695,470:615
340395328;2;2:6,7:1,13:1,211:1,277:1;148:696,544:564
348658128;2;2:4,3:3,7:3,13:1,181:1;329:679,462:630
349595136;2;2:9,3:3,11:3,19:1;88:704,396:660
373977000;2;2:3,3:9,5:3,19:1;90:720,405:675
385100352;2;2:6,3:3,7:1,13:1,31:1,79:1;228:720,452:664
387352719;2;3:3,13:1,31:1,97:1,367:1;146:727,423:678
399466944;2;2:6,3:3,19:1,23:3;92:736,414:690
402597000;2;2:3,3:3,5:3,13:1,31:1,37:1;420:690,560:610
404407647;2;3:6,7:1,19:1,43:1,97:1;135:738,519:642
405274625;2;5:3,7:1,31:1,67:1,223:1;380:705,425:690
410050107;2;3:6,43:1,103:1,127:1;468:675,507:654
410231432;2;2:3,13:1,19:1,31:1,37:1,181:1;226:736,568:610
411832512;2;2:6,3:6,7:1,13:1,97:1;12:744,236:736
417088000;2;2:9,5:3,7:3,19:1;264:736,420:700
426089592;2;2:3,3:3,19:1,47:3;94:752,423:705
429396751;2;7:2,19:1,61:1,7561:1;180:751,472:687
432597529;2;7:2,13:1,19:1,31:1,1153:1;178:753,457:696
436252553;2;11:3,31:1,97:1,109:1;330:737,561:638
437440591;2;7:4,19:1,43:1,223:1;58:759,175:756
438984000;2;2:6,3:2,5:3,7:1,13:1,67:1;20:760,205:755
448426125;2;3:6,5:3,7:1,19:1,37:1;90:765,605:610
452965149;2;3:3,7:1,13:1,19:1,31:1,313:1;174:765,549:660
453869568;2;2:15,3:6,19:1;96:768,432:720
476749000;2;2:3,5:3,7:1,13:3,31:1;130:780,615:625
482175512;2;2:3,7:1,13:1,43:1,73:1,211:1;246:776,360:758
482831496;2;2:3,3:3,7:6,19:1;98:784,441:735
483634125;2;3:3,5:3,13:1,73:1,151:1;330:765,368:757
485587720;2;2:3,5:1,31:1,79:1,4957:1;4:786,571:669
496867176;2;2:3,3:3,13:1,19:1,67:1,139:1;42:792,476:730
513000000;2;2:6,3:3,5:6,19:1;100:800,450:750
520445952;2;2:13,3:3,13:1,181:1;376:776,528:720
522182024;2;2:3,7:2,13:1,43:1,2383:1;332:786,600:674
531755432;2;2:3,13:1,19:1,439:1,613:1;68:810,474:752
544399704;2;2:3,3:6,17:3,19:1;102:816,459:765
553514689;2;7:1,13:1,73:1,97:1,859:1;129:820,513:748
556671960;2;2:3,3:3,5:1,13:1,31:1,1279:1;108:822,374:796
558164672;2;2:6,13:1,17:1,19:1,31:1,67:1;275:813,576:716
566374464;2;2:6,3:3,31:1,97:1,109:1;360:804,612:696
567663768;2;2:3,3:3,7:1,37:1,73:1,139:1;6:828,646:668
577055232;2;2:9,3:3,13:3,19:1;104:832,468:780
581353416;2;2:3,3:3,7:1,31:1,79:1,157:1;108:834,564:738
584136000;2;2:6,3:2,5:3,7:1,19:1,61:1;125:835,320:820
586952704;2;2:12,13:1,73:1,151:1;190:834,352:816
593861625;2;3:6,5:3,7:3,19:1;105:840,297:828
610991208;2;2:3,3:3,19:1,53:3;106:848,477:795
616387625;2;5:3,7:1,37:1,79:1,241:1;380:825,510:785
646232256;2;2:6,3:12,19:1;108:864,486:810
652972544;2;2:9,7:1,19:1,43:1,223:1;200:864,668:708
664834625;2;5:3,7:1,13:1,211:1,277:1;185:870,680:705
682803000;2;2:3,3:3,5:3,11:3,19:1;110:880,495:825
684978112;2;2:6,7:1,13:1,337:1,349:1;540:808,664:732
685021617;2;3:6,7:2,127:1,151:1;270:873,498:825
687013704;2;2:3,3:3,13:1,19:1,79:1,163:1;96:882,577:791
689406579;2;3:3,109:1,433:1,541:1;98:883,459:840
691905088;2;2:6,7:3,43:1,733:1;336:868,580:792
692612137;2;7:1,31:1,43:1,199:1,373:1;508:825,633:760
693088669;2;7:1,13:1,19:1,31:1,67:1,193:1;421:852,538:813
695687616;2;2:6,3:6,13:1,31:1,37:1;504:828,672:732
705297537;2;3:5,7:1,19:1,139:1,157:1;321:876,705:708
720095311;2;13:3,31:1,97:1,109:1;390:871,663:754
720728064;2;2:12,3:3,7:3,19:1;112:896,504:840
729418816;2;2:6,7:1,19:1,67:1,1279:1;174:898,331:885
741025584;2;2:4,3:9,13:1,181:1;423:873,594:810
752149125;2;3:3,5:3,7:1,13:1,31:1,79:1;285:900,565:830
752817429;2;3:3,7:3,13:3,37:1;120:909,702:741
758564352;2;2:9,3:5,7:1,13:1,67:1;24:912,246:906
760032072;2;2:3,3:6,19:4;114:912,513:855
774880344;2;2:3,3:9,7:1,19:1,37:1;108:918,726:732
789006673;2;7:3,13:1,19:1,67:1,139:1;49:924,369:904
789229224;2;2:3,3:3,7:1,43:1,61:1,199:1;176:922,699:765
800739648;2;2:6,3:3,19:1,29:3;116:928,522:870
806672113;2;13:1,19:1,37:1,61:1,1447:1;233:926,617:830
814414328;2;2:3,7:1,13:1,19:1,97:1,607:1;131:933,464:894
814625000;2;2:3,5:6,7:3,19:1;330:920,525:875
823822272;2;2:6,3:3,7:1,13:3,31:1;156:936,738:750
842875416;2;2:3,3:3,19:1,59:3;118:944,531:885
860616792;2;2:3,3:3,7:2,31:1,43:1,61:1;81:951,148:950
885156363;2;3:3,7:1,13:1,19:1,67:1,283:1;242:955,492:915
886464000;2;2:9,3:6,5:3,19:1;120:960,540:900
893923128;2;2:3,3:9,7:1,811:1;564:894,675:837
899381672;2;2:3,7:3,31:1,97:1,109:1;420:938,714:812
912830464;2;2:12,7:1,13:1,31:1,79:1;54:970,304:960
923167693;2;7:4,31:1,79:1,157:1;126:973,658:861
929783582;2;2:1,7:1,13:3,19:1,37:1,43:1;143:975,467:939
931530024;2;2:3,3:3,19:1,61:3;122:976,549:915
937062000;2;2:4,3:3,5:3,7:1,37:1,67:1;290:970,606:894
950859559;2;13:1,31:1,37:1,43:1,1483:1;367:966,567:916
971970624;2;2:6,3:3,43:1,103:1,127:1;624:900,676:872
973288927;2;13:1,19:1,31:1,79:1,1609:1;36:991,582:919
978098112;2;2:6,3:3,19:1,31:3;124:992,558:930
1009387008;2;2:9,3:5,7:1,19:1,61:1;150:1002,384:984
1013396293;2;7:2,13:1,19:1,31:1,37:1,73:1;405:982,586:933
1016496000;2;2:7,3:3,5:3,13:1,181:1;470:970,660:900
1026192888;2;2:3,3:9,7:3,19:1;126:1008,567:945
1031731064;2;2:3,7:2,13:1,61:1,3319:1;270:1004,708:878
1051871977;2;13:1,19:1,43:1,97:1,1021:1;4:1017,249:1012
1055306341;2;19:1,37:1,1087:1,1381:1;69:1018,381:1000
1065117816;2;2:3,3:3,7:1,37:1,79:1,241:1;456:990,612:942
1073695168;2;2:6,7:1,13:1,19:1,31:1,313:1;232:1020,732:880
1075838976;2;2:21,3:3,19:1;128:1024,576:960
1090952317;2;7:3,13:1,19:1,79:1,163:1;112:1029,517:984
1104726168;2;2:3,3:3,7:3,13:1,31:1,37:1;588:966,784:854
1106200125;2;3:3,5:3,31:1,97:1,109:1;450:1005,765:870
1112073571;2;7:4,31:1,67:1,223:1;532:987,595:966
1127061000;2;2:3,3:3,5:3,13:3,19:1;130:1040,585:975
1157627744;2;2:5,7:4,13:1,19:1,61:1;14:1050,581:987
1167270776;2;2:3,7:1,19:1,31:1,43:1,823:1;692:942,720:926
1173928896;2;2:6,3:3,7:1,37:1,43:1,61:1;284:1048,297:1047
1179883584;2;2:6,3:6,11:3,19:1;132:1056,594:990
1204572096;2;2:6,3:2,7:4,13:1,67:1;28:1064,287:1057
1230481287;2;3:6,7:4,19:1,37:1;126:1071,847:854
1234331352;2;2:3,3:3,19:1,67:3;134:1072,603:1005
1275337000;2;2:3,5:3,7:1,19:1,43:1,223:1;250:1080,835:885
1290428928;2;2:9,3:3,17:3,19:1;136:1088,612:1020
1299713688;2;2:3,3:6,7:1,13:1,31:1,79:1;342:1080,678:996
1309449176;2;2:3,7:1,31:1,571:1,1321:1;48:1094,851:885
1312447591;2;7:1,13:1,19:1,43:1,127:1,139:1;631:1020,802:927
1337847875;2;5:3,7:1,13:1,337:1,349:1;675:1010,830:915
1342517248;2;2:12,31:1,97:1,109:1;480:1072,816:928
1348200936;2;2:3,3:6,19:1,23:3;138:1104,621:1035
1352956176;2;2:4,3:3,11:3,13:1,181:1;517:1067,726:990
1373796125;2;5:3,13:1,37:1,73:1,313:1;485:1080,564:1061
1384531083;2;3:3,13:1,19:1,31:1,37:1,181:1;339:1104,852:915
1389934728;2;2:3,3:9,7:1,13:1,97:1;18:1116,354:1104
1402390152;2;2:3,3:3,19:1,31:1,73:1,151:1;253:1115,771:981
1417026555;2;3:6,5:1,7:1,19:1,37:1,79:1;92:1123,603:1062
1442515312;2;2:4,7:3,31:1,61:1,139:1;246:1126,658:1050
1450291717;2;7:1,19:1,79:1,97:1,1423:1;298:1125,384:1117
1468866744;2;2:3,3:3,19:1,71:3;142:1136,639:1065
1484204904;2;2:3,3:3,7:3,13:1,23:1,67:1;563:1093,810:984
1505917504;2;2:6,7:1,13:1,19:1,31:1,439:1;318:1138,708:1048
1531809792;2;2:12,3:9,19:1;144:1152,648:1080
1575734797;2;7:3,13:1,193:1,1831:1;189:1162,829:1002
1596525768;2;2:3,3:3,19:1,73:3;146:1168,657:1095
1610299619;2;17:3,31:1,97:1,109:1;510:1139,867:986
1623754944;2;2:6,3:3,7:2,127:1,151:1;360:1164,664:1100
1627342353;2;3:3,7:1,13:1,43:1,73:1,211:1;369:1164,540:1137
1634721543;2;3:2,7:1,13:1,31:3,67:1;31:1178,232:1175
1649037312;2;2:12,3:3,13:1,31:1,37:1;672:1104,896:976
1660004864;2;2:9,7:1,31:1,67:1,223:1;608:1128,680:1104
1663039296;2;2:6,3:3,19:1,37:3;148:1184,666:1110
1676926719;2;3:6,13:1,19:1,67:1,139:1;63:1188,714:1095
1691367643;2;7:4,37:1,79:1,241:1;532:1155,714:1099
1731375000;2;2:3,3:6,5:6,19:1;150:1200,675:1125
1756505088;2;2:10,3:6,13:1,181:1;564:1164,792:1080
1762364331;2;3:3,7:2,13:1,43:1,2383:1;498:1179,900:1011
1784456128;2;2:6,7:3,13:3,37:1;160:1212,936:988
1794674583;2;3:3,13:1,19:1,439:1,613:1;102:1215,711:1128
1798078464;2;2:15,3:2,7:1,13:1,67:1;32:1216,328:1208
1801557504;2;2:9,3:3,19:4;152:1216,684:1140
1809051624;2;2:3,3:3,31:1,43:1,61:1,103:1;249:1215,730:1124
1824306211;2;7:4,13:1,211:1,277:1;259:1218,952:987
1828904896;2;2:6,7:1,13:1,43:1,67:1,109:1;562:1182,760:1116
1836753408;2;2:9,3:6,7:1,19:1,37:1;144:1224,968:976
1856351672;2;2:3,7:3,31:1,139:1,157:1;27:1229,924:1022
1872257625;2;3:3,5:3,7:1,19:1,43:1,97:1;225:1230,865:1070
1873611432;2;2:3,3:3,7:3,11:3,19:1;154:1232,693:1155
1876504448;2;2:7,7:1,13:1,19:1,61:1,139:1;451:1213,922:1030
1878767865;2;3:6,5:1,13:1,31:1,1279:1;162:1233,561:1194
1888233984;2;2:9,3:3,7:1,13:1,19:1,79:1;12:1236,768:1128
1898380125;2;3:3,5:3,43:1,103:1,127:1;780:1125,845:1090
1906632000;2;2:6,3:3,5:3,7:1,13:1,97:1;20:1240,264:1236
1906659937;2;7:1,13:1,19:1,67:1,109:1,151:1;33:1240,930:1033
1911513816;2;2:3,3:6,31:1,97:1,109:1;540:1206,918:1044
1947561408;2;2:6,3:6,13:3,19:1;156:1248,702:1170
1952763904;2;2:12,7:1,13:3,31:1;208:1248,984:1000
1980965376;2;2:9,3:3,13:1,73:1,151:1;285:1251,528:1224
2023432056;2;2:3,3:3,19:1,79:3;158:1264,711:1185
2063897199;2;3:3,7:4,13:1,31:1,79:1;399:1260,791:1162
2076484319;2;7:2,13:1,41:1,43:3;516:1247,914:1095
2097060875;2;5:3,7:1,13:1,19:1,31:1,313:1;290:1275,915:1100
2101248000;2;2:15,3:3,5:3,19:1;160:1280,720:1200
2181033864;2;2:3,3:15,19:1;162:1296,729:1215
2203782336;2;2:6,3:3,7:1,19:1,43:1,223:1;300:1296,1002:1062
2207164869;2;3:6,7:4,13:1,97:1;21:1302,413:1288
2235331000;2;2:3,5:3,7:6,19:1;462:1288,735:1225
2248126417;2;19:3,31:1,97:1,109:1;570:1273,969:1102
2262814272;2;2:6,3:3,19:1,41:3;164:1312,738:1230
2262895453;2;7:1,13:1,67:1,211:1,1759:1;165:1312,466:1293
2303336161;2;7:1,19:1,103:1,277:1,607:1;682:1257,708:1249
2309088600;2;2:3,3:3,5:2,7:1,13:1,37:1,127:1;503:1297,696:1254
2311801128;2;2:3,3:3,7:1,13:1,337:1,349:1;810:1212,996:1098
2335179672;2;2:3,3:3,7:3,43:1,733:1;504:1302,870:1188
2346613848;2;2:3,3:3,19:1,83:3;166:1328,747:1245
2356862417;2;7:6,13:1,23:1,67:1;212:1329,945:1148
2405554424;2;2:3,7:1,13:1,79:1,151:1,277:1;830:1224,974:1140
2432457216;2;2:9,3:6,7:3,19:1;168:1344,756:1260
2460380832;2;2:5,3:6,7:1,13:1,19:1,61:1;18:1350,747:1269
2482317864;2;2:3,3:2,13:1,37:1,229:1,313:1;20:1354,556:1322
2520369000;2;2:3,3:3,5:3,17:3,19:1;170:1360,765:1275
2524723712;2;2:9,7:1,37:1,79:1,241:1;608:1320,816:1256
2560154688;2;2:6,3:8,7:1,13:1,67:1;36:1368,369:1359
2588760648;2;2:3,3:8,31:1,37:1,43:1;306:1368,684:1314
2610373824;2;2:6,3:3,19:1,43:3;172:1376,774:1290
2615221161;2;3:12,7:1,19:1,37:1;162:1377,1089:1098
2691451000;2;2:3,5:3,7:1,31:1,79:1,157:1;180:1390,940:1230
2702496312;2;2:3,3:6,19:1,29:3;174:1392,783:1305
2723162624;2;2:9,7:1,13:1,211:1,277:1;296:1392,1088:1128
2748648357;2;3:3,7:1,13:1,19:1,97:1,607:1;696:1341,1093:1130
2749359375;2;3:3,5:6,7:3,19:1;175:1400,495:1380
2776618656;2;2:5,3:3,7:1,19:1,73:1,331:1;354:1398,661:1355
2796761088;2;2:12,3:3,11:3,19:1;176:1408,792:1320
2813506813;2;13:1,43:2,67:1,1747:1;342:1405,453:1396
2887034059;2;7:1,13:1,19:1,109:1,15319:1;310:1419,708:1363
2893192776;2;2:3,3:3,19:1,89:3;178:1424,801:1335
2991816000;2;2:6,3:9,5:3,19:1;180:1440,810:1350
3035413143;2;3:3,7:3,31:1,97:1,109:1;630:1407,1071:1218
3044634651;2;3:2,19:3,31:1,37:1,43:1;323:1444,722:1387
3092655384;2;2:3,3:3,7:3,13:3,19:1;182:1456,819:1365
3098821752;2;2:3,3:3,13:1,31:1,97:1,367:1;292:1454,846:1356
3150734743;2;13:1,43:1,151:1,163:1,229:1;519:1444,711:1408
3152312128;2;2:6,7:1,31:1,61:3;244:1464,543:1441
3171396375;2;3:3,5:3,7:2,127:1,151:1;450:1455,830:1375
3195735552;2;2:9,3:3,19:1,23:3;184:1472,828:1380
3220776000;2;2:6,3:3,5:3,13:1,31:1,37:1;840:1380,1120:1220
3233357757;2;3:6,7:3,67:1,193:1;224:1477,261:1476
3242197000;2;2:3,5:3,7:1,31:1,67:1,223:1;760:1410,850:1380
3271905819;2;3:6,7:1,13:1,31:1,37:1,43:1;218:1483,486:1467
3280400856;2;2:3,3:6,43:1,103:1,127:1;936:1350,1014:1308
3281851456;2;2:6,13:1,19:1,31:1,37:1,181:1;452:1472,1136:1220
3294660096;2;2:9,3:6,7:1,13:1,97:1;24:1488,472:1472
3301081128;2;2:3,3:6,19:1,31:3;186:1488,837:1395
3336704000;2;2:12,5:3,7:3,19:1;528:1472,840:1400
3361527253;2;7:4,19:1,31:1,2377:1;21:1498,1165:1212
3406681152;2;2:6,3:8,7:1,19:1,61:1;225:1503,576:1476
3408716736;2;2:6,3:3,19:1,47:3;188:1504,846:1410
3435174008;2;2:3,7:2,19:1,61:1,7561:1;360:1502,944:1374
3460780232;2;2:3,7:2,13:1,19:1,31:1,1153:1;356:1506,914:1392
3482092341;2;3:3,7:2,13:1,61:1,3319:1;405:1506,1062:1317
3485265875;2;5:3,7:3,13:3,37:1;200:1515,1170:1235
3490020424;2;2:3,11:3,31:1,97:1,109:1;660:1474,1122:1276
3511872000;2;2:9,3:2,5:3,7:1,13:1,67:1;40:1520,410:1510
3518667000;2;2:3,3:3,5:3,19:4;190:1520,855:1425
3575511576;2;2:3,3:2,7:4,13:1,37:1,43:1;280:1526,707:1477
3587409000;2;2:3,3:6,5:3,7:1,19:1,37:1;180:1530,1210:1220
3594772629;2;3:6,7:1,37:1,79:1,241:1;684:1485,918:1413
3630956544;2;2:18,3:6,19:1;192:1536,864:1440
3657613771;2;7:4,31:1,157:1,313:1;700:1491,1035:1366
3671054569;2;7:4,13:1,337:1,349:1;945:1414,1162:1281
3708322891;2;7:4,13:3,19:1,37:1;182:1547,698:1499
3723890625;2;3:3,5:6,7:1,13:1,97:1;25:1550,330:1545
3728450817;2;3:6,7:3,13:1,31:1,37:1;882:1449,1176:1281
3737916728;2;2:3,7:1,13:1,43:1,97:1,1231:1;1019:1389,1200:1262
3745609992;2;2:3,3:3,19:1,97:3;194:1552,873:1455
3794907753;2;3:4,7:4,13:1,19:1,79:1;604:1529,1120:1337
3813992000;2;2:6,5:3,7:1,13:3,31:1;260:1560,1230:1250
3862651968;2;2:6,3:3,7:6,19:1;196:1568,882:1470
3869073000;2;2:3,3:3,5:3,13:1,73:1,151:1;660:1530,736:1514
3884701760;2;2:6,5:1,31:1,79:1,4957:1;8:1572,1142:1338
3936716856;2;2:3,3:3,19:1,67:1,103:1,139:1;1089:1383,1198:1304
3958240797;2;3:3,7:1,19:1,31:3,37:1;186:1581,829:1502
3974937408;2;2:6,3:3,13:1,19:1,67:1,139:1;84:1584,952:1460
3982107096;2;2:3,3:9,11:3,19:1;198:1584,891:1485
3987892421;2;23:3,31:1,97:1,109:1;690:1541,1173:1334
4029787216;2;2:4,7:1,13:1,19:1,31:1,37:1,127:1;453:1579,850:1506
4058099857;2;7:1,19:1,31:1,73:1,97:1,139:1;250:1593,718:1545
4066022744;2;2:3,7:2,31:1,313:1,1069:1;566:1572,1115:1389
4104000000;2;2:9,3:3,5:6,19:1;200:1600,900:1500
4177456192;2;2:6,7:2,13:1,43:1,2383:1;664:1572,1200:1348
4228355304;2;2:3,3:3,19:1,101:3;202:1616,909:1515
4254043456;2;2:6,13:1,19:1,439:1,613:1;136:1620,948:1504
4315364207;2;7:1,11:3,31:1,67:1,223:1;836:1551,935:1518
4339880216;2;2:3,7:3,31:1,163:1,313:1;105:1631,1017:1487
4355197632;2;2:6,3:6,17:3,19:1;204:1632,918:1530
4386533697;2;3:9,7:1,13:1,31:1,79:1;513:1620,1017:1494
4409958007;2;7:2,13:1,19:1,199:1,1831:1;192:1639,1191:1396
4428117512;2;2:3,7:1,13:1,73:1,97:1,859:1;258:1640,1026:1496
4465317376;2;2:9,13:1,17:1,19:1,31:1,67:1;550:1626,1152:1432
4484551608;2;2:3,3:3,19:1,103:3;206:1648,927:1545
4530995712;2;2:9,3:3,31:1,97:1,109:1;720:1608,1224:1392
4533183711;2;3:6,7:1,43:1,73:1,283:1;46:1655,1044:1503
4541310144;2;2:6,3:3,7:1,37:1,73:1,139:1;12:1656,1292:1336
4582567808;2;2:7,7:4,13:1,31:1,37:1;3:1661,420:1652
4616441856;2;2:12,3:3,13:3,19:1;208:1664,936:1560
4674301632;2;2:6,3:2,7:1,11:3,13:1,67:1;44:1672,451:1661
4691029707;2;3:12,7:1,13:1,97:1;27:1674,531:1656
4695621632;2;2:15,13:1,73:1,151:1;380:1668,704:1632
4774841379;2;3:6,7:1,11:3,19:1,37:1;198:1683,1331:1342
4868489178;2;2:1,3:3,7:3,31:1,61:1,139:1;369:1689,987:1575
4887929664;2;2:6,3:3,19:1,53:3;212:1696,954:1590
4913003375;2;5:3,7:3,19:1,37:1,163:1;15:1700,719:1656
4931101000;2;2:3,5:3,7:1,37:1,79:1,241:1;760:1650,1020:1570
5027576472;2;2:3,3:3,19:1,107:3;214:1712,963:1605
5082471576;2;2:3,3:3,7:1,13:1,19:1,31:1,439:1;477:1707,1062:1572
5121296875;2;5:6,31:1,97:1,109:1;750:1675,1275:1450
5137474923;2;3:3,7:4,19:1,43:1,97:1;315:1722,1211:1498
5169858048;2;2:9,3:12,19:1;216:1728,972:1620
5209155063;2;3:3,7:3,43:1,103:1,127:1;1092:1575,1183:1526
5213920283;2;11:1,13:1,19:1,61:1,163:1,193:1;59:1734,1202:1515
5223780352;2;2:12,7:1,19:1,43:1,223:1;400:1728,1336:1416
5267436083;2;7:1,13:1,29:1,31:3,67:1;204:1739,1028:1611
5314799016;2;2:3,3:3,19:1,109:3;218:1744,981:1635
5318677000;2;2:3,5:3,7:1,13:1,211:1,277:1;370:1740,1360:1410
5462424000;2;2:6,3:3,5:3,11:3,19:1;220:1760,990:1650
5479824896;2;2:9,7:1,13:1,337:1,349:1;1080:1616,1328:1464
5496109632;2;2:6,3:3,13:1,19:1,79:1,163:1;192:1764,1154:1582
5515252632;2;2:3,3:3,109:1,433:1,541:1;196:1766,918:1680
5536991096;2;2:3,7:1,13:1,19:1,31:1,37:1,349:1;542:1752,1289:1503
5540897096;2;2:3,7:1,31:1,43:1,199:1,373:1;1016:1650,1266:1520
5565500928;2;2:9,3:6,13:1,31:1,37:1;1008:1656,1344:1464
5612757624;2;2:3,3:6,19:1,37:3;222:1776,999:1665
5754335041;2;7:4,13:1,19:1,31:1,313:1;406:1785,1281:1540
5760762488;2;2:3,13:3,31:1,97:1,109:1;780:1742,1326:1508
5765824512;2;2:15,3:3,7:3,19:1;224:1792,1008:1680
5921649288;2;2:3,3:3,19:1,113:3;226:1808,1017:1695
5954844987;2;3:2,7:1,13:1,73:1,103:1,967:1;355:1808,1276:1571
6017193000;2;2:3,3:3,5:3,7:1,13:1,31:1,79:1;570:1800,1130:1660
6022539432;2;2:3,3:3,7:3,13:3,37:1;240:1818,1404:1482
6068514816;2;2:12,3:5,7:1,13:1,67:1;48:1824,492:1812
6080256576;2;2:6,3:6,19:4;228:1824,1026:1710
6158658961;2;7:1,13:3,43:1,67:1,139:1;369:1828,1296:1585
6172554024;2;2:3,3:3,7:1,13:1,43:1,67:1,109:1;843:1773,1140:1674
6199042752;2;2:6,3:9,7:1,19:1,37:1;216:1836,1452:1464
6241671000;2;2:3,3:3,5:3,19:1,23:3;230:1840,1035:1725
6312053384;2;2:3,7:3,13:1,19:1,67:1,139:1;98:1848,738:1808
6313833792;2;2:6,3:3,7:1,43:1,61:1,199:1;352:1844,1398:1530
6405917184;2;2:9,3:3,19:1,29:3;232:1856,1044:1740
6409866125;2;5:3,13:1,19:1,31:1,37:1,181:1;565:1840,1420:1525
6451359129;2;3:9,31:1,97:1,109:1;810:1809,1377:1566
6453376904;2;2:3,13:1,19:1,37:1,61:1,1447:1;466:1852,1234:1660
6515314624;2;2:6,7:1,13:1,19:1,97:1,607:1;262:1866,928:1788
6517000000;2;2:6,5:6,7:3,19:1;660:1840,1050:1750
6563295431;2;7:1,11:3,37:1,79:1,241:1;836:1815,1122:1727
6573019752;2;2:3,3:9,13:3,19:1;234:1872,1053:1755
6634080271;2;7:1,13:1,271:1,367:1,733:1;18:1879,727:1842
6743003328;2;2:6,3:3,19:1,59:3;236:1888,1062:1770
6847311744;2;2:7,3:2,7:3,13:1,31:1,43:1;847:1841,1318:1658
6884934336;2;2:6,3:3,7:2,31:1,43:1,61:1;162:1902,296:1900
6915892536;2;2:3,3:3,7:3,17:3,19:1;238:1904,1071:1785
7079159087;2;7:1,11:3,13:1,211:1,277:1;407:1914,1496:1551
7081250904;2;2:3,3:3,7:1,13:1,19:1,67:1,283:1;484:1910,984:1830
7091712000;2;2:12,3:6,5:3,19:1;240:1920,1080:1800
7123106809;2;7:1,13:3,31:1,67:1,223:1;988:1833,1105:1794
7155589896;2;2:3,3:6,7:1,13:1,97:1,139:1;17:1927,594:1908
7195053376;2;2:6,7:3,31:1,97:1,109:1;840:1876,1428:1624
7270486344;2;2:3,3:3,11:6,19:1;242:1936,1089:1815
7302643712;2;2:15,7:1,13:1,31:1,79:1;108:1940,608:1920
7437765384;2;2:3,3:6,7:1,19:1,43:1,223:1;450:1944,1503:1593
7438268656;2;2:4,7:1,13:3,19:1,37:1,43:1;286:1950,934:1878
7452240192;2;2:6,3:3,19:1,61:3;244:1952,1098:1830
7496496000;2;2:7,3:3,5:3,7:1,37:1,67:1;580:1940,1212:1788
7533992375;2;5:3,7:1,13:1,43:1,73:1,211:1;615:1940,900:1895
7544242125;2;3:3,5:3,7:6,19:1;245:1960,693:1932
7606341288;2;2:3,3:5,7:1,13:1,19:1,31:1,73:1;267:1965,1354:1724
7606876472;2;2:3,13:1,31:1,37:1,43:1,1483:1;734:1932,1134:1832
7636998168;2;2:3,3:6,19:1,41:3;246:1968,1107:1845
7715582784;2;2:6,3:2,7:1,13:4,67:1;52:1976,533:1963
7763549625;2;3:3,5:3,13:1,19:1,67:1,139:1;105:1980,1190:1825
7775764992;2;2:9,3:3,43:1,103:1,127:1;1248:1800,1352:1744
7786311416;2;2:3,13:1,19:1,31:1,79:1,1609:1;72:1982,1164:1838
7786771272;2;2:3,3:3,7:1,43:1,229:1,523:1;1349:1747,1488:1650
7802328807;2;3:6,7:1,13:1,337:1,349:1;1215:1818,1494:1647
7824784896;2;2:9,3:3,19:1,31:3;248:1984,1116:1860
7881537573;2;3:6,7:1,13:3,19:1,37:1;234:1989,1573:1586
7993811807;2;29:3,31:1,97:1,109:1;870:1943,1479:1682
8008883883;2;3:3,7:1,11:3,13:1,31:1,79:1;627:1980,1243:1826
8011979001;2;3:6,13:1,37:1,73:1,313:1;873:1944,1462:1697
8015625000;2;2:3,3:3,5:9,19:1;250:2000,1125:1875
8075096064;2;2:12,3:5,7:1,19:1,61:1;300:2004,768:1968
8107170344;2;2:3,7:2,13:1,19:1,31:1,37:1,73:1;810:1964,1172:1866
8118746181;2;3:3,7:1,13:1,79:1,151:1,277:1;1245:1836,1461:1710
8159094125;2;5:3,7:2,13:1,43:1,2383:1;830:1965,1500:1685
8161379947;2;7:1,19:1,67:1,331:1,2767:1;306:2011,796:1971
8209543104;2;2:6,3:9,7:3,19:1;252:2016,1134:1890
8253848512;2;2:6,7:2,13:1,61:1,3319:1;540:2008,1416:1756
8377822791;2;3:5,13:1,37:1,229:1,313:1;30:2031,834:1983
8406563832;2;2:3,3:3,19:1,127:3;254:2032,1143:1905
8414975816;2;2:3,13:1,19:1,43:1,97:1,1021:1;8:2034,498:2024
8442450728;2;2:3,19:1,37:1,1087:1,1381:1;138:2036,762:2000
8520942528;2;2:6,3:3,7:1,37:1,79:1,241:1;912:1980,1224:1884
8564829273;2;3:6,7:1,11:3,13:1,97:1;33:2046,649:2024
8584863651;2;3:6,7:3,13:1,19:1,139:1;1179:1908,1307:1852
8589561344;2;2:9,7:1,13:1,19:1,31:1,313:1;464:2040,1464:1760
8606711808;2;2:24,3:3,19:1;256:2048,1152:1920
8674127000;2;2:3,5:3,7:3,11:3,19:1;726:2024,1155:1925
8727618536;2;2:3,7:3,13:1,19:1,79:1,163:1;224:2058,1034:1968
8737067187;2;3:11,31:1,37:1,43:1;459:2052,1026:1971
8810011656;2;2:3,3:6,19:1,43:3;258:2064,1161:1935
8837809344;2;2:6,3:3,7:3,13:1,31:1,37:1;1176:1932,1568:1708
8869746375;2;3:3,5:3,7:1,37:1,73:1,139:1;15:2070,1615:1670
8896588568;2;2:3,7:4,31:1,67:1,223:1;1064:1974,1190:1932
9012939039;2;3:3,13:1,31:1,37:1,61:1,367:1;300:2079,1631:1672
9016488000;2;2:6,3:3,5:3,13:3,19:1;260:2080,1170:1950
9083647125;2;3:3,5:3,7:1,31:1,79:1,157:1;270:2085,1410:1845
9152190047;2;7:1,11:1,13:1,19:3,31:1,43:1;646:2071,1567:1744
9171136000;2;2:9,5:3,13:1,73:1,151:1;475:2085,880:2040
9226165464;2;2:3,3:3,19:1,131:3;262:2096,1179:1965
9338166208;2;2:6,7:1,19:1,31:1,43:1,823:1;1384:1884,1440:1852
9391431168;2;2:9,3:3,7:1,37:1,43:1,61:1;568:2096,594:2094
9439068672;2;2:9,3:6,11:3,19:1;264:2112,1188:1980
9563569561;2;7:6,13:3,37:1;280:2121,1638:1729
9636576768;2;2:9,3:2,7:4,13:1,67:1;56:2128,574:2114
9655222248;2;2:3,3:3,7:3,19:4;266:2128,1197:1995
9764387533;2;31:4,97:1,109:1;930:2077,1581:1798
9843850296;2;2:3,3:6,7:4,19:1,37:1;252:2142,1694:1708
9874650816;2;2:6,3:3,19:1,67:3;268:2144,1206:2010
9899569953;2;3:6,7:1,13:3,883:1;312:2145,1118:2041
10097379000;2;2:3,3:12,5:3,19:1;270:2160,1215:2025
10202696000;2;2:6,5:3,7:1,19:1,43:1,223:1;500:2160,1670:1770
10218355875;2;3:3,5:3,7:4,13:1,97:1;35:2170,462:2163
10323431424;2;2:12,3:3,17:3,19:1;272:2176,1224:2040
10397709504;2;2:6,3:6,7:1,13:1,31:1,79:1;684:2160,1356:1992
10552832712;2;2:3,3:3,19:1,137:3;274:2192,1233:2055
10702783000;2;2:3,5:3,7:1,13:1,337:1,349:1;1350:2020,1660:1830
10740137984;2;2:15,31:1,97:1,109:1;960:2144,1632:1856
10785607488;2;2:6,3:6,19:1,23:3;276:2208,1242:2070
10919006469;2;3:9,7:1,19:1,43:1,97:1;405:2214,1557:1926
10990369000;2;2:3,5:3,13:1,37:1,73:1,313:1;970:2160,1128:2122
11021780376;2;2:3,3:3,19:1,139:3;278:2224,1251:2085
11029875003;2;3:3,7:1,19:1,43:1,61:1,1171:1;491:2218,1515:1962
11071352889;2;3:9,43:1,103:1,127:1;1404:2025,1521:1962
11076248664;2;2:3,3:3,13:1,19:1,31:1,37:1,181:1;678:2208,1704:1830
11119477824;2;2:6,3:9,7:1,13:1,97:1;36:2232,708:2208
11219121216;2;2:6,3:3,19:1,31:1,73:1,151:1;506:2230,1542:1962
11302198488;2;2:3,3:3,7:4,19:1,31:1,37:1;1589:1939,1608:1926
11336212440;2;2:3,3:6,5:1,7:1,19:1,37:1,79:1;184:2246,1206:2124
11504418984;2;2:3,3:6,19:1,47:3;282:2256,1269:2115
11540122496;2;2:7,7:3,31:1,61:1,139:1;492:2252,1316:2100
11602333736;2;2:3,7:1,19:1,79:1,97:1,1423:1;596:2250,768:2234
11680133283;2;3:3,7:2,13:1,19:1,31:1,1153:1;534:2259,1371:2088
11685133369;2;7:1,13:4,211:1,277:1;481:2262,1768:1833
11750933952;2;2:6,3:3,19:1,71:3;284:2272,1278:2130
11778818931;2;3:3,11:3,31:1,97:1,109:1;990:2211,1683:1914
11810895957;2;3:3,7:4,19:1,43:1,223:1;174:2277,525:2268
11837648375;2;5:3,7:1,19:1,31:1,103:1,223:1;96:2279,1695:1910
11852568000;2;2:6,3:5,5:3,7:1,13:1,67:1;60:2280,615:2265
11873639232;2;2:6,3:3,7:3,13:1,23:1,67:1;1126:2186,1620:1968
12000945528;2;2:3,3:3,11:3,13:3,19:1;286:2288,1287:2145
12047340032;2;2:9,7:1,13:1,19:1,31:1,439:1;636:2276,1416:2096
12107505375;2;3:9,5:3,7:1,19:1,37:1;270:2295,1815:1830
12228719048;2;2:3,7:1,13:1,19:3,31:1,79:1;722:2280,981:2243
12230059023;2;3:6,7:1,13:1,19:1,31:1,313:1;522:2295,1647:1980
12254478336;2;2:15,3:9,19:1;288:2304,1296:2160
12357257913;2;3:3,7:4,11:1,13:1,31:1,43:1;714:2289,788:2281
12511557000;2;2:3,3:3,5:3,19:1,29:3;290:2320,1305:2175
12535708204;2;2:2,19:1,31:1,877:1,6067:1;33:2323,1347:2161
12598650883;2;7:1,13:1,31:1,43:1,283:1,367:1;243:2326,1723:1956
12605878376;2;2:3,7:3,13:1,193:1,1831:1;378:2324,1658:2004
12621756609;2;3:3,7:1,11:1,31:1,37:1,67:1,79:1;769:2300,1657:2006
12640483863;2;3:3,7:1,37:1,43:1,127:1,331:1;383:2326,668:2311
12772206144;2;2:6,3:3,19:1,73:3;292:2336,1314:2190
12811639941;2;3:3,19:1,73:1,313:1,1093:1;484:2333,1002:2277
12882396952;2;2:3,17:3,31:1,97:1,109:1;1020:2278,1734:1972
13018738824;2;2:3,3:3,7:1,13:1,43:1,73:1,211:1;738:2328,1080:2274
13036450392;2;2:3,3:6,7:6,19:1;294:2352,1323:2205
13058121375;2;3:6,5:3,13:1,73:1,151:1;990:2295,1104:2271
13077772344;2;2:3,3:2,7:1,13:1,31:3,67:1;62:2356,464:2350
13110868440;2;2:3,3:3,5:1,31:1,79:1,4957:1;12:2358,1713:2007
13215731923;2;31:1,61:1,97:1,109:1,661:1;660:2347,1096:2283
13219773021;2;3:3,7:1,13:4,31:1,79:1;741:2340,1469:2158
13280038912;2;2:12,7:1,31:1,67:1,223:1;1216:2256,1360:2208
13304314368;2;2:9,3:3,19:1,37:3;296:2368,1332:2220
13415413752;2;2:3,3:6,13:1,19:1,67:1,139:1;126:2376,1428:2190
13530941144;2;2:3,7:4,37:1,79:1,241:1;1064:2310,1428:2198
13575822696;2;2:3,3:3,19:1,149:3;298:2384,1341:2235
13579788376;2;2:3,7:1,11:3,19:1,43:1,223:1;550:2376,1837:1947
13661734723;2;7:1,13:3,43:1,73:1,283:1;776:2363,1508:2171
13851000000;2;2:6,3:6,5:6,19:1;300:2400,1350:2250
14052838625;2;5:3,7:3,31:1,97:1,109:1;1050:2345,1785:2030
14098914648;2;2:3,3:3,7:2,13:1,43:1,2383:1;996:2358,1800:2022
14120012088;2;2:3,3:2,7:4,13:1,61:1,103:1;55:2417,1792:2030
14129870904;2;2:3,3:3,19:1,151:3;302:2416,1359:2265
14137437951;2;3:6,7:1,13:4,97:1;39:2418,767:2392
14245404173;2;7:1,11:3,13:1,337:1,349:1;1485:2222,1826:2013
14262976000;2;2:9,5:3,7:1,13:1,31:1,79:1;135:2425,760:2400
14275649024;2;2:9,7:3,13:3,37:1;320:2424,1872:1976
14317849000;2;2:3,5:3,7:3,13:3,19:1;858:2392,1365:2275
14357396664;2;2:3,3:3,13:1,19:1,439:1,613:1;204:2430,1422:2256
14384627712;2;2:18,3:2,7:1,13:1,67:1;64:2432,656:2416
14412460032;2;2:12,3:3,19:4;304:2432,1368:2280
14472412992;2;2:6,3:3,31:1,43:1,61:1,103:1;498:2430,1460:2248
14594449688;2;2:3,7:4,13:1,211:1,277:1;518:2436,1904:1974
14631239168;2;2:9,7:1,13:1,43:1,67:1,109:1;1124:2364,1520:2232
14694027264;2;2:12,3:6,7:1,19:1,37:1;288:2448,1936:1952
14698792008;2;2:3,3:9,17:3,19:1;306:2448,1377:2295
14850813376;2;2:6,7:3,31:1,139:1,157:1;54:2458,1848:2044
14944896603;2;3:3,7:1,13:1,73:1,97:1,859:1;387:2460,1539:2244
14988891456;2;2:6,3:3,7:3,11:3,19:1;308:2464,1386:2310
15012035584;2;2:10,7:1,13:1,19:1,61:1,139:1;902:2426,1844:2060
15030142920;2;2:3,3:6,5:1,13:1,31:1,1279:1;324:2466,1122:2388
15070446144;2;2:6,3:3,13:1,17:1,19:1,31:1,67:1;825:2439,1728:2148
15187041000;2;2:3,3:3,5:3,43:1,103:1,127:1;1560:2250,1690:2180
15253056000;2;2:9,3:3,5:3,7:1,13:1,97:1;40:2480,528:2472
15253279496;2;2:3,7:1,13:1,19:1,67:1,109:1,151:1;66:2480,1860:2066
15282783000;2;2:3,3:3,5:3,19:1,31:3;310:2480,1395:2325
15292110528;2;2:6,3:6,31:1,97:1,109:1;1080:2412,1836:2088
15349998673;2;19:1,37:1,97:1,163:1,1381:1;625:2472,1201:2388
15401124928;2;2:6,7:2,43:1,181:1,631:1;36:2488,265:2487
15463769048;2;2:3,7:1,13:3,37:1,43:1,79:1;710:2472,1599:2249
15580491264;2;2:9,3:6,13:3,19:1;312:2496,1404:2340
15720419169;2;3:6,7:2,13:1,97:1,349:1;114:2505,670:2489
15771672000;2;2:6,3:5,5:3,7:1,19:1,61:1;375:2505,960:2460
15847723008;2;2:12,3:3,13:1,73:1,151:1;570:2502,1056:2448
15882040872;2;2:3,3:3,19:1,157:3;314:2512,1413:2355
15928913861;2;7:1,17:3,31:1,67:1,223:1;1292:2397,1445:2346
16034263875;2;3:9,5:3,7:3,19:1;315:2520,891:2484
16120797875;2;5:3,7:2,13:1,61:1,3319:1;675:2510,1770:2195
16187456448;2;2:6,3:3,19:1,79:3;316:2528,1422:2370
16273561941;2;3:2,7:3,13:1,31:1,103:1,127:1;133:2534,1933:2084
16351431616;2;2:6,13:1,19:1,31:1,61:1,547:1;648:2524,1597:2307
16496762616;2;2:3,3:6,19:1,53:3;318:2544,1431:2385
16511177592;2;2:3,3:3,7:4,13:1,31:1,79:1;798:2520,1582:2324
16558371648;2;2:6,3:3,7:4,13:1,307:1;1236:2448,1897:2135
16602179239;2;31:1,37:3,97:1,109:1;1110:2479,1887:2146
16611874552;2;2:3,7:2,13:1,41:1,43:3;1032:2494,1828:2190
16642465875;2;3:3,5:3,7:1,37:1,79:1,241:1;1140:2475,1530:2355
16776487000;2;2:3,5:3,7:1,13:1,19:1,31:1,313:1;580:2550,1830:2200
16809984000;2;2:18,3:3,5:3,19:1;320:2560,1440:2400
16850937493;2;13:1,19:1,211:1,313:1,1033:1;1756:2253,2008:2061
16883546624;2;2:9,7:3,127:1,757:1;1085:2499,1940:2124
17127145224;2;2:3,3:3,7:3,19:1,23:3;322:2576,1449:2415
17253827136;2;2:6,3:2,7:1,13:1,17:3,67:1;68:2584,697:2567
17261346375;2;3:3,5:3,7:3,13:1,31:1,37:1;1470:2415,1960:2135
17448270912;2;2:6,3:15,19:1;324:2592,1458:2430
17490111464;2;2:3,7:1,31:1,73:1,79:1,1747:1;940:2554,1861:2227
17588672647;2;7:3,13:1,19:1,31:1,37:1,181:1;791:2576,1988:2135
17624940417;2;3:6,7:1,17:3,19:1,37:1;306:2601,2057:2074
17630258688;2;2:9,3:3,7:1,19:1,43:1,223:1;600:2592,2004:2124
17657318952;2;2:3,3:6,7:4,13:1,97:1;42:2604,826:2576
17773385688;2;2:3,3:3,19:1,163:3;326:2608,1467:2445
17880775696;2;2:4,7:1,31:1,37:1,181:1,769:1;466:2610,1987:2157
17882648000;2;2:6,5:3,7:6,19:1;924:2576,1470:2450
17985011336;2;2:3,19:3,31:1,97:1,109:1;1140:2546,1938:2204
18102514176;2;2:9,3:3,19:1,41:3;328:2624,1476:2460
18103163624;2;2:3,7:1,13:1,67:1,211:1,1759:1;330:2624,932:2586
18113455178;2;2:1,7:1,13:1,181:1,271:1,2029:1;1271:2523,1689:2369
18238605875;2;5:3,7:1,19:1,31:1,43:1,823:1;1730:2355,1800:2315
18331298648;2;2:3,13:1,19:1,37:1,157:1,1597:1;566:2628,1329:2519
18383712256;2;2:12,7:1,13:1,31:1,37:1,43:1;864:2608,1735:2361
18426689288;2;2:3,7:1,19:1,103:1,277:1,607:1;1364:2514,1416:2498
18435681000;2;2:3,3:6,5:3,11:3,19:1;330:2640,1485:2475
18460662409;2;7:1,19:3,31:1,79:1,157:1;342:2641,1786:2337
18494409024;2;2:6,3:3,7:1,13:1,337:1,349:1;1620:2424,1992:2196
18500044437;2;3:3,7:1,31:1,37:1,61:1,1399:1;1310:2533,2061:2136
18549370008;2;2:3,3:6,13:1,19:1,79:1,163:1;288:2646,1731:2373
18561932272;2;2:4,13:1,79:3,181:1;249:2647,1738:2370
18613977633;2;3:6,109:1,433:1,541:1;294:2649,1377:2520
18681437376;2;2:6,3:3,7:3,43:1,733:1;1008:2604,1740:2376
18687344949;2;3:3,7:1,13:1,19:1,31:1,37:1,349:1;493:2648,813:2628
18700527699;2;3:3,7:1,31:1,43:1,199:1,373:1;1524:2475,1899:2280
18713394063;2;3:3,7:1,13:1,19:1,31:1,67:1,193:1;1263:2556,1614:2439
18772910784;2;2:6,3:3,19:1,83:3;332:2656,1494:2490
18816937984;2;2:12,13:1,193:1,1831:1;432:2656,1683:2413
18854899336;2;2:3,7:6,13:1,23:1,67:1;424:2658,1890:2296
19013302819;2;7:1,31:1,43:1,73:1,103:1,271:1;475:2664,531:2662
19114228152;2;2:3,3:3,19:1,167:3;334:2672,1503:2505
19244435392;2;2:6,7:1,13:1,79:1,151:1,277:1;1660:2448,1948:2280
19313874496;2;2:6,7:4,37:1,43:1,79:1;69:2683,1722:2422
19442573397;2;3:3,13:3,31:1,97:1,109:1;1170:2613,1989:2262
19450486657;2;7:1,43:1,61:1,67:1,97:1,163:1;192:2689,1762:2409
19459657728;2;2:12,3:6,7:3,19:1;336:2688,1512:2520
19809224136;2;2:3,3:3,13:6,19:1;338:2704,1521:2535
19858542912;2;2:6,3:2,13:1,37:1,229:1,313:1;40:2708,1112:2644
19935799191;2;3:3,7:1,11:3,19:1,43:1,97:1;495:2706,1903:2354
20162952000;2;2:6,3:3,5:3,17:3,19:1;340:2720,1530:2550
20197789696;2;2:12,7:1,37:1,79:1,241:1;1216:2640,1632:2512
20213951571;2;3:3,11:3,43:1,103:1,127:1;1716:2475,1859:2398
20293887250;2;2:1,5:3,7:1,13:1,337:1,2647:1;529:2721,655:2715
20308026375;2;3:6,5:3,7:1,13:1,31:1,79:1;855:2700,1695:2490
20326070583;2;3:6,7:3,13:3,37:1;360:2727,2106:2223
20481237504;2;2:9,3:8,7:1,13:1,67:1;72:2736,738:2718
20520865944;2;2:3,3:9,19:4;342:2736,1539:2565
20673275077;2;7:4,13:1,43:1,73:1,211:1;861:2716,1260:2653
20693126727;2;3:3,7:1,13:1,19:1,31:1,79:1,181:1;916:2711,1119:2682
20882990592;2;2:9,3:3,19:1,43:3;344:2752,1548:2580
20921769288;2;2:3,3:12,7:1,19:1,37:1;324:2754,2178:2196
21249350568;2;2:3,3:3,19:1,173:3;346:2768,1557:2595
21531608000;2;2:6,5:3,7:1,31:1,79:1,157:1;360:2780,1880:2460
21619970496;2;2:6,3:6,19:1,29:3;348:2784,1566:2610
21780147051;2;3:3,13:1,19:1,37:1,61:1,1447:1;699:2778,1851:2490
21785300992;2;2:12,7:1,13:1,211:1,277:1;592:2784,2176:2256
21860250867;2;3:3,7:1,13:1,37:2,67:1,97:1;1035:2748,1619:2602
21970940472;2;2:3,3:3,13:1,19:1,43:1,61:1,157:1;1951:2441,2222:2224
22212949248;2;2:8,3:3,7:1,19:1,73:1,331:1;708:2796,1322:2710
22231705041;2;3:3,7:1,13:1,19:1,37:1,61:1,211:1;1777:2552,2025:2406
22238229223;2;7:1,19:3,31:1,67:1,223:1;1444:2679,1615:2622
22285281781;2;7:3,37:1,43:1,97:1,421:1;133:2814,1510:2661
22329504197;2;7:1,11:3,13:1,19:1,31:1,313:1;638:2805,2013:2420
22374088704;2;2:15,3:3,11:3,19:1;352:2816,1584:2640
22388554279;2;7:5,13:1,43:1,2383:1;1162:2751,2100:2359
22415323112;2;2:3,7:1,13:3,19:1,43:1,223:1;650:2808,2171:2301
22508054504;2;2:3,13:1,43:2,67:1,1747:1;684:2810,906:2792
22539301750;2;2:1,5:3,7:3,31:1,61:1,139:1;615:2815,1645:2625
22589753723;2;31:1,41:3,97:1,109:1;1230:2747,2091:2378
22757636232;2;2:3,3:6,19:1,59:3;354:2832,1593:2655
22785449869;2;7:3,13:1,43:1,151:1,787:1;1141:2772,2014:2445
22799014147;2;7:3,13:1,19:1,439:1,613:1;238:2835,1659:2632
22981655816;2;2:3,7:3,31:1,43:1,61:1,103:1;581:2835,978:2804
23096272472;2;2:3,7:1,13:1,19:1,109:1,15319:1;620:2838,1416:2726
23109677136;2;2:4,3:5,7:3,13:1,31:1,43:1;1514:2698,1977:2487
23145542208;2;2:6,3:3,19:1,89:3;356:2848,1602:2670
23236653384;2;2:3,3:6,7:2,31:1,43:1,61:1;243:2853,444:2850
23514014251;2;7:1,13:4,337:1,349:1;1755:2626,2158:2379
23529961000;2;2:3,5:3,7:1,13:1,19:1,31:1,439:1;795:2845,1770:2620
23640789627;2;3:3,7:1,13:1,31:1,211:1,1471:1;776:2851,1803:2610
23867310285;2;3:3,5:1,7:3,13:1,31:1,1279:1;378:2877,1309:2786
23899221801;2;3:6,7:1,13:1,19:1,67:1,283:1;726:2865,1476:2745
23931310312;2;2:3,7:3,13:1,17:1,19:1,31:1,67:1;1467:2749,2016:2506
23934528000;2;2:9,3:9,5:3,19:1;360:2880,1620:2700
24087930048;2;2:6,3:2,7:1,13:1,19:3,67:1;76:2888,779:2869
24226499213;2;7:1,17:3,37:1,79:1,241:1;1292:2805,1734:2669
24283305144;2;2:3,3:3,7:3,31:1,97:1,109:1;1260:2814,2142:2436
24338584053;2;3:3,7:4,37:1,73:1,139:1;21:2898,2261:2338
24357077208;2;2:3,3:2,19:3,31:1,37:1,43:1;646:2888,1444:2774
24606038331;2;3:6,7:1,19:4,37:1;342:2907,2299:2318
24741243072;2;2:6,3:3,7:3,13:3,19:1;364:2912,1638:2730
24790574016;2;2:6,3:3,13:1,31:1,97:1,367:1;584:2908,1692:2712
24792437375;2;5:3,19:1,37:1,307:1,919:1;2100:2495,2247:2378
25104156714;2;2:1,3:3,7:1,13:3,19:1,37:1,43:1;429:2925,1401:2817
25165597184;2;2:9,7:3,13:1,73:1,151:1;665:2919,1232:2856
25205877944;2;2:3,13:1,43:1,151:1,163:1,229:1;1038:2888,1422:2816
25218497024;2;2:9,7:1,31:1,61:3;488:2928,1086:2882
25673208093;2;3:3,13:1,31:1,37:1,43:1,1483:1;1101:2898,1701:2748
25866862056;2;2:3,3:6,7:3,67:1,193:1;448:2954,522:2952
25936994440;2;2:3,5:1,7:1,31:1,67:1,103:1,433:1;1233:2887,1506:2824
25937576000;2;2:6,5:3,7:1,31:1,67:1,223:1;1520:2820,1700:2760
25984989000;2;2:3,3:3,5:3,19:1,37:3;370:2960,1665:2775
26130155688;2;2:3,3:3,7:1,13:1,19:1,31:1,37:1,61:1;225:2967,2092:2570
26130660101;2;7:1,13:1,17:3,211:1,277:1;629:2958,2312:2397
26175246552;2;2:3,3:6,7:1,13:1,31:1,37:1,43:1;436:2966,972:2934
26243206848;2;2:6,3:6,43:1,103:1,127:1;1872:2700,2028:2616
26254811648;2;2:9,13:1,19:1,31:1,37:1,181:1;904:2944,2272:2440
26278801029;2;3:3,13:1,19:1,31:1,79:1,1609:1;108:2973,1746:2757
26336558521;2;7:1,13:1,19:1,61:1,67:1,3727:1;769:2958,1174:2913
26357280768;2;2:12,3:6,7:1,13:1,97:1;48:2976,944:2944
26693632000;2;2:15,5:3,7:3,19:1;1056:2944,1680:2800
26892218024;2;2:3,7:4,19:1,31:1,2377:1;42:2996,2330:2424
26912662803;2;3:3,13:1,19:1,31:1,349:1,373:1;362:2995,640:2987
27244048384;2;2:12,7:1,37:1,61:1,421:1;1143:2953,1200:2944
27361699911;2;3:3,7:2,13:1,19:1,31:1,37:1,73:1;1215:2946,1758:2799
27686241856;2;2:6,7:2,13:1,19:1,31:1,1153:1;712:3012,1828:2784
27707207976;2;2:3,3:12,7:3,19:1;378:3024,1701:2835
27798008264;2;2:3,13:3,31:1,163:1,313:1;195:3029,1490:2904
27856738728;2;2:3,3:3,7:2,13:1,61:1,3319:1;810:3012,2124:2634
27904856616;2;2:3,3:3,7:1,13:1,19:1,74719:1;159:3033,1556:2890
27920163392;2;2:6,11:3,31:1,97:1,109:1;1320:2948,2244:2552
28024515216;2;2:4,3:3,43:1,97:1,103:1,151:1;458:3034,1881:2775
28094976000;2;2:12,3:2,5:3,7:1,13:1,67:1;80:3040,820:3020
28149336000;2;2:6,3:3,5:3,19:4;380:3040,1710:2850
28284380936;2;2:3,7:3,37:1,61:1,4567:1;371:3045,1632:2882
28400543379;2;3:3,13:1,19:1,43:1,97:1,1021:1;12:3051,747:3036
28493271207;2;3:3,19:1,37:1,1087:1,1381:1;207:3054,1143:3000
28576639000;2;2:3,5:3,7:1,13:1,43:1,67:1,109:1;1405:2955,1900:2790
28604092608;2;2:6,3:2,7:4,13:1,37:1,43:1;560:3052,1414:2954
28691574219;2;3:3,7:2,11:1,103:1,19141:1;339:3060,2323:2528
28699272000;2;2:6,3:6,5:3,7:1,19:1,37:1;360:3060,2420:2440
28758181032;2;2:3,3:6,7:1,37:1,79:1,241:1;1368:2970,1836:2826
28791880299;2;3:3,7:1,13:1,19:1,37:1,79:1,211:1;1355:2974,1587:2916
29260910168;2;2:3,7:4,31:1,157:1,313:1;1400:2982,2070:2732
29275178625;2;3:3,5:3,7:3,11:3,19:1;385:3080,1089:3036
29368436552;2;2:3,7:4,13:1,337:1,349:1;1890:2828,2324:2562
29455712559;2;3:3,7:3,13:1,19:1,79:1,163:1;336:3087,1551:2952
29562469209;2;3:3,7:1,13:1,17:3,31:1,79:1;969:3060,1921:2822
29666583128;2;2:3,7:4,13:3,19:1,37:1;364:3094,1396:2998
29791125000;2;2:3,3:3,5:6,7:1,13:1,97:1;50:3100,660:3090
29827606536;2;2:3,3:6,7:3,13:1,31:1,37:1;1764:2898,2352:2562
29867403375;2;3:6,5:3,31:1,97:1,109:1;1350:3015,2295:2610
29903333824;2;2:6,7:1,13:1,43:1,97:1,1231:1;2038:2778,2400:2524
30000305664;2;2:9,3:5,7:3,19:1,37:1;1568:2968,1671:2937
30359262024;2;2:3,3:4,7:4,13:1,19:1,79:1;1208:3058,2240:2674
30430647000;2;2:3,3:6,5:3,13:3,19:1;390:3120,1755:2925
30901215744;2;2:9,3:3,7:6,19:1;392:3136,1764:2940
30906304191;2;3:6,7:1,19:3,883:1;456:3135,1634:2983
30952584000;2;2:6,3:3,5:3,13:1,73:1,151:1;1320:3060,1472:3028
31077614080;2;2:9,5:1,31:1,79:1,4957:1;16:3144,2284:2676
31255949088;2;2:5,3:3,7:4,13:1,19:1,61:1;42:3150,1743:2961
31493734848;2;2:6,3:3,19:1,67:1,103:1,139:1;2178:2766,2396:2608
31614580179;2;3:6,7:1,13:1,17:3,97:1;51:3162,1003:3128
31665926376;2;2:3,3:3,7:1,19:1,31:3,37:1;372:3162,1658:3004
31696080192;2;2:6,3:6,7:1,37:1,43:1,61:1;852:3144,891:3141
31742698897;2;7:1,13:1,19:1,37:1,127:1,3907:1;201:3166,2097:2824
31799499264;2;2:9,3:3,13:1,19:1,67:1,139:1;168:3168,1904:2920
31903139368;2;2:3,23:3,31:1,97:1,109:1;1380:3082,2346:2668
31952092627;2;7:4,13:1,37:1,73:1,379:1;406:3171,2091:2836
32006160459;2;3:2,7:1,13:1,19:1,31:1,43:1,1543:1;844:3155,1594:3035
32018021000;2;2:3,5:3,7:3,17:3,19:1;1122:3128,1785:2975
32238297728;2;2:7,7:1,13:1,19:1,31:1,37:1,127:1;906:3158,1700:3012
32282653032;2;2:3,3:5,7:1,37:1,97:1,661:1;1457:3079,1626:3036
32373948152;2;2:3,7:1,13:1,19:1,67:1,181:1,193:1;571:3181,1684:3022
32464798856;2;2:3,7:1,19:1,31:1,73:1,97:1,139:1;500:3186,1436:3090
32523446592;2;2:6,3:5,7:4,13:1,67:1;84:3192,861:3171
32528181952;2;2:6,7:2,31:1,313:1,1069:1;1132:3144,2230:2778
32678225027;2;7:1,17:3,37:1,61:1,421:1;1275:3128,2003:2910
32832000000;2;2:12,3:3,5:6,19:1;400:3200,1800:3000
32906800017;2;3:3,7:1,13:3,19:1,43:1,97:1;585:3198,2249:2782
32913933416;2;2:3,7:1,13:1,37:1,43:1,157:1,181:1;1349:3123,1656:3050
33222994749;2;3:9,7:4,19:1,37:1;378:3213,2541:2562
33365929077;2;3:3,13:3,43:1,103:1,127:1;2028:2925,2197:2834
33419649536;2;2:9,7:2,13:1,43:1,2383:1;1328:3144,2400:2696
33822421759;2;7:1,19:3,37:1,79:1,241:1;1444:3135,1938:2983
33997109419;2;7:1,13:1,31:1,139:1,277:1,313:1;363:3238,1114:3195
34029337949;2;31:1,47:3,97:1,109:1;1410:3149,2397:2726
34032347648;2;2:9,13:1,19:1,439:1,613:1;272:3240,1896:3008
34267412989;2;31:1,37:3,139:1,157:1;1104:3205,2442:2701
34331712408;2;2:3,3:3,7:3,19:1,29:3;406:3248,1827:3045
34434099000;2;2:3,3:3,5:3,7:1,19:1,43:1,223:1;750:3240,2505:2655
34522913656;2;2:3,7:1,11:3,31:1,67:1,223:1;1672:3102,1870:3036
34540732863;2;3:2,7:1,13:1,103:1,241:1,1699:1;775:3242,2242:2855
34719041728;2;2:6,7:3,31:1,163:1,313:1;210:3262,2034:2974
34884670977;2;3:3,13:1,31:1,67:1,109:1,439:1;361:3266,694:3257
35092269576;2;2:3,3:9,7:1,13:1,31:1,79:1;1026:3240,2034:2988
35184131353;2;7:2,19:1,37:1,271:1,3769:1;496:3273,2313:2836
35279664056;2;2:3,7:2,13:1,19:1,199:1,1831:1;384:3278,2382:2792
35355127752;2;2:3,3:3,7:1,31:1,571:1,1321:1;144:3282,2553:2655
35356473000;2;2:3,3:3,5:3,19:1,41:3;410:3280,1845:3075
35424940096;2;2:6,7:1,13:1,73:1,97:1,859:1;516:3280,2052:2992
35436084957;2;3:3,7:1,13:1,19:1,43:1,127:1,139:1;1893:3060,2406:2781
35691293736;2;2:3,3:5,7:1,19:1,31:1,61:1,73:1;1315:3221,1994:3028
35722539008;2;2:12,13:1,17:1,19:1,31:1,67:1;1100:3252,2304:2864
36121892625;2;3:3,5:3,7:1,13:1,337:1,349:1;2025:3030,2490:2745
36166300443;2;3:3,7:1,13:1,19:1,31:1,67:1,373:1;50:3307,2307:2880
36247965696;2;2:12,3:3,31:1,97:1,109:1;1440:3216,2448:2784
36265469688;2;2:3,3:6,7:1,43:1,73:1,283:1;92:3310,2088:3006
36330481152;2;2:9,3:3,7:1,37:1,73:1,139:1;24:3312,2584:2672
36480805543;2;7:1,13:1,19:3,211:1,277:1;703:3306,2584:2679
36857941939;2;7:1,13:4,19:1,31:1,313:1;754:3315,2379:2860
37092495375;2;3:3,5:3,13:1,37:1,73:1,313:1;1455:3240,1692:3183
37111111037;2;7:3,11:3,13:3,37:1;440:3333,2574:2717
37382339241;2;3:6,13:1,19:1,31:1,37:1,181:1;1017:3312,2556:2745
37403860104;2;2:3,3:3,13:2,19:1,199:1,271:1;723:3333,1682:3196
37528237656;2;2:3,3:12,7:1,13:1,97:1;54:3348,1062:3312
37564973056;2;2:18,13:1,73:1,151:1;760:3336,1408:3264
37586787875;2;5:3,7:1,13:1,79:1,151:1,277:1;2075:3060,2435:2850
37853263000;2;2:3,5:3,7:1,19:1,31:1,9181:1;1494:3256,2545:2775
37864534104;2;2:3,3:6,19:1,31:1,73:1,151:1;759:3345,2313:2943
38241119007;2;3:3,7:1,13:1,43:1,283:1,1279:1;471:3366,1864:3167
38560989187;2;7:6,31:1,97:1,109:1;1470:3283,2499:2842
38659779522;2;2:1,3:3,7:1,13:1,19:3,31:1,37:1;529:3377,855:3363
39137606144;2;2:9,7:4,13:1,31:1,79:1;189:3395,1064:3360
39157876359;2;3:3,7:1,19:1,79:1,97:1,1423:1;894:3375,1152:3351
39304027000;2;2:3,5:3,7:3,19:1,37:1,163:1;30:3400,1438:3312
39447810899;2;7:1,23:3,31:1,67:1,223:1;1748:3243,1955:3174
39448808000;2;2:6,5:3,7:1,37:1,79:1,241:1;1520:3300,2040:3140
39651987375;2;3:3,5:3,7:1,11:3,13:1,97:1;55:3410,726:3399
39992584625;2;5:3,7:1,19:1,31:1,73:1,1063:1;458:3417,2265:3050
40073532408;2;2:3,3:6,7:3,13:1,23:1,67:1;1689:3279,2430:2952
40142319616;2;2:12,7:1,19:1,31:1,2377:1;48:3424,681:3415
40176533250;2;2:1,3:3,5:3,7:4,37:1,67:1;1015:3395,2121:3129
40659772608;2;2:6,3:3,7:1,13:1,19:1,31:1,439:1;954:3414,2124:3144
40787091000;2;2:3,3:3,5:3,19:1,43:3;430:3440,1935:3225
40855729707;2;3:2,13:1,37:1,43:1,139:1,1579:1;1366:3371,2459:2962
41271926787;2;3:3,7:1,13:1,19:3,31:1,79:1;1083:3420,2147:3154
41673240504;2;2:3,3:3,7:3,43:1,103:1,127:1;2184:3150,2366:3052
41711362264;2;2:3,11:1,13:1,19:1,61:1,163:1,193:1;118:3468,2404:3030
41790242816;2;2:15,7:1,19:1,43:1,223:1;800:3456,2672:2832
41935956552;2;2:3,3:3,7:3,19:1,31:3;434:3472,1953:3255
42053921875;2;5:6,7:1,31:1,79:1,157:1;450:3475,2350:3075
42139488664;2;2:3,7:1,13:1,29:1,31:3,67:1;408:3478,2056:3222
42544839519;2;3:3,7:3,13:1,193:1,1831:1;567:3486,2487:3006
42549416000;2;2:6,5:3,7:1,13:1,211:1,277:1;740:3480,2720:2820
42764107633;2;13:2,19:1,31:1,43:1,97:1,103:1;956:3473,1961:3278
43478089713;2;3:3,17:3,31:1,97:1,109:1;1530:3417,2601:2958
43699392000;2;2:9,3:3,5:3,11:3,19:1;440:3520,1980:3300
43838599168;2;2:12,7:1,13:1,337:1,349:1;2160:3232,2656:2928
43968877056;2;2:9,3:3,13:1,19:1,79:1,163:1;384:3528,2308:3164
44122021056;2;2:6,3:3,109:1,433:1,541:1;392:3532,1836:3360
44136862497;2;3:6,7:1,13:1,19:3,97:1;57:3534,1121:3496
44137481661;2;3:5,7:1,13:1,31:3,67:1;93:3534,696:3525
44295928768;2;2:6,7:1,13:1,19:1,31:1,37:1,349:1;1084:3504,2578:3006
44327176768;2;2:6,7:1,31:1,43:1,199:1,373:1;2032:3300,2532:3040
44700103000;2;2:3,5:3,7:3,19:4;1254:3496,1995:3325
45014157097;2;7:1,13:1,19:1,67:1,73:1,5323:1;1409:3482,1985:3338
45277021413;2;3:9,13:1,19:1,67:1,139:1;189:3564,2142:3285
45283311008;2;2:5,13:1,31:1,43:1,127:1,643:1;503:3561,1718:3426
45666926361;2;3:3,7:4,37:1,79:1,241:1;1596:3465,2142:3297
46034680328;2;2:3,7:4,13:1,19:1,31:1,313:1;812:3570,2562:3080
46086099904;2;2:6,13:3,31:1,97:1,109:1;1560:3484,2652:3016
46126596096;2;2:18,3:3,7:3,19:1;448:3584,2016:3360
46747125000;2;2:3,3:9,5:6,19:1;450:3600,2025:3375
47169794581;2;7:3,13:1,37:1,43:1,61:1,109:1;1109:3578,2261:3290
47365134453;2;3:3,7:6,13:1,31:1,37:1;2058:3381,2744:2989
47447568721;2;7:2,19:1,97:1,103:1,5101:1;1518:3529,1585:3516
47583836937;2;3:6,7:2,13:1,43:1,2383:1;1494:3537,2700:3033
47638759896;2;2:3,3:2,7:1,13:1,73:1,103:1,967:1;710:3616,2552:3142
47655040797;2;3:5,7:4,13:1,61:1,103:1;1384:3557,2688:3045
48137544000;2;2:6,3:3,5:3,7:1,13:1,31:1,79:1;1140:3600,2260:3320
48180315456;2;2:6,3:3,7:3,13:3,37:1;480:3636,2808:2964
48276650123;2;13:1,53:1,79:2,103:1,109:1;2048:3411,2822:2955
48322740375;2;3:3,5:3,7:3,13:3,19:1;455:3640,1287:3588
48419089875;2;3:3,5:3,13:1,31:1,97:1,367:1;730:3635,2115:3390
48796372151;2;31:1,53:3,97:1,109:1;1590:3551,2703:3074
48844393848;2;2:3,3:6,31:1,43:1,61:1,103:1;747:3645,2190:3372
49269271688;2;2:3,7:1,13:3,43:1,67:1,139:1;738:3656,2592:3170
49380432192;2;2:6,3:3,7:1,13:1,43:1,67:1,109:1;1686:3546,2280:3348
49933368000;2;2:6,3:3,5:3,19:1,23:3;460:3680,2070:3450
50010884504;2;2:3,7:3,19:1,67:1,103:1,139:1;230:3684,2541:3227
50046734521;2;7:4,19:1,31:1,43:1,823:1;2422:3297,2520:3241
50125845448;2;2:3,7:1,17:3,19:1,43:1,223:1;850:3672,2839:3009
50496427072;2;2:6,7:3,13:1,19:1,67:1,139:1;196:3696,1476:3616
50510670336;2;2:9,3:3,7:1,43:1,61:1,199:1;704:3688,2796:3060
50550955875;2;3:6,5:3,7:1,19:1,43:1,97:1;675:3690,2595:3210
50587508664;2;2:3,3:6,7:3,11:3,19:1;462:3696,2079:3465
50659328125;2;5:6,7:1,31:1,67:1,223:1;1900:3525,2125:3450
50665620096;2;2:7,3:3,7:1,13:1,19:1,61:1,139:1;1353:3639,2766:3090
50726732355;2;3:9,5:1,13:1,31:1,1279:1;486:3699,1683:3582
51256263375;2;3:6,5:3,43:1,103:1,127:1;2340:3375,2535:3270
51278929000;2;2:3,5:3,13:1,19:1,31:1,37:1,181:1;1130:3680,2840:3050
51479818299;2;3:3,7:1,13:1,19:1,67:1,109:1,151:1;99:3720,2790:3099
51610873032;2;2:3,3:9,31:1,97:1,109:1;1620:3618,2754:3132
51816890944;2;2:6,7:1,13:1,37:2,67:1,97:1;1380:3664,2539:3285
52122516992;2;2:9,7:1,13:1,19:1,97:1,607:1;524:3732,1856:3576
52136000000;2;2:9,5:6,7:3,19:1;1320:3680,2100:3500
52506363448;2;2:3,7:1,11:3,37:1,79:1,241:1;1672:3630,2244:3454
53261199000;2;2:3,3:3,5:3,19:1,47:3;470:3760,2115:3525
53486065152;2;2:9,3:6,13:1,73:1,151:1;855:3753,1584:3672
54074691125;2;5:3,7:2,13:1,19:1,31:1,1153:1;890:3765,2285:3480
54531569125;2;5:3,11:3,31:1,97:1,109:1;1650:3685,2805:3190
54680073875;2;5:3,7:4,19:1,43:1,223:1;290:3795,875:3780
54778493952;2;2:10,3:2,7:3,13:1,31:1,43:1;1694:3682,2636:3316
55079474688;2;2:9,3:3,7:2,31:1,43:1,61:1;324:3804,592:3800
55289603089;2;7:1,37:1,43:1,103:1,157:1,307:1;625:3804,2304:3505
55327140288;2;2:6,3:3,7:3,17:3,19:1;476:3808,2142:3570
55686426614;2;2:1,7:4,13:1,337:1,2647:1;917:3801,1565:3729
55725224373;2;3:6,7:4,13:1,31:1,79:1;1197:3780,2373:3486
55769543557;2;7:1,13:1,37:1,163:1,307:1,331:1;485:3818,2789:3242
56037427264;2;2:6,7:1,13:1,31:1,211:1,1471:1;2295:3529,2404:3480
56620643625;2;3:3,5:3,7:1,13:1,19:1,31:1,313:1;870:3825,2745:3300
56633272696;2;2:3,7:1,11:3,13:1,211:1,277:1;814:3828,2992:3102
56650007232;2;2:6,3:3,7:1,13:1,19:1,67:1,283:1;968:3820,1968:3660
56733696000;2;2:15,3:6,5:3,19:1;480:3840,2160:3600
56984854472;2;2:3,7:1,13:3,31:1,67:1,223:1;1976:3666,2210:3588
57560427008;2;2:9,7:3,31:1,97:1,109:1;1680:3752,2856:3248
58421149696;2;2:18,7:1,13:1,31:1,79:1;216:3880,1216:3840
59029126191;2;3:3,7:1,31:1,73:1,79:1,1747:1;1114:3863,1410:3831
59502123072;2;2:6,3:6,7:1,19:1,43:1,223:1;900:3888,3006:3186
59506149248;2;2:7,7:1,13:3,19:1,37:1,43:1;572:3900,1868:3756
59593451463;2;3:9,7:4,13:1,97:1;63:3906,1239:3864
59996705867;2;7:1,23:3,37:1,79:1,241:1;1748:3795,2346:3611
60271939000;2;2:3,5:3,7:1,13:1,43:1,73:1,211:1;1230:3880,1800:3790
60317927488;2;2:6,7:3,13:1,97:1,2179:1;1156:3888,2121:3703
60454265625;2;3:3,5:6,13:1,73:1,151:1;1650:3825,1840:3785
60698465000;2;2:3,5:4,31:1,79:1,4957:1;20:3930,2855:3345
60699413259;2;3:3,19:3,31:1,97:1,109:1;1710:3819,2907:3306
60850730304;2;2:6,3:5,7:1,13:1,19:1,31:1,73:1;534:3930,2708:3448
60855011776;2;2:6,13:1,31:1,37:1,43:1,1483:1;1468:3864,2268:3664
61098177231;2;3:3,7:1,13:1,67:1,211:1,1759:1;495:3936,1398:3879
61532302104;2;2:3,3:3,7:1,13:1,19:1,37:1,61:1,73:1;822:3936,1363:3893
61847844002;2;2:1,7:6,31:1,61:1,139:1;861:3941,2303:3675
62108397000;2;2:3,3:3,5:3,13:1,19:1,67:1,139:1;210:3960,2380:3650
62206119936;2;2:12,3:3,43:1,103:1,127:1;2496:3600,2704:3488
62290491328;2;2:6,13:1,19:1,31:1,79:1,1609:1;144:3964,2328:3676
62294170176;2;2:6,3:3,7:1,43:1,229:1,523:1;2698:3494,2976:3300
62418630456;2;2:3,3:6,7:1,13:1,337:1,349:1;2430:3636,2988:3294
63052300584;2;2:3,3:6,7:1,13:3,19:1,37:1;468:3978,3146:3172
63531605375;2;5:3,7:2,31:1,313:1,1069:1;1415:3930,2487:3638
63635285259;2;3:3,7:6,13:1,23:1,67:1;636:3987,2835:3444
63950494456;2;2:3,29:3,31:1,97:1,109:1;1740:3886,2958:3364
64046781169;2;7:1,31:1,67:1,877:1,5023:1;1046:3977,2489:3650
64071071064;2;2:3,3:3,7:1,11:3,13:1,31:1,79:1;1254:3960,2486:3652
64095832008;2;2:3,3:6,13:1,37:1,73:1,313:1;1746:3888,2924:3394
64125000000;2;2:6,3:3,5:9,19:1;500:4000,2250:3750
64566212984;2;2:3,7:4,13:1,19:1,31:1,439:1;1113:3983,2478:3668
64712343059;2;7:1,13:1,23:3,211:1,277:1;851:4002,3128:3243
64857362752;2;2:6,7:2,13:1,19:1,31:1,37:1,73:1;1620:3928,2344:3732
64949969448;2;2:3,3:3,7:1,13:1,79:1,151:1,277:1;2490:3672,2922:3420
65272753000;2;2:3,5:3,7:2,13:1,43:1,2383:1;1660:3930,3000:3370
65291039576;2;2:3,7:1,19:1,67:1,331:1,2767:1;612:4022,1592:3942
65451101625;2;3:3,5:3,7:1,13:4,97:1;65:4030,858:4017
65676344832;2;2:9,3:9,7:3,19:1;504:4032,2268:3780
66282675823;2;7:1,13:1,31:1,61:1,67:1,5749:1;40:4047,1831:3918
67022582328;2;2:3,3:5,13:1,37:1,229:1,313:1;60:4062,1668:3966
67315637177;2;31:1,59:3,97:1,109:1;1770:3953,3009:3422
67319806528;2;2:6,13:1,19:1,43:1,97:1,1021:1;16:4068,996:4048
67539605824;2;2:6,19:1,37:1,1087:1,1381:1;276:4072,1524:4000
68012963389;2;7:3,43:1,727:1,6343:1;1029:4060,2701:3642
68049963000;2;2:3,3:6,5:3,17:3,19:1;510:4080,2295:3825
68167540224;2;2:9,3:3,7:1,37:1,79:1,241:1;1824:3960,2448:3768
68247419968;2;2:6,7:1,13:1,19:1,37:1,79:1,211:1;1873:3951,2116:3888
68252254499;2;11:3,13:1,19:1,31:1,37:1,181:1;1243:4048,3124:3355
68518634184;2;2:3,3:6,7:1,11:3,13:1,97:1;66:4092,1298:4048
68678909208;2;2:3,3:6,7:3,13:1,19:1,139:1;2358:3816,2614:3704
68716490752;2;2:12,7:1,13:1,19:1,31:1,313:1;928:4080,2928:3520
69189336125;2;5:3,7:1,13:1,73:1,97:1,859:1;645:4100,2565:3740
69393016000;2;2:6,5:3,7:3,11:3,19:1;1452:4048,2310:3850
69770584000;2;2:6,5:3,13:1,17:1,19:1,31:1,67:1;1375:4065,2880:3580
69820948288;2;2:6,7:3,13:1,19:1,79:1,163:1;448:4116,2068:3936
69896537496;2;2:3,3:11,31:1,37:1,43:1;918:4104,2052:3942
69980291864;2;2:3,7:1,19:4,43:1,223:1;950:4104,3173:3363
70572791683;2;19:1,67:1,73:1,79:1,9613:1;1194:4099,1740:4027
70702474752;2;2:9,3:3,7:3,13:1,31:1,37:1;2352:3864,3136:3416
70957971000;2;2:3,3:3,5:3,7:1,37:1,73:1,139:1;30:4140,3230:3340
71172708544;2;2:6,7:4,31:1,67:1,223:1;2128:3948,2380:3864
71186305437;2;3:9,13:1,37:1,73:1,103:1;1908:4005,3109:3452
71302809816;2;2:3,3:3,7:3,19:1,37:3;518:4144,2331:3885
71499807288;2;2:3,3:2,7:1,13:1,19:3,37:1,43:1;760:4142,1919:4009
71944659703;2;7:1,19:1,43:1,619:1,20323:1;174:4159,1648:4071
72103512312;2;2:3,3:3,13:1,31:1,37:1,61:1,367:1;600:4158,3262:3344
72131904000;2;2:9,3:3,5:3,13:3,19:1;520:4160,2340:3900
72669177000;2;2:3,3:3,5:3,7:1,31:1,79:1,157:1;540:4170,2820:3690
73211187231;2;3:3,7:1,13:1,23:3,31:1,79:1;1311:4140,2599:3818
73217520376;2;2:3,7:1,11:1,13:1,19:3,31:1,43:1;1292:4142,3134:3488
73369088000;2;2:12,5:3,13:1,73:1,151:1;950:4170,1760:4080
73403983051;2;7:1,19:1,31:1,139:1,349:1,367:1;122:4187,3155:3476
73587213693;2;3:3,7:1,17:3,19:1,43:1,97:1;765:4182,2941:3638
73755293248;2;2:6,7:1,13:1,31:1,37:1,61:1,181:1;1731:4093,2634:3814
74213505639;2;3:6,7:1,13:1,19:1,97:1,607:1;2088:4023,3279:3390
74232703125;2;3:6,5:6,7:3,19:1;525:4200,1485:4140
74395973503;2;31:1,61:3,97:1,109:1;1830:4087,3111:3538
74968703712;2;2:5,3:6,7:1,19:1,73:1,331:1;1062:4194,1983:4065
75131449344;2;2:12,3:3,7:1,37:1,43:1,61:1;1136:4192,1188:4188
75659499062;2;2:1,7:1,19:1,31:1,37:1,43:1,73:1,79:1;297:4229,2283:3995
75964683951;2;3:3,13:1,43:2,67:1,1747:1;1026:4215,1359:4188
76373901000;2;2:3,3:3,5:3,19:1,53:3;530:4240,2385:3975
77048453125;2;5:6,7:1,37:1,79:1,241:1;1900:4125,2550:3925
77241777984;2;2:6,3:3,7:3,19:4;532:4256,2394:3990
77563088379;2;3:3,7:3,31:1,43:1,61:1,103:1;1467:4206,2555:3934
77949919593;2;3:3,7:1,13:1,19:1,109:1,15319:1;930:4257,2124:4089
78115100264;2;2:3,31:4,97:1,109:1;1860:4154,3162:3596
78293221461;2;3:6,7:1,13:1,23:3,97:1;69:4278,1357:4232
78414297416;2;2:3,7:4,13:1,43:1,67:1,109:1;1967:4137,2660:3906
78750802368;2;2:6,3:6,7:4,19:1,37:1;504:4284,3388:3416
79073942633;2;7:1,29:3,31:1,67:1,223:1;2204:4089,2465:4002
79196559624;2;2:3,3:6,7:1,13:3,883:1;624:4290,2236:4082
79288383447;2;3:2,7:1,13:1,19:1,73:1,223:1,313:1;388:4295,2638:3935
79292339000;2;2:3,5:3,7:3,19:1,23:3;1518:4232,2415:4025
79885402632;2;2:3,3:3,7:1,31:1,37:1,73:1,631:1;356:4306,915:4293
80779032000;2;2:6,3:12,5:3,19:1;540:4320,2430:4050
80789656915;2;5:1,11:3,31:1,79:1,4957:1;22:4323,2731:3924
81621568000;2;2:9,5:3,7:1,19:1,43:1,223:1;1000:4320,3340:3540
81746847000;2;2:3,3:3,5:3,7:4,13:1,97:1;70:4340,924:4326
81956154861;2;3:6,7:3,31:1,97:1,109:1;1890:4221,3213:3654
82205135577;2;3:5,19:3,31:1,37:1,43:1;969:4332,2166:4161
82367927551;2;7:1,13:1,31:1,67:1,103:1,4231:1;1863:4234,3351:3550
82422880631;2;7:1,13:1,17:3,19:1,31:1,313:1;986:4335,3111:3740
82666276407;2;3:3,11:3,13:1,19:1,67:1,139:1;231:4356,2618:4015
83104328125;2;5:6,7:1,13:1,211:1,277:1;925:4350,3400:3525
83501695368;2;2:3,3:6,7:3,13:3,19:1;546:4368,2457:4095
84844455787;2;7:1,13:1,19:1,67:1,73:1,79:1,127:1;499:4392,2560:4083
85067932096;2;2:6,7:1,19:1,109:1,277:1,331:1;34:4398,3391:3585
85069838061;2;3:3,13:1,43:1,151:1,163:1,229:1;1557:4332,2133:4224
85112427456;2;2:6,3:3,7:1,31:1,61:3;732:4392,1629:4323
85350375000;2;2:3,3:3,5:6,11:3,19:1;550:4400,2475:4125
85876713000;2;2:3,3:3,5:3,13:1,19:1,79:1,163:1;480:4410,2885:3955
85921103872;2;2:18,31:1,97:1,109:1;1920:4288,3264:3712
86175822375;2;3:3,5:3,109:1,433:1,541:1;490:4415,2295:4200
86576517125;2;5:3,7:1,31:1,43:1,199:1,373:1;2540:4125,3165:3800
86636083625;2;5:3,7:1,13:1,19:1,31:1,67:1,193:1;2105:4260,2690:4065
86879525096;2;2:3,7:1,13:1,19:1,43:3,79:1;43:4429,2752:4042
87300659439;2;3:9,7:3,67:1,193:1;672:4431,783:4428
87922952000;2;2:6,5:3,13:1,37:1,73:1,313:1;1940:4320,2256:4244
88341457113;2;3:9,7:1,13:1,31:1,37:1,43:1;654:4449,1458:4401
88570823112;2;2:3,3:9,43:1,103:1,127:1;2808:4050,3042:3924
88609989312;2;2:6,3:3,13:1,19:1,31:1,37:1,181:1;1356:4416,3408:3660
88955822592;2;2:9,3:9,7:1,13:1,97:1;72:4464,1416:4416
89752969728;2;2:9,3:3,19:1,31:1,73:1,151:1;1012:4460,3084:3924
90011913875;2;5:3,13:3,31:1,97:1,109:1;1950:4355,3315:3770
90757587375;2;3:3,5:3,7:1,13:1,19:1,103:1,151:1;2620:4175,3438:3687
90761235831;2;3:3,7:4,19:1,31:1,2377:1;63:4494,3495:3636
91095806375;2;5:3,7:1,19:1,43:1,61:1,2089:1;887:4488,1335:4460
92014376328;2;2:3,3:3,7:1,19:1,31:1,277:1,373:1;699:4509,2456:4258
92147583808;2;2:6,7:1,19:1,61:1,103:1,1723:1;2277:4315,2740:4152
92320979968;2;2:10,7:3,31:1,61:1,139:1;984:4504,2632:4200
93329709031;2;13:3,19:1,487:1,4591:1;55:4536,1911:4420
93400398728;2;2:3,7:1,13:1,31:1,43:1,109:1,883:1;2484:4274,3033:4031
93441066264;2;2:3,3:3,7:2,13:1,19:1,31:1,1153:1;1068:4518,2742:4176
93481066952;2;2:3,7:1,13:4,211:1,277:1;962:4524,3536:3666
94016493207;2;3:6,7:2,13:1,61:1,3319:1;1215:4518,3186:3951
94018640625;2;3:3,5:6,7:1,13:1,31:1,79:1;1425:4500,2825:4150
94102178625;2;3:3,5:3,7:3,13:3,37:1;600:4545,3510:3705
94230551448;2;2:3,3:3,11:3,31:1,97:1,109:1;1980:4422,3366:3828
94445059401;2;3:3,7:1,11:3,37:1,73:1,139:1;33:4554,3553:3674
94701187000;2;2:3,5:3,7:1,19:1,31:1,103:1,223:1;192:4558,3390:3820
94989113856;2;2:9,3:3,7:3,13:1,23:1,67:1;2252:4372,3240:3936
95004009000;2;2:3,3:6,5:3,19:4;570:4560,2565:4275
95523029056;2;2:6,7:1,13:3,37:1,43:1,61:1;1287:4537,2538:4294
96378720256;2;2:12,7:1,13:1,19:1,31:1,439:1;1272:4552,2832:4192
96482137176;2;2:3,3:5,43:1,73:1,97:1,163:1;2726:4240,2757:4227
96538812552;2;2:3,3:5,7:4,13:1,37:1,43:1;840:4578,2121:4431
96549362000;2;2:4,5:3,7:1,13:3,43:1,73:1;2054:4446,3575:3705
96588290827;2;7:1,31:4,67:1,223:1;2356:4371,2635:4278
97018161912;2;2:3,3:3,7:3,19:1,41:3;574:4592,2583:4305
97058860983;2;3:9,7:1,37:1,79:1,241:1;2052:4455,2754:4239
97654256128;2;2:9,11:3,13:1,73:1,151:1;1045:4587,1936:4488
97829752384;2;2:6,7:1,13:1,19:3,31:1,79:1;1444:4560,1962:4486
98578983169;2;31:1,67:3,97:1,109:1;2010:4489,3417:3886
98625834125;2;5:3,7:3,13:1,19:1,67:1,139:1;245:4620,1845:4520
98858063304;2;2:3,3:3,7:4,11:1,13:1,31:1,43:1;1428:4578,1576:4562
99118473363;2;3:3,7:4,13:1,337:1,349:1;2835:4242,3486:3843
99860312727;2;3:5,7:1,19:1,37:3,61:1;302:4639,1776:4551
100092456000;2;2:6,3:3,5:3,19:1,29:3;580:4640,2610:4350
100124718057;2;3:3,7:4,13:3,19:1,37:1;546:4641,2094:4497
100285665632;2;2:5,19:1,31:1,877:1,6067:1;66:4646,2694:4322
100789207064;2;2:3,7:1,13:1,31:1,43:1,283:1,367:1;486:4652,3446:3912
100847027008;2;2:6,7:3,13:1,193:1,1831:1;756:4648,3316:4008
100861976007;2;3:3,13:1,19:1,43:1,547:1,643:1;1156:4631,3418:3935
100864638504;2;2:3,3:3,7:1,61:1,79:1,109:1,127:1;684:4650,1051:4637
100923751656;2;2:3,3:3,7:1,13:1,43:1,97:1,1231:1;3057:4167,3600:3786
100974052872;2;2:3,3:3,7:1,11:1,31:1,37:1,67:1,79:1;1538:4600,3314:4012
101123870904;2;2:3,3:3,7:1,37:1,43:1,127:1,331:1;766:4652,1336:4622
101762291007;2;3:3,13:1,19:1,139:1,151:1,727:1;759:4662,2000:4543
101801791000;2;2:3,5:3,7:1,13:1,19:1,97:1,607:1;655:4665,2320:4470
101828125000;2;2:3,5:9,7:3,19:1;1650:4600,2625:4375
102462509331;2;3:7,7:4,13:1,19:1,79:1;1812:4587,3360:4011
102734520399;2;3:3,7:1,19:4,43:1,97:1;855:4674,3287:4066
103059175616;2;2:6,17:3,31:1,97:1,109:1;2040:4556,3468:3944
103138145929;2;7:4,13:1,79:1,151:1,277:1;2905:4284,3409:3990
104291603136;2;2:6,3:6,7:6,19:1;588:4704,2646:4410
104464971000;2;2:3,3:6,5:3,13:1,73:1,151:1;1980:4590,2208:4542
104886947520;2;2:6,3:3,5:1,31:1,79:1,4957:1;24:4716,3426:4014
105032816343;2;3:3,7:1,13:1,103:1,181:1,2293:1;1871:4618,2631:4428
105359427000;2;2:3,3:3,5:3,19:1,59:3;590:4720,2655:4425
105725855384;2;2:3,31:1,61:1,97:1,109:1,661:1;1320:4694,2192:4566
105758184168;2;2:3,3:3,7:1,13:4,31:1,79:1;1482:4680,2938:4316
106240311296;2;2:15,7:1,31:1,67:1,223:1;2432:4512,2720:4416
106291355112;2;2:3,3:6,19:1,67:1,103:1,139:1;3267:4149,3594:3912
106429378419;2;3:2,7:3,13:1,37:1,229:1,313:1;70:4739,1946:4627
107323310016;2;2:6,3:6,13:1,19:1,67:1,139:1;252:4752,2856:4380
107577099000;2;2:3,3:3,5:3,7:2,31:1,43:1,61:1;405:4755,740:4750
107673095367;2;3:3,23:3,31:1,97:1,109:1;2070:4623,3519:4002
108060820875;2;3:3,5:3,7:3,17:3,19:1;595:4760,1683:4692
108247529152;2;2:6,7:4,37:1,79:1,241:1;2128:4620,2856:4396
108329995566;2;2:1,3:3,13:1,19:1,31:1,37:1,73:1,97:1;2857:4397,3735:3831
108638307008;2;2:6,7:1,11:3,19:1,43:1,223:1;1100:4752,3674:3894
108804254832;2;2:4,3:3,7:1,13:1,19:1,31:1,37:1,127:1;1359:4737,2550:4518
109044334728;2;2:3,3:3,7:1,19:1,67:1,181:1,313:1;866:4768,3387:4125
109293877784;2;2:3,7:1,13:3,43:1,73:1,283:1;1552:4726,3016:4342
109782614088;2;2:3,3:3,7:2,31:1,313:1,1069:1;1698:4716,3345:4167
110025826183;2;7:1,13:1,19:1,79:1,397:1,2029:1;2703:4486,3424:4119
110644545375;2;3:3,5:3,7:1,13:1,19:1,67:1,283:1;1210:4775,2460:4575
110808000000;2;2:9,3:6,5:6,19:1;600:4800,2700:4500
111919777704;2;2:3,3:3,7:3,19:1,43:3;602:4816,2709:4515
112262408713;2;7:1,13:1,19:1,31:1,43:1,67:1,727:1;1305:4792,3792:3865
112960096704;2;2:6,3:2,7:4,13:1,61:1,103:1;110:4834,3584:4060
113099503608;2;2:3,3:6,7:1,13:4,97:1;78:4836,1534:4784
114103808000;2;2:12,5:3,7:1,13:1,31:1,79:1;270:4850,1520:4800
114193340352;2;2:6,3:3,7:1,13:1,19:1,37:1,1033:1;478:4850,3103:4385
114542792000;2;2:6,5:3,7:3,13:3,19:1;1716:4784,2730:4550
114859173312;2;2:6,3:3,13:1,19:1,439:1,613:1;408:4860,2844:4512
115069924333;2;7:1,13:1,19:4,31:1,313:1;1102:4845,3477:4180
115395961625;2;5:3,7:4,31:1,79:1,157:1;630:4865,3290:4305
115779303936;2;2:9,3:3,31:1,43:1,61:1,103:1;996:4860,2920:4496
116196080553;2;3:6,7:1,19:1,31:1,67:1,577:1;993:4866,3124:4409
116222947750;2;2:1,5:3,7:1,13:3,19:1,37:1,43:1;715:4875,2335:4695
116441253000;2;2:3,3:3,5:3,19:1,61:3;610:4880,2745:4575
116755597504;2;2:6,7:4,13:1,211:1,277:1;1036:4872,3808:3948
117049913344;2;2:12,7:1,13:1,43:1,67:1,109:1;2248:4728,3040:4464
117176765832;2;2:3,3:3,7:3,31:1,163:1,313:1;315:4893,3051:4461
117309983093;2;31:1,71:3,97:1,109:1;2130:4757,3621:4118
118436409819;2;3:12,7:1,13:1,31:1,79:1;1539:4860,3051:4482
118857444875;2;5:3,13:1,31:1,37:1,43:1,1483:1;1835:4830,2835:4580
119559172824;2;2:3,3:3,7:1,13:1,73:1,97:1,859:1;774:4920,3078:4488
119911131648;2;2:9,3:3,7:3,11:3,19:1;616:4928,2772:4620
120264622289;2;7:1,29:3,37:1,79:1,241:1;2204:4785,2958:4553
120563569152;2;2:9,3:3,13:1,17:1,19:1,31:1,67:1;1650:4878,3456:4296
120600933327;2;3:2,7:1,97:1,157:1,337:1,373:1;2311:4766,3778:4055
120846867128;2;2:3,13:1,37:1,67:1,73:1,6421:1;14:4944,3087:4505
121496328000;2;2:6,3:3,5:3,43:1,103:1,127:1;3120:4500,3380:4360
121661115875;2;5:3,13:1,19:1,31:1,79:1,1609:1;180:4955,2910:4595
122024448000;2;2:12,3:3,5:3,7:1,13:1,97:1;80:4960,1056:4944
122262264000;2;2:6,3:3,5:3,19:1,31:3;620:4960,2790:4650
122336884224;2;2:9,3:6,31:1,97:1,109:1;2160:4824,3672:4176
122395960197;2;3:9,7:1,43:1,73:1,283:1;138:4965,3132:4509
122600307375;2;3:3,5:3,7:1,13:1,31:1,79:1,163:1;1095:4950,3791:4084
122799989384;2;2:3,19:1,37:1,97:1,163:1,1381:1;1250:4944,2402:4776
123208999424;2;2:9,7:2,43:1,181:1,631:1;72:4976,530:4974
123710152384;2;2:6,7:1,13:3,37:1,43:1,79:1;1420:4944,3198:4498
123729330816;2;2:7,3:3,7:4,13:1,31:1,37:1;9:4983,1260:4956
124023710223;2;3:3,7:5,337:1,811:1;2247:4830,2543:4756
124136202232;2;2:3,7:1,19:1,23:3,43:1,223:1;1150:4968,3841:4071
125763353352;2;2:3,3:6,7:2,13:1,97:1,349:1;228:5010,1340:4978
125812160901;2;3:3,7:1,19:3,37:1,43:1,61:1;1349:4978,1845:4926
126127620801;2;3:9,7:1,13:1,67:1,1051:1;1601:4960,2601:4770
126657802089;2;3:15,7:1,13:1,97:1;81:5022,1593:4968
126674536625;2;5:3,7:2,13:1,19:1,31:1,37:1,73:1;2025:4910,2930:4665
126781784064;2;2:15,3:3,13:1,73:1,151:1;1140:5004,2112:4896
127431310888;2;2:3,7:1,17:3,31:1,67:1,223:1;2584:4794,2890:4692
127505378971;2;31:1,73:3,97:1,109:1;2190:4891,3723:4234
129280664000;2;2:6,5:3,31:1,37:1,73:1,193:1;790:5050,3769:4231
129717213353;2;7:1,13:1,29:3,211:1,277:1;1073:5046,3944:4089
130188495528;2;2:3,3:2,7:3,13:1,31:1,103:1,127:1;266:5068,3866:4168
130439724597;2;3:3,7:1,13:1,19:2,199:1,739:1;1637:5014,3117:4644
130811452928;2;2:9,13:1,19:1,31:1,61:1,547:1;1296:5048,3194:4614
131449207806;2;2:1,3:6,7:3,31:1,61:1,139:1;1107:5067,2961:4725
131483997125;2;5:3,13:1,19:1,43:1,97:1,1021:1;20:5085,1245:5060
131913292625;2;5:3,19:1,37:1,1087:1,1381:1;345:5090,1905:5000
132089420736;2;2:6,3:3,7:4,13:1,31:1,79:1;1596:5040,3164:4648
132466973184;2;2:9,3:3,7:4,13:1,307:1;2472:4896,3794:4270
132817433912;2;2:3,31:1,37:3,97:1,109:1;2220:4958,3774:4292
132861982617;2;3:3,7:3,13:1,31:1,97:1,367:1;1022:5089,2961:4746
132894996416;2;2:6,7:2,13:1,41:1,43:3;2064:4988,3656:4380
133139727000;2;2:3,3:3,5:3,7:1,37:1,79:1,241:1;2280:4950,3060:4710
134211896000;2;2:6,5:3,7:1,13:1,19:1,31:1,313:1;1160:5100,3660:4400
134479872000;2;2:21,3:3,5:3,19:1;640:5120,2880:4800
134807499944;2;2:3,13:1,19:1,211:1,313:1,1033:1;3512:4506,4016:4122
136284861125;2;5:3,7:1,37:1,43:1,223:1,439:1;229:5146,3040:4765
136369039625;2;5:3,7:3,13:1,19:1,79:1,163:1;560:5145,2585:4920
136452148209;2;3:3,13:4,19:1,67:1,139:1;273:5148,3094:4745
137017161792;2;2:6,3:3,7:3,19:1,23:3;644:5152,2898:4830
137226732552;2;2:3,3:6,7:1,13:1,19:1,31:1,439:1;1431:5121,3186:4716
138090771000;2;2:3,3:3,5:3,7:3,13:1,31:1,37:1;2940:4830,3920:4270
138275015625;2;3:3,5:6,31:1,97:1,109:1;2250:5025,3825:4350
138711822921;2;3:6,7:4,19:1,43:1,97:1;945:5166,3633:4494
138810316743;2;3:2,7:4,31:1,43:1,61:1,79:1;2332:5015,3086:4783
139009196375;2;5:3,7:4,31:1,67:1,223:1;2660:4935,2975:4830
139104303975;2;3:2,5:2,7:1,13:1,109:1,157:1,397:1;1706:5119,3767:4408
139876287733;2;7:2,13:1,37:1,103:1,157:1,367:1;621:5188,2784:4909
139920891712;2;2:6,7:1,31:1,73:1,79:1,1747:1;1880:5108,3722:4454
140690526697;2;7:1,19:1,31:1,61:1,73:1,79:1,97:1;1977:5104,3513:4600
140709381176;2;2:3,7:3,13:1,19:1,31:1,37:1,181:1;1582:5152,3976:4270
140775847641;2;3:3,11:1,13:1,19:1,61:1,163:1,193:1;177:5202,3606:4545
140882625000;2;2:3,3:3,5:6,13:3,19:1;650:5200,2925:4875
141042069504;2;2:12,3:3,7:1,19:1,43:1,223:1;1200:5184,4008:4248
141258551616;2;2:6,3:6,7:4,13:1,97:1;84:5208,1652:5152
143046205568;2;2:7,7:1,31:1,37:1,181:1,769:1;932:5220,3974:4314
143061184000;2;2:9,5:3,7:6,19:1;1848:5152,2940:4900
143880090688;2;2:6,19:3,31:1,97:1,109:1;2280:5092,3876:4408
144825308992;2;2:6,7:1,13:1,67:1,211:1,1759:1;660:5248,1864:5172
144907641424;2;2:4,7:1,13:1,181:1,271:1,2029:1;2542:5046,3378:4738
145634279616;2;2:6,3:3,7:1,43:1,211:1,1327:1;2540:5056,3681:4575
145697644729;2;7:2,13:2,19:1,277:1,3343:1;1:5262,3753:4528
145908847000;2;2:3,5:3,7:1,19:1,31:1,43:1,823:1;3460:4710,3600:4630
146148730056;2;2:3,3:3,7:3,19:1,47:3;658:5264,2961:4935
146363797125;2;3:3,5:3,7:1,13:1,17:3,97:1;85:5270,1122:5253
146650389184;2;2:6,13:1,19:1,37:1,157:1,1597:1;1132:5256,2658:5038
146741112000;2;2:6,3:3,5:3,7:1,37:1,43:1,61:1;1420:5240,1485:5235
146753320077;2;3:3,7:1,13:1,29:3,31:1,79:1;1653:5220,3277:4814
146902429891;2;7:1,31:3,37:1,79:1,241:1;2356:5115,3162:4867
147069698048;2;2:15,7:1,13:1,31:1,37:1,43:1;1728:5216,3470:4722
147413514304;2;2:6,7:1,19:1,103:1,277:1,607:1;2728:5028,2832:4996
147485448000;2;2:6,3:6,5:3,11:3,19:1;660:5280,2970:4950
147685299272;2;2:3,7:1,19:3,31:1,79:1,157:1;684:5282,3572:4674
147955272192;2;2:9,3:3,7:1,13:1,337:1,349:1;3240:4848,3984:4392
148000355496;2;2:3,3:3,7:1,31:1,37:1,61:1,1399:1;2620:5066,4122:4272
148394960064;2;2:6,3:6,13:1,19:1,79:1,163:1;576:5292,3462:4746
148495458176;2;2:7,13:1,79:3,181:1;498:5294,3476:4740
148911821064;2;2:3,3:6,109:1,433:1,541:1;588:5298,2754:5040
149604221592;2;2:3,3:3,7:1,31:1,43:1,199:1,373:1;3048:4950,3798:4560
149634625679;2;7:3,11:3,31:1,97:1,109:1;2310:5159,3927:4466
150042122713;2;7:7,19:1,43:1,223:1;406:5313,1225:5292
150535503872;2;2:15,13:1,193:1,1831:1;864:5312,3366:4826
150839194688;2;2:6,7:6,13:1,23:1,67:1;848:5316,3780:4592
150862847625;2;3:3,5:3,7:3,19:4;665:5320,1881:5244
151872168448;2;2:9,7:1,11:3,13:1,31:1,79:1;297:5335,1672:5280
152106422552;2;2:3,7:1,31:1,43:1,73:1,103:1,271:1;950:5328,1062:5324
153810160875;2;3:6,5:3,7:4,19:1,37:1;630:5355,4235:4270
153955483136;2;2:9,7:1,13:1,79:1,151:1,277:1;3320:4896,3896:4560
154291419000;2;2:3,3:3,5:3,19:1,67:3;670:5360,3015:5025
154510995968;2;2:9,7:4,37:1,43:1,79:1;138:5366,3444:4844
155367046107;2;3:3,7:4,13:1,19:1,31:1,313:1;1218:5355,3843:4620
155540587176;2;2:3,3:3,13:3,31:1,97:1,109:1;2340:5226,3978:4524
155603893256;2;2:3,7:1,43:1,61:1,67:1,97:1,163:1;384:5378,3524:4818
155634094243;2;31:1,67:1,109:1,127:1,5413:1;34:5379,4003:4506
155677261824;2;2:15,3:6,7:3,19:1;672:5376,3024:5040
155894662287;2;3:3,7:1,13:3,37:1,73:1,139:1;39:5382,4199:4342
156680734392;2;2:3,3:2,7:3,13:1,139:1,3511:1;448:5390,3281:4951
156693536181;2;3:5,7:4,13:1,73:1,283:1;2086:5285,4080:4461
156940361487;2;3:6,7:1,13:1,29:3,97:1;87:5394,1711:5336
158448706507;2;7:1,13:1,31:3,211:1,277:1;1147:5394,4216:4371
158868343296;2;2:9,3:2,13:1,37:1,229:1,313:1;80:5416,2224:5288
158943113000;2;2:3,5:3,7:3,19:1,29:3;1914:5336,3045:5075
158992176187;2;13:1,19:1,31:1,193:1,271:1,397:1;2260:5283,3547:4854
159417125000;2;2:3,5:6,7:1,19:1,43:1,223:1;1250:5400,4175:4425
159693256485;2;3:6,5:1,7:1,151:1,181:1,229:1;3069:5076,3772:4733
160971475392;2;2:6,3:3,7:1,13:1,37:1,73:1,379:1;696:5436,2165:5323
161191886336;2;2:9,13:4,73:1,151:1;1235:5421,2288:5304
161303616000;2;2:9,3:3,5:3,17:3,19:1;680:5440,3060:5100
161582317568;2;2:15,7:1,37:1,79:1,241:1;2432:5280,3264:5024
161599941757;2;31:1,79:3,97:1,109:1;2370:5293,4029:4582
161711612568;2;2:3,3:3,11:3,43:1,103:1,127:1;3432:4950,3718:4796
162351098000;2;2:4,5:3,7:1,13:1,337:1,2647:1;1058:5442,1310:5430
162464211000;2;2:3,3:6,5:3,7:1,13:1,31:1,79:1;1710:5400,3390:4980
162608564664;2;2:3,3:6,7:3,13:3,37:1;720:5454,4212:4446
164055948875;2;5:3,7:1,13:1,19:1,43:1,127:1,139:1;3155:5100,4010:4635
164227004641;2;7:1,31:1,37:3,67:1,223:1;2812:5217,3145:5106
165386200616;2;2:3,7:4,13:1,43:1,73:1,211:1;1722:5432,2520:5306
165545013816;2;2:3,3:3,7:1,13:1,19:1,31:1,79:1,181:1;1832:5422,2238:5364
165611203128;2;2:3,3:3,7:9,19:1;686:5488,3087:5145
165886504875;2;3:3,5:3,7:3,13:1,73:1,151:1;2310:5355,2576:5299
166283791947;2;3:3,7:1,13:3,43:1,67:1,139:1;1107:5484,3888:4755
166556587960;2;2:3,5:1,7:3,31:1,79:1,4957:1;28:5502,3997:4683
168525117000;2;2:3,3:6,5:3,19:1,23:3;690:5520,3105:5175
168786735201;2;3:3,7:3,19:1,67:1,103:1,139:1;345:5526,4193:4564
171724515625;2;5:6,13:1,37:1,73:1,313:1;2425:5400,2820:5305
172094397417;2;3:3,673:1,757:1,12511:1;496:5561,1273:5540
172486279693;2;7:3,13:1,19:1,97:1,139:1,151:1;960:5557,4270:4557
173066385375;2;3:3,5:3,13:1,19:1,31:1,37:1,181:1;1695:5520,4260:4575
174186696483;2;3:12,31:1,97:1,109:1;2430:5427,4131:4698
174241176408;2;2:3,3:3,13:1,19:1,37:1,61:1,1447:1;1398:5556,3702:4980
174282407936;2;2:15,7:1,13:1,211:1,277:1;1184:5568,4352:4512
174882006936;2;2:3,3:3,7:1,13:1,37:2,67:1,97:1;2070:5496,3238:5204
174917406853;2;7:2,43:1,61:1,73:1,103:1,181:1;694:5589,4296:4573
175240003608;2;2:3,3:3,307:1,313:1,8443:1;38:5596,1839:5529
175298769000;2;2:3,3:3,5:3,19:1,31:1,73:1,151:1;1265:5575,3855:4905
175767523776;2;2:6,3:3,13:1,19:1,43:1,61:1,157:1;3902:4882,4444:4448
176063680576;2;2:6,7:1,19:1,67:1,139:1,2221:1;4272:4612,4401:4495
177208976637;2;3:3,7:1,11:3,37:1,79:1,241:1;2508:5445,3366:5181
177905833784;2;2:3,7:1,19:3,31:1,67:1,223:1;2888:5358,3230:5244
178636033576;2;2:3,7:1,11:3,13:1,19:1,31:1,313:1;1276:5610,4026:4840
179120167317;2;3:3,7:1,13:1,271:1,367:1,733:1;54:5637,2181:5526
179258196663;2;3:3,7:1,13:1,31:4,79:1;1767:5580,3503:5146
179322584896;2;2:6,7:1,13:3,19:1,43:1,223:1;1300:5616,4342:4602
180064436032;2;2:6,13:1,43:2,67:1,1747:1;1368:5620,1812:5584
180314414000;2;2:4,5:3,7:3,31:1,61:1,139:1;1230:5630,3290:5250
180718029784;2;2:3,31:1,41:3,97:1,109:1;2460:5494,4182:4756
182238068187;2;3:3,7:1,19:1,23:3,43:1,97:1;1035:5658,3979:4922
182283598952;2;2:3,7:3,13:1,43:1,151:1,787:1;2282:5544,4028:4890
182392113176;2;2:3,7:3,13:1,19:1,439:1,613:1;476:5670,3318:5264
183608343000;2;2:3,3:3,5:3,19:1,71:3;710:5680,3195:5325
183853246528;2;2:6,7:3,31:1,43:1,61:1,103:1;1162:5670,1956:5608
184770179776;2;2:6,7:1,13:1,19:1,109:1,15319:1;1240:5676,2832:5452
185525613000;2;2:3,3:3,5:3,7:3,13:1,23:1,67:1;2815:5465,4050:4920
185893227072;2;2:6,3:6,7:2,31:1,43:1,61:1;486:5706,888:5700
186729098472;2;2:3,3:6,7:3,17:3,19:1;714:5712,3213:5355
186766358688;2;2:5,3:3,7:1,13:1,19:1,31:1,37:1,109:1;842:5710,3889:5039
187410622481;2;31:1,83:3,97:1,109:1;2490:5561,4233:4814
187423380872;2;2:3,7:1,13:3,31:1,157:1,313:1;2600:5538,3581:5211
188239688000;2;2:6,5:3,7:1,13:1,19:1,31:1,439:1;1590:5690,3540:5240
189126317016;2;2:3,3:3,7:1,13:1,31:1,211:1,1471:1;1552:5702,3606:5220
190938482280;2;2:3,3:3,5:1,7:3,13:1,31:1,1279:1;756:5754,2618:5572
191193774408;2;2:3,3:6,7:1,13:1,19:1,67:1,283:1;1452:5730,2952:5490
191476224000;2;2:12,3:9,5:3,19:1;720:5760,3240:5400
191701599453;2;3:6,7:1,13:1,31:3,97:1;93:5766,1829:5704
193811993704;2;2:3,7:1,17:3,37:1,79:1,241:1;2584:5610,3468:5338
194147947000;2;2:3,5:3,7:3,19:1,31:3;2046:5704,3255:5425
194266441152;2;2:6,3:3,7:3,31:1,97:1,109:1;2520:5628,4284:4872
194708672424;2;2:3,3:3,7:4,37:1,73:1,139:1;42:5796,4522:4676
196007166901;2;7:1,13:1,19:3,43:1,67:1,109:1;1062:5797,3610:5301
196966849625;2;5:3,7:3,13:1,193:1,1831:1;945:5810,4145:5010
197929944576;2;2:9,3:3,7:3,13:3,19:1;728:5824,3276:5460
198324592128;2;2:9,3:3,13:1,31:1,97:1,367:1;1168:5816,3384:5424
199565721000;2;2:3,3:3,5:3,19:1,73:3;730:5840,3285:5475
200819665368;2;2:3,3:9,7:1,19:1,43:1,223:1;1350:5832,4509:4779
200833253712;2;2:4,3:3,7:1,13:3,19:1,37:1,43:1;858:5850,2802:5634
201287452375;2;5:3,17:3,31:1,97:1,109:1;2550:5695,4335:4930
201324777472;2;2:12,7:3,13:1,73:1,151:1;1330:5838,2464:5712
201647023552;2;2:6,13:1,43:1,151:1,163:1,229:1;2076:5776,2844:5632
201747976192;2;2:12,7:1,31:1,61:3;976:5856,2172:5764
203417794125;2;3:3,5:3,7:1,13:1,43:1,73:1,211:1;1845:5820,2700:5685
203694537375;2;3:6,5:3,7:6,19:1;735:5880,2079:5796
204119517329;2;7:1,13:1,19:1,23:3,31:1,313:1;1334:5865,4209:5060
204337326375;2;3:3,5:3,7:1,13:1,19:3,97:1;95:5890,1254:5871
204340192875;2;3:2,5:3,7:1,13:1,31:3,67:1;155:5890,1160:5875
205371214776;2;2:3,3:8,7:1,13:1,19:1,31:1,73:1;801:5895,4062:5172
205385664744;2;2:3,3:3,13:1,31:1,37:1,43:1,1483:1;2202:5796,3402:5496
206934896448;2;2:6,3:6,7:3,67:1,193:1;896:5908,1044:5904
206978825144;2;2:3,7:3,13:4,19:1,139:1;1939:5845,3406:5512
207495955520;2;2:6,5:1,7:1,31:1,67:1,103:1,433:1;2466:5774,3012:5648
207500608000;2;2:9,5:3,7:1,31:1,67:1,223:1;3040:5640,3400:5520
207879912000;2;2:6,3:3,5:3,19:1,37:3;740:5920,3330:5550
209041245504;2;2:6,3:3,7:1,13:1,19:1,31:1,37:1,61:1;450:5934,4184:5140
209045280808;2;2:3,7:1,13:1,17:3,211:1,277:1;1258:5916,4624:4794
209401972416;2;2:6,3:6,7:1,13:1,31:1,37:1,43:1;872:5932,1944:5868
209569984344;2;2:3,3:3,7:3,19:1,53:3;742:5936,3339:5565
209615839875;2;3:6,5:3,13:1,19:1,67:1,139:1;315:5940,3570:5475
209945654784;2;2:9,3:6,43:1,103:1,127:1;3744:5400,4056:5232
210230408232;2;2:3,3:3,13:1,19:1,31:1,79:1,1609:1;216:5946,3492:5514
210242824344;2;2:3,3:6,7:1,43:1,229:1,523:1;4047:5241,4464:4950
210692468168;2;2:3,7:1,13:1,19:1,61:1,67:1,3727:1;1538:5916,2348:5826
210858246144;2;2:15,3:6,7:1,13:1,97:1;96:5952,1888:5888
211420955375;2;5:3,7:4,37:1,79:1,241:1;2660:5775,3570:5495
212801514471;2;3:9,7:1,13:3,19:1,37:1;702:5967,4719:4758
213287917213;2;7:2,61:3,127:1,151:1;1453:5946,1830:5917
213549056000;2;2:18,5:3,7:3,19:1;2112:5888,3360:5600
215137744192;2;2:6,7:4,19:1,31:1,2377:1;84:5992,4660:4848
215301302424;2;2:3,3:3,13:1,19:1,31:1,349:1,373:1;724:5990,1280:5974
215536315904;2;2:9,7:1,13:3,31:1,883:1;663:5993,1080:5984
215832918789;2;3:3,29:3,31:1,97:1,109:1;2610:5829,4437:5046
216239864841;2;3:6,7:1,11:3,13:1,31:1,79:1;1881:5940,3729:5478
216323433027;2;3:9,13:1,37:1,73:1,313:1;2619:5832,4386:5091
216421875000;2;2:3,3:6,5:9,19:1;750:6000,3375:5625
218893599288;2;2:3,3:3,7:2,13:1,19:1,31:1,37:1,73:1;2430:5892,3516:5598
219206146887;2;3:6,7:1,13:1,79:1,151:1,277:1;3735:5508,4383:5130
220295541375;2;3:3,5:3,7:2,13:1,43:1,2383:1;2490:5895,4500:5055
220357258569;2;3:3,7:1,19:1,67:1,331:1,2767:1;918:6033,2388:5913
221489934848;2;2:9,7:2,13:1,19:1,31:1,1153:1;1424:6024,3656:5568
221657663808;2;2:6,3:12,7:3,19:1;756:6048,3402:5670
222384066112;2;2:6,13:3,31:1,163:1,313:1;390:6058,2980:5808
222853909824;2;2:6,3:3,7:2,13:1,61:1,3319:1;1620:6024,4248:5268
223238852928;2;2:6,3:3,7:1,13:1,19:1,74719:1;318:6066,3112:5780
223361307136;2;2:9,11:3,31:1,97:1,109:1;2640:5896,4488:5104
223455459437;2;7:1,31:1,41:3,67:1,223:1;3116:5781,3485:5658
224196121728;2;2:7,3:3,43:1,97:1,103:1,151:1;916:6068,3762:5550
224570084697;2;3:2,7:4,433:1,24001:1;1138:6065,3388:5705
225194688000;2;2:9,3:3,5:3,19:4;760:6080,3420:5700
226131453000;2;2:3,3:3,5:3,31:1,43:1,61:1,103:1;1245:6075,3650:5620
226201215357;2;3:8,13:1,37:1,229:1,313:1;90:6093,2502:5949
227204347032;2;2:3,3:3,13:1,19:1,43:1,97:1,1021:1;24:6102,1494:6072
227946169656;2;2:3,3:3,19:1,37:1,1087:1,1381:1;414:6108,2286:6000
228038276375;2;5:3,7:4,13:1,211:1,277:1;1295:6090,4760:4935
228806768827;2;7:1,13:1,73:1,79:1,127:1,3433:1;528:6115,3604:5667
229532593752;2;2:3,3:3,7:2,11:1,103:1,19141:1;678:6120,4646:5056
230065448256;2;2:6,3:6,7:1,37:1,79:1,241:1;2736:5940,3672:5652
230335042392;2;2:3,3:3,7:1,13:1,19:1,37:1,79:1,211:1;2710:5948,3174:5832
231062754347;2;31:1,89:3,97:1,109:1;2670:5963,4539:5162
231250390371;2;3:9,7:1,11:3,13:1,97:1;99:6138,1947:6072
231988470272;2;2:9,13:1,19:1,37:1,43:1,1153:1;392:6144,4613:5115
232106650139;2;7:3,13:4,19:1,29:1,43:1;1027:6136,2779:5950
233563106448;2;2:4,3:3,7:1,193:1,199:1,2011:1;794:6154,3513:5751
233970283512;2;2:3,3:3,7:1,19:1,37:1,43:1,5119:1;4014:5532,4079:5497
234032203125;2;3:3,5:6,7:1,19:1,43:1,97:1;1125:6150,4325:5350
234087281344;2;2:6,7:4,31:1,157:1,313:1;2800:5964,4140:5464
236466456597;2;3:3,7:3,109:1,433:1,541:1;686:6181,3213:5880
236499753672;2;2:3,3:3,7:1,13:1,17:3,31:1,79:1;1938:6120,3842:5644
236705926464;2;2:6,3:2,7:1,19:1,37:3,61:1;925:6179,2368:6068
237332665024;2;2:6,7:4,13:3,19:1,37:1;728:6188,2792:5996
237729413467;2;7:4,13:1,19:1,31:1,67:1,193:1;2947:5964,3766:5691
238329000000;2;2:6,3:3,5:6,7:1,13:1,97:1;100:6200,1320:6180
238332492125;2;5:3,7:1,13:1,19:1,67:1,109:1,151:1;165:6200,4650:5165
238620852288;2;2:6,3:6,7:3,13:1,31:1,37:1;3528:5796,4704:5124
238720097889;2;3:3,7:1,13:1,31:1,79:1,97:1,409:1;2529:6060,3401:5842
239856507072;2;2:6,3:3,7:1,13:1,19:1,43:1,1867:1;2127:6129,2896:5996
239998485034;2;2:1,7:3,11:3,31:1,61:1,139:1;1353:6193,3619:5775
241214319424;2;2:6,13:1,19:1,139:1,151:1,727:1;1012:6216,4099:5565
242874096192;2;2:6,3:4,7:4,13:1,19:1,79:1;2416:6116,4480:5348
243445176000;2;2:6,3:6,5:3,13:3,19:1;780:6240,3510:5850
246992691673;2;7:3,13:3,31:1,97:1,109:1;2730:6097,4641:5278
247109131269;2;3:3,7:1,11:1,13:1,19:3,31:1,43:1;1938:6213,4701:5232
247209725952;2;2:12,3:3,7:6,19:1;784:6272,3528:5880
247250433528;2;2:3,3:6,7:1,19:3,883:1;912:6270,3268:5966
247266037753;2;7:1,19:3,43:1,229:1,523:1;4385:5462,4712:5225
248620912640;2;2:12,5:1,31:1,79:1,4957:1;32:6288,4568:5352
248833552744;2;2:3,7:1,19:1,29:3,43:1,223:1;1450:6264,4843:5133
249038819757;2;3:3,7:4,13:1,19:1,103:1,151:1;918:6285,3668:5845
249160150603;2;7:1,13:1,19:3,31:1,79:1,163:1;568:6291,1387:6270
249775058953;2;7:1,37:4,79:1,241:1;2812:6105,3774:5809
250204422104;2;2:3,7:2,13:1,97:1,439:1,1153:1;3215:6009,3638:5868
250268339377;2;7:1,43:1,79:1,1063:1,9901:1;1152:6289,4444:5457
250686066176;2;2:9,7:1,13:4,31:1,79:1;351:6305,1976:6240
251949878784;2;2:9,3:3,19:1,67:1,103:1,139:1;4356:5532,4792:5216
252916641432;2;2:3,3:6,7:1,13:1,17:3,97:1;102:6324,2006:6256
252929007000;2;2:3,3:3,5:3,19:1,79:3;790:6320,3555:5925
253327411008;2;2:6,3:3,7:1,19:1,31:3,37:1;744:6324,3316:6008
253568641536;2;2:9,3:6,7:1,37:1,43:1,61:1;1704:6288,1782:6282
253941591176;2;2:3,7:1,13:1,19:1,37:1,127:1,3907:1;402:6332,4194:5648
254395994112;2;2:12,3:3,13:1,19:1,67:1,139:1;336:6336,3808:5840
255225114944;2;2:6,23:3,31:1,97:1,109:1;2760:6164,4692:5336
255485629000;2;2:3,5:3,7:1,37:1,61:1,103:1,157:1;657:6343,3184:6066
255616741016;2;2:3,7:4,13:1,37:1,73:1,379:1;812:6342,4182:5672
256049283672;2;2:3,3:2,7:1,13:1,19:1,31:1,43:1,1543:1;1688:6310,3188:6070
256144168000;2;2:6,5:3,7:3,17:3,19:1;2244:6256,3570:5950
256379200831;2;13:1,19:1,31:1,73:1,523:1,877:1;447:6352,4359:5578
257160712536;2;2:3,3:2,7:1,13:1,19:1,31:1,37:1,1801:1;524:6358,3803:5869
257777356879;2;7:1,31:1,43:3,67:1,223:1;3268:6063,3655:5934
257987149875;2;3:3,5:3,7:4,13:1,31:1,79:1;1995:6300,3955:5810
258175772127;2;3:2,7:1,13:1,19:1,37:1,61:1,7351:1;404:6367,4919:5182
258216378147;2;3:3,7:6,13:3,37:1;840:6363,4914:5187
258870798368;2;2:5,7:1,13:2,37:1,421:1,439:1;1979:6309,3446:6018
258991585216;2;2:6,7:1,13:1,19:1,67:1,181:1,193:1;1142:6362,3368:6044
259256407501;2;7:1,13:1,19:1,61:1,73:1,151:1,223:1;3085:6126,3832:5877
259560539875;2;5:3,7:2,13:1,41:1,43:3;2580:6235,4570:5475
259718390848;2;2:6,7:1,19:1,31:1,73:1,97:1,139:1;1000:6372,2872:6180
260225455616;2;2:9,7:2,31:1,313:1,1069:1;2264:6288,4460:5556
260252865864;2;2:3,3:6,19:1,61:1,139:1,277:1;3104:6130,4437:5571
260691000696;2;2:3,3:6,7:3,19:4;798:6384,3591:5985
261425800216;2;2:3,7:1,17:3,37:1,61:1,421:1;2550:6256,4006:5820
262132609375;2;5:6,7:1,13:1,19:1,31:1,313:1;1450:6375,4575:5500
262656000000;2;2:15,3:3,5:6,19:1;800:6400,3600:6000
263638463391;2;3:3,31:4,97:1,109:1;2790:6231,4743:5394
264021854805;2;3:3,5:1,19:1,43:1,79:1,157:1,193:1;652:6413,2381:6304
265783957992;2;2:3,3:9,7:4,19:1,37:1;756:6426,5082:5124
267214521457;2;13:1,97:1,499:1,631:1,673:1;46:6441,1810:6393
267611644125;2;3:3,5:3,7:3,19:1,23:3;805:6440,2277:6348
269406946081;2;7:1,13:1,37:3,211:1,277:1;1369:6438,5032:5217
270579374072;2;2:3,7:1,19:3,37:1,79:1,241:1;2888:6270,3876:5966
270629288839;2;7:6,13:1,19:1,67:1,139:1;343:6468,2583:6328
271976875352;2;2:3,7:1,13:1,31:1,139:1,277:1,313:1;726:6476,2228:6390
272234703592;2;2:3,31:1,47:3,97:1,109:1;2820:6298,4794:5452
272629233000;2;2:3,3:15,5:3,19:1;810:6480,3645:6075
274139303912;2;2:3,31:1,37:3,139:1,157:1;2208:6410,4884:5402
274653699264;2;2:6,3:3,7:3,19:1,29:3;812:6496,3654:6090
275259659157;2;3:5,7:1,79:1,127:3;1524:6477,4826:5461
275472792000;2;2:6,3:3,5:3,7:1,19:1,43:1,223:1;1500:6480,5010:5310
276183309248;2;2:6,7:1,11:3,31:1,67:1,223:1;3344:6204,3740:6072
276325862904;2;2:3,3:2,7:1,13:1,103:1,241:1,1699:1;1550:6484,4484:5710
277752333824;2;2:9,7:3,31:1,163:1,313:1;420:6524,4068:5948
278647086185;2;5:1,13:1,19:2,43:1,157:1,1759:1;2369:6426,4452:5753
279077367816;2;2:3,3:3,13:1,31:1,67:1,109:1,439:1;722:6532,1388:6514
279344114504;2;2:3,7:4,13:1,19:1,97:1,607:1;917:6531,3248:6258
279387120250;2;2:1,5:3,7:1,31:1,37:1,181:1,769:1;1165:6525,2911:6339
279416375000;2;2:3,5:6,7:6,19:1;2310:6440,3675:6125
280738156608;2;2:6,3:9,7:1,13:1,31:1,79:1;2052:6480,4068:5976
281015802125;2;5:3,19:3,31:1,97:1,109:1;2850:6365,4845:5510
281473050824;2;2:3,7:2,19:1,37:1,271:1,3769:1;992:6546,4626:5672
282237312448;2;2:6,7:2,13:1,19:1,199:1,1831:1;768:6556,4764:5584
282558696336;2;2:4,3:2,7:1,31:1,61:1,271:1,547:1;2:6562,5171:5245
282851784000;2;2:6,3:3,5:3,19:1,41:3;820:6560,3690:6150
283339143451;2;7:2,13:4,61:1,3319:1;1755:6526,4602:5707
283399520768;2;2:9,7:1,13:1,73:1,97:1,859:1;1032:6560,4104:5984
285281265880;2;2:3,5:1,13:1,31:1,109:1,229:1,709:1;508:6582,2739:6421
285780312064;2;2:15,13:1,17:1,19:1,31:1,67:1;2200:6504,4608:5728
287917020125;2;5:3,7:1,19:1,103:1,277:1,607:1;3410:6285,3540:6245
288608867911;2;7:1,13:1,31:1,79:1,109:3;582:6607,2071:6540
288975141000;2;2:3,3:3,5:3,7:1,13:1,337:1,349:1;4050:6060,4980:5490
289106267688;2;2:3,3:3,7:3,19:1,59:3;826:6608,3717:6195
289330403544;2;2:3,3:3,7:1,13:1,19:1,31:1,67:1,373:1;100:6614,4614:5760
289983725568;2;2:15,3:3,31:1,97:1,109:1;2880:6432,4896:5568
290123757504;2;2:6,3:6,7:1,43:1,73:1,283:1;184:6620,4176:6012
290643849216;2;2:12,3:3,7:1,37:1,73:1,139:1;48:6624,5168:5344
291566151415;2;5:1,7:1,11:3,151:1,181:1,229:1;24:6631,3751:6204
291846444344;2;2:3,7:1,13:1,19:3,211:1,277:1;1406:6612,5168:5358
292417254584;2;2:3,7:1,13:1,31:3,97:1,139:1;2046:6572,3957:6131
293326731000;2;2:3,3:3,5:3,19:1,83:3;830:6640,3735:6225
294607802125;2;5:3,7:6,13:1,23:1,67:1;1060:6645,4725:5740
294813174663;2;3:12,7:1,19:1,43:1,97:1;1215:6642,4671:5778
294863535512;2;2:3,7:1,13:4,19:1,31:1,313:1;1508:6630,4758:5720
296739963000;2;2:3,3:3,5:3,13:1,37:1,73:1,313:1;2910:6480,3384:6366
296888888296;2;2:3,7:3,11:3,13:3,37:1;880:6666,5148:5434
297172433467;2;7:1,13:1,19:1,37:1,79:1,127:1,463:1;3798:6235,4776:5731
298221418432;2;2:6,7:1,19:3,37:1,43:1,61:1;1881:6631,2460:6568
299058713928;2;2:3,3:6,13:1,19:1,31:1,37:1,181:1;2034:6624,5112:5490
299140440499;2;31:1,97:4,109:1;2910:6499,4947:5626
299230880832;2;2:6,3:3,13:2,19:1,199:1,271:1;1446:6666,3364:6392
300225901248;2;2:6,3:12,7:1,13:1,97:1;108:6696,2124:6624
300694303000;2;2:3,5:3,7:1,13:1,79:1,151:1,277:1;4150:6120,4870:5700
301425614000;2;2:4,5:3,7:1,19:3,43:1,73:1;3002:6498,5225:5415
301881242817;2;3:3,7:1,11:1,31:1,43:1,97:1,1123:1;3130:6473,3585:6348
302916272832;2;2:6,3:6,19:1,31:1,73:1,151:1;1518:6690,4626:5886
303608632509;2;3:3,7:4,13:1,19:1,67:1,283:1;1694:6685,3444:6405
303948516536;2;2:3,7:1,19:1,31:3,43:1,223:1;1550:6696,5177:5487
304788877029;2;3:3,7:1,13:1,31:1,37:3,79:1;2109:6660,4181:6142
305138554461;2;3:3,13:1,17:3,19:1,67:1,139:1;357:6732,4046:6205
305928952056;2;2:3,3:3,7:1,13:1,43:1,283:1,1279:1;942:6732,3728:6334
308487913496;2;2:3,7:6,31:1,97:1,109:1;2940:6566,4998:5684
308921321233;2;7:1,19:1,73:1,97:1,331:1,991:1;177:6760,3196:6513
309278236176;2;2:4,3:3,7:1,13:1,19:3,31:1,37:1;1058:6754,1710:6726
312380554752;2;2:9,3:3,7:1,37:1,43:1,2029:1;4772:5884,5151:5601
313100849152;2;2:12,7:4,13:1,31:1,79:1;378:6790,2128:6720
313263010872;2;2:3,3:3,7:1,19:1,79:1,97:1,1423:1;1788:6750,2304:6702
314432216000;2;2:6,5:3,7:3,19:1,37:1,163:1;60:6800,2876:6624
314558311375;2;5:3,7:4,11:1,151:1,631:1;1530:6775,3031:6594
315046125000;2;2:3,3:3,5:6,17:3,19:1;850:6800,3825:6375
315582487192;2;2:3,7:1,23:3,31:1,67:1,223:1;3496:6486,3910:6348
315590464000;2;2:9,5:3,7:1,37:1,79:1,241:1;3040:6600,4080:6280
315770254254;2;2:1,3:3,7:1,13:1,19:1,31:1,79:1,1381:1;445:6809,2283:6723
315989509752;2;2:3,3:3,7:1,31:1,109:1,127:1,487:1;1045:6803,2014:6752
317215899000;2;2:3,3:3,5:3,7:1,11:3,13:1,97:1;110:6820,1452:6798
318028111137;2;3:6,11:3,31:1,97:1,109:1;2970:6633,5049:5742
318846608353;2;7:1,13:1,31:3,337:1,349:1;4185:6262,5146:5673
318894190839;2;3:6,7:4,19:1,43:1,223:1;522:6831,1575:6804
319514798232;2;2:3,3:3,7:3,19:1,61:3;854:6832,3843:6405
319940677000;2;2:3,5:3,7:1,19:1,31:1,73:1,1063:1;916:6834,4530:6100
320106255651;2;3:2,7:1,13:1,37:1,109:1,199:1,487:1;926:6835,3803:6424
320588259264;2;2:6,3:6,7:3,13:1,23:1,67:1;3378:6558,4860:5904
320916797964;2;2:2,3:3,7:1,37:1,43:1,367:1,727:1;1929:6795,5123:5713
321138556928;2;2:15,7:1,19:1,31:1,2377:1;96:6848,1362:6830
321412266000;2;2:4,3:3,5:3,7:4,37:1,67:1;2030:6790,4242:6258
322390223064;2;2:3,3:3,7:1,13:3,37:1,43:1,61:1;1846:6812,3807:6441
325278180864;2;2:9,3:3,7:1,13:1,19:1,31:1,439:1;1908:6828,4248:6288
325946128599;2;3:6,7:1,13:1,37:3,97:1;111:6882,2183:6808
326144828737;2;7:3,13:1,31:1,37:1,43:1,1483:1;2569:6762,3969:6412
326296728000;2;2:6,3:3,5:3,19:1,43:3;860:6880,3870:6450
326845837656;2;2:3,3:2,13:1,37:1,43:1,139:1,1579:1;2732:6742,4918:5924
330105601000;2;2:3,5:3,7:3,19:1,37:3;2442:6808,3885:6475
330211593621;2;3:9,7:1,13:1,19:1,31:1,313:1;1566:6885,4941:5940
330311708649;2;3:6,13:1,19:1,37:1,43:1,1153:1;441:6912,4025:6424
331103808000;2;2:9,3:3,5:3,7:1,31:1,883:1;765:6915,2152:6848
333385924032;2;2:6,3:3,7:3,43:1,103:1,127:1;4368:6300,4732:6104
333587715363;2;3:3,7:1,19:1,37:1,73:1,163:1,211:1;1179:6924,3706:6563
333645963651;2;3:6,7:4,11:1,13:1,31:1,43:1;2142:6867,2364:6843
333690898112;2;2:6,11:1,13:1,19:1,61:1,163:1,193:1;236:6936,4808:6060
333838101961;2;7:3,13:1,19:1,31:1,79:1,1609:1;252:6937,4074:6433
334321942528;2;2:18,7:1,19:1,43:1,223:1;1600:6912,5344:5664
335218318848;2;2:9,3:2,7:1,433:1,24001:1;3872:6520,4505:6247
335487652416;2;2:6,3:3,7:3,19:1,31:3;868:6944,3906:6510
336614619131;2;7:1,31:1,47:3,67:1,223:1;3572:6627,3995:6486
337115909312;2;2:6,7:1,13:1,29:1,31:3,67:1;816:6956,4112:6444
337694546663;2;31:1,97:1,101:3,109:1;3030:6767,5151:5858
337812039000;2;2:3,3:6,5:3,19:1,29:3;870:6960,3915:6525
338464121508;2;2:2,3:3,19:1,31:1,877:1,6067:1;99:6969,4041:6483
339844184000;2;2:6,5:3,19:1,487:1,4591:1;1029:6971,2940:6800
339856412021;2;7:1,37:1,41:3,79:1,241:1;3116:6765,4182:6437
340163573841;2;3:3,7:1,13:1,31:1,43:1,283:1,367:1;729:6978,5169:5868
340358716152;2;2:3,3:3,7:3,13:1,193:1,1831:1;1134:6972,4974:6012
340395328000;2;2:9,5:3,7:1,13:1,211:1,277:1;1480:6960,5440:5640
340617661839;2;3:6,7:1,13:1,43:1,97:1,1231:1;3895:6554,5400:5679
341293064301;2;3:6,7:1,37:1,43:1,127:1,331:1;1149:6978,2004:6933
342112861064;2;2:3,13:2,19:1,31:1,43:1,97:1,103:1;1912:6946,3922:6556
343295944875;2;3:3,5:3,13:1,19:1,43:1,61:1,157:1;123:7002,5555:5560
343581044625;2;3:3,5:3,7:1,13:1,19:1,97:1,607:1;3480:6705,5465:5650
343669921875;2;3:3,5:9,7:3,19:1;875:7000,2475:6900
347824717704;2;2:3,3:3,17:3,31:1,97:1,109:1;3060:6834,5202:5916
348616511523;2;3:3,7:1,17:3,37:1,73:1,139:1;51:7038,5491:5678
349595136000;2;2:12,3:3,5:3,11:3,19:1;880:7040,3960:6600
350195980771;2;7:1,13:1,19:1,31:1,97:1,193:1,349:1;1819:7008,4392:6427
351688351625;2;5:3,13:1,43:2,67:1,1747:1;1710:7025,2265:6980
351751016448;2;2:12,3:3,13:1,19:1,79:1,163:1;768:7056,4616:6328
351984160584;2;2:3,3:9,7:6,19:1;882:7056,3969:6615
352569277125;2;3:9,5:3,13:1,73:1,151:1;2970:6885,3312:6813
352976168448;2;2:9,3:3,109:1,433:1,541:1;784:7064,3672:6720
353094899976;2;2:3,3:6,7:1,13:1,19:3,97:1;114:7068,2242:6992
353099853288;2;2:3,3:5,7:1,13:1,31:3,67:1;186:7068,1392:7050
353993447880;2;2:3,3:6,5:1,31:1,79:1,4957:1;36:7074,5139:6021
354367430144;2;2:9,7:1,13:1,19:1,31:1,37:1,349:1;2168:7008,5156:6012
354374306936;2;2:3,13:1,31:1,43:1,463:1,5521:1;4067:6597,4788:6254
354617414144;2;2:9,7:1,31:1,43:1,199:1,373:1;4064:6600,5064:6080
356824761921;2;3:3,31:1,61:1,97:1,109:1,661:1;1980:7041,3288:6849
356933871567;2;3:6,7:1,13:4,31:1,79:1;2223:7020,4407:6474
357600824000;2;2:6,5:3,7:3,19:4;2508:6992,3990:6650
358155479701;2;31:1,97:1,103:3,109:1;3090:6901,5253:5974
360792088111;2;7:3,13:1,19:1,43:1,97:1,1021:1;28:7119,1743:7084
360879257375;2;5:3,7:1,13:1,19:1,109:1,15319:1;1550:7095,3540:6815
361649097000;2;2:3,3:3,5:3,19:1,89:3;890:7120,4005:6675
361706938992;2;2:4,3:3,7:1,37:1,79:1,151:1,271:1;123:7125,2774:6982
362216171304;2;2:3,3:9,13:1,19:1,67:1,139:1;378:7128,4284:6570
362266488064;2;2:8,13:1,31:1,43:1,127:1,643:1;1006:7122,3436:6852
362468617875;2;3:3,5:3,7:1,13:1,23:3,97:1;115:7130,1518:7107
365299929729;2;3:3,7:1,19:1,29:3,43:1,97:1;1305:7134,5017:6206
365335410888;2;2:3,3:3,7:4,37:1,79:1,241:1;3192:6930,4284:6594
366568537517;2;7:1,13:1,41:3,211:1,277:1;1517:7134,5576:5781
366654286152;2;2:3,3:3,7:1,11:3,19:1,43:1,223:1;1650:7128,5511:5841
368277442624;2;2:6,7:4,13:1,19:1,31:1,313:1;1624:7140,5124:6160
368688799232;2;2:9,13:3,31:1,97:1,109:1;3120:6968,5304:6032
368841525264;2;2:4,3:3,19:1,37:1,67:1,18127:1;1278:7158,2591:7057
368866837521;2;3:3,7:1,13:3,43:1,73:1,283:1;2328:7089,4524:6513
369012768768;2;2:21,3:3,7:3,19:1;896:7168,4032:6720
373977000000;2;2:6,3:9,5:6,19:1;900:7200,4050:6750
374196644731;2;7:6,13:1,19:1,79:1,163:1;784:7203,3619:6888
374964453864;2;2:3,3:2,7:1,11:3,13:1,19:1,31:1,73:1;778:7208,979:7205
377358356648;2;2:3,7:3,13:1,37:1,43:1,61:1,109:1;2218:7156,4522:6580
378921075624;2;2:3,3:3,7:6,13:1,31:1,37:1;4116:6762,5488:5978
379426642875;2;3:3,5:3,7:3,31:1,97:1,109:1;3150:7035,5355:6090
381110079168;2;2:6,3:2,7:1,13:1,73:1,103:1,967:1;1420:7232,5104:6284
381441234853;2;7:7,31:1,67:1,223:1;3724:6909,4165:6762
381710824677;2;3:9,7:1,13:4,97:1;117:7254,2301:7176
383997263624;2;2:3,13:1,19:1,31:1,73:1,79:1,1087:1;953:7263,5660:5874
384625912671;2;3:3,7:1,11:3,13:1,337:1,349:1;4455:6666,5478:6039
385402523688;2;2:3,3:6,7:1,13:1,19:1,37:1,1033:1;717:7275,2008:7226
385442523648;2;2:9,3:3,7:3,13:3,37:1;960:7272,5616:5928
386351273152;2;2:6,13:4,97:1,2179:1;1452:7264,3939:6877
387352719000;2;2:3,3:3,5:3,13:1,31:1,97:1,367:1;1460:7270,4230:6780
390370977208;2;2:3,31:1,53:3,97:1,109:1;3180:7102,5406:6148
390755150784;2;2:6,3:6,31:1,43:1,61:1,103:1;1494:7290,4380:6744
392057047207;2;7:1,37:1,43:3,79:1,241:1;3268:7095,4386:6751
393841842875;2;5:3,13:1,43:1,151:1,163:1,229:1;2595:7220,3555:7040
394039016000;2;2:6,5:3,7:1,31:1,61:3;1220:7320,2715:7205
394154173504;2;2:6,7:1,13:3,43:1,67:1,139:1;1476:7312,5184:6340
396150767558;2;2:1,7:3,13:3,31:1,61:1,139:1;1599:7319,4277:6825
397066316192;2;2:5,7:7,13:1,19:1,61:1;98:7350,4067:6909
399466944000;2;2:9,3:3,5:3,19:1,23:3;920:7360,4140:6900
400087076032;2;2:6,7:3,19:1,67:1,103:1,139:1;460:7368,5082:6454
400373876168;2;2:3,7:4,19:1,31:1,43:1,823:1;4844:6594,5040:6482
401006763584;2;2:6,7:1,17:3,19:1,43:1,223:1;1700:7344,5678:6018
401523768809;2;31:1,97:1,107:3,109:1;3210:7169,5457:6206
402657611328;2;2:6,3:3,7:4,37:1,43:1,61:1;1988:7336,2079:7329
402712790464;2;2:6,37:1,61:1,73:1,181:1,211:1;1672:7356,5155:6429
403512208281;2;3:6,7:1,13:1,73:1,97:1,859:1;1161:7380,4617:6732
403971416576;2;2:9,7:3,13:1,19:1,67:1,139:1;392:7392,2952:7232
404169719625;2;3:6,5:3,7:3,67:1,193:1;1120:7385,1305:7380
404700069312;2;2:6,3:6,7:3,11:3,19:1;924:7392,4158:6930
405134587576;2;2:3,17:3,37:1,61:1,4567:1;901:7395,2526:7300
405274625000;2;2:3,5:6,7:1,31:1,67:1,223:1;3800:7050,4250:6900
405324960768;2;2:10,3:3,7:1,13:1,19:1,61:1,139:1;2706:7278,5532:6180
405813858840;2;2:3,3:9,5:1,13:1,31:1,1279:1;972:7398,3366:7164
406902045888;2;2:6,3:6,13:1,17:1,19:1,31:1,67:1;2475:7317,5184:6444
408283682625;2;3:3,5:3,7:1,13:1,19:1,31:1,37:1,61:1;457:7418,5230:6425
409161741443;2;7:1,13:1,19:1,29:3,31:1,313:1;1682:7395,5307:6380
410050107000;2;2:3,3:6,5:3,43:1,103:1,127:1;4680:6750,5070:6540
411838546392;2;2:3,3:3,7:1,13:1,19:1,67:1,109:1,151:1;198:7440,5580:6198
412635141000;2;2:3,3:6,5:3,19:1,31:3;930:7440,4185:6975
412886984256;2;2:6,3:9,31:1,97:1,109:1;3240:7236,5508:6264
412995634623;2;3:2,11:3,13:1,37:1,229:1,313:1;110:7447,3058:7271
413381724112;2;2:4,7:1,19:1,73:1,151:1,17623:1;729:7447,4722:6754
414535127552;2;2:9,7:1,13:1,37:2,67:1,97:1;2760:7328,5078:6570
414710958753;2;3:3,7:1,13:1,31:1,41:3,79:1;2337:7380,4633:6806
415830373056;2;2:6,3:3,7:2,43:1,181:1,631:1;108:7464,795:7461
416980135936;2;2:12,7:1,13:1,19:1,97:1,607:1;1048:7464,3712:7152
417088000000;2;2:12,5:6,7:3,19:1;2640:7360,4200:7000
420050907584;2;2:6,7:1,11:3,37:1,79:1,241:1;3344:7260,4488:6908
422055081441;2;3:6,7:7,19:1,37:1;882:7497,5929:5978
422872052239;2;7:1,13:1,43:3,211:1,277:1;1591:7482,5848:6063
423375653736;2;2:3,3:3,7:3,19:1,67:3;938:7504,4221:7035
424451317563;2;3:9,7:2,13:1,97:1,349:1;342:7515,2010:7467
424462590127;2;31:1,97:1,109:4;3270:7303,5559:6322
426001495023;2;3:3,13:1,19:4,67:1,139:1;399:7524,4522:6935
426089592000;2;2:6,3:3,5:3,19:1,47:3;940:7520,4230:7050
427888521216;2;2:12,3:6,13:1,73:1,151:1;1710:7506,3168:7344
431773069429;2;13:1,19:1,37:1,97:1,571:1,853:1;1605:7534,3565:7284
432597529000;2;2:3,5:3,7:2,13:1,19:1,31:1,1153:1;1780:7530,4570:6960
432925124625;2;3:12,5:3,7:3,19:1;945:7560,2673:7452
435261542625;2;3:3,5:3,7:2,13:1,61:1,3319:1;2025:7530,5310:6585
438227951616;2;2:13,3:2,7:3,13:1,31:1,43:1;3388:7364,5272:6632
439833375000;2;2:3,3:3,5:6,19:4;950:7600,4275:7125
439895140048;2;2:4,7:1,13:1,19:1,31:1,43:1,79:1,151:1;1353:7591,4098:7186
441488653632;2;2:6,3:3,13:1,19:1,31:1,61:1,547:1;1944:7572,4791:6921
442316824712;2;2:3,7:1,37:1,43:1,103:1,157:1,307:1;1250:7608,4608:7010
442617122304;2;2:9,3:3,7:3,17:3,19:1;952:7616,4284:7140
443498571243;2;3:6,7:1,13:1,41:3,97:1;123:7626,2419:7544
445491412912;2;2:4,7:4,13:1,337:1,2647:1;1834:7602,3130:7458
445801794984;2;2:3,3:6,7:4,13:1,31:1,79:1;2394:7560,4746:6972
446211415251;2;3:3,7:1,19:1,31:3,43:1,97:1;1395:7626,5363:6634
448258839453;2;3:3,31:1,37:3,97:1,109:1;3330:7437,5661:6438
448299418112;2;2:9,7:1,13:1,31:1,211:1,1471:1;4590:7058,4808:6960
449158157000;2;2:3,5:3,7:3,19:1,41:3;2706:7544,4305:7175
449346578625;2;3:6,5:3,7:1,37:1,79:1,241:1;3420:7425,4590:7065
450169523713;2;7:4,13:1,19:1,43:1,127:1,139:1;4417:7140,5614:6489
453066181568;2;2:6,7:1,11:3,13:1,211:1,277:1;1628:7656,5984:6204
453200057856;2;2:9,3:3,7:1,13:1,19:1,67:1,283:1;1936:7640,3936:7320
453869568000;2;2:18,3:6,5:3,19:1;960:7680,4320:7200
454975312311;2;3:3,13:1,19:1,211:1,313:1,1033:1;5268:6759,6024:6183
455855758848;2;2:9,3:3,7:3,127:1,757:1;3255:7497,5820:6372
455878835776;2;2:6,7:1,13:3,31:1,67:1,223:1;3952:7332,4420:7176
456832467000;2;2:3,3:5,5:3,7:1,13:1,73:1,283:1;1311:7689,2980:7550
460483416064;2;2:12,7:3,31:1,97:1,109:1;3360:7504,5712:6496
462266311663;2;13:1,19:1,37:1,43:1,67:1,97:1,181:1;1423:7716,5392:6735
462432921048;2;2:3,3:6,7:3,19:1,23:3;966:7728,4347:7245
463540361375;2;5:3,7:4,13:3,19:1,37:1;910:7735,3490:7495
465486328125;2;3:3,5:9,7:1,13:1,97:1;125:7750,1650:7725
467239591000;2;2:3,5:3,7:1,13:1,43:1,97:1,1231:1;5095:6945,6000:6310
467369197568;2;2:21,7:1,13:1,31:1,79:1;432:7760,2432:7680
468201249000;2;2:3,3:3,5:3,19:1,97:3;970:7760,4365:7275
471212070875;2;5:3,7:3,13:1,37:1,73:1,313:1;3395:7560,3948:7427
472928249411;2;31:1,97:1,109:1,113:3;3390:7571,5763:6554
474363469125;2;3:4,5:3,7:4,13:1,19:1,79:1;3020:7645,5600:6685
476016984576;2;2:9,3:6,7:1,19:1,43:1,223:1;1800:7776,6012:6372
476049193984;2;2:10,7:1,13:3,19:1,37:1,43:1;1144:7800,3736:7512
476285890752;2;2:6,3:3,7:1,31:1,43:1,109:1,271:1;447:7809,3212:7624
476747611704;2;2:3,3:9,7:4,13:1,97:1;126:7812,2478:7728
477220141944;2;2:3,3:3,7:1,13:1,19:1,1033:1,1237:1;1793:7783,2664:7710
477845583488;2;2:7,7:1,13:1,19:1,79:1,151:1,181:1;86:7818,2367:7745
478408963851;2;3:3,7:1,13:1,31:1,43:3,79:1;2451:7740,4859:7138
481019822136;2;2:3,3:3,7:3,19:1,31:1,73:1,151:1;1771:7805,5397:6867
481269849291;2;3:3,7:2,11:3,337:1,811:1;3531:7590,4792:7187
482688562769;2;7:1,31:1,53:3,67:1,223:1;4028:7473,4505:7314
482780943792;2;2:4,3:3,7:1,31:1,37:1,181:1,769:1;1398:7830,5961:6471
483634125000;2;2:3,3:3,5:6,13:1,73:1,151:1;3300:7650,3680:7570
485587720000;2;2:6,5:4,31:1,79:1,4957:1;40:7860,5710:6690
485595306072;2;2:3,3:3,19:3,31:1,97:1,109:1;3420:7638,5814:6612
486700723089;2;3:3,7:1,19:3,37:1,73:1,139:1;57:7866,6137:6346
486805842432;2;2:9,3:5,7:1,13:1,19:1,31:1,73:1;1068:7860,5416:6896
486840094208;2;2:9,13:1,31:1,37:1,43:1,1483:1;2936:7728,4536:7328
488785417848;2;2:3,3:3,7:1,13:1,67:1,211:1,1759:1;990:7872,2796:7758
489063289806;2;2:1,3:3,7:1,13:1,181:1,271:1,2029:1;3813:7569,5067:7107
492089607000;2;2:3,3:3,5:3,19:1,67:1,103:1,139:1;5445:6915,5990:6520
492258416832;2;2:6,3:3,7:1,13:1,19:1,37:1,61:1,73:1;1644:7872,2726:7786
494780099625;2;3:3,5:3,7:1,19:1,31:3,37:1;930:7905,4145:7510
494782752016;2;2:4,7:6,31:1,61:1,139:1;1722:7882,4606:7350
494945063496;2;2:3,3:3,13:1,19:1,37:1,157:1,1597:1;1698:7884,3987:7557
496360230912;2;2:12,3:3,7:1,13:1,31:1,37:1,43:1;2592:7824,5205:7083
496867176000;2;2:6,3:3,5:3,13:1,19:1,67:1,139:1;420:7920,4760:7300
497763387000;2;2:3,3:9,5:3,11:3,19:1;990:7920,4455:7425
498323930624;2;2:9,13:1,19:1,31:1,79:1,1609:1;288:7928,4656:7352
498437885043;2;3:3,7:1,19:3,31:1,79:1,157:1;1026:7923,5358:7011
498486552625;2;5:3,23:3,31:1,97:1,109:1;3450:7705,5865:6670
499349043648;2;2:6,3:6,7:1,13:1,337:1,349:1;4860:7272,5976:6588
499788324217;2;7:1,13:1,19:1,31:4,313:1;1798:7905,5673:6820
500832990216;2;2:3,3:9,13:1,19:1,79:1,163:1;864:7938,5193:7119
501527757250;2;2:1,5:3,13:1,19:1,31:1,37:1,73:1,97:1;1317:7933,6225:6385
502577396091;2;3:9,109:1,433:1,541:1;882:7947,4131:7560
503238574592;2;2:9,13:1,19:3,73:1,151:1;1805:7923,3344:7752
503723402000;2;2:4,5:3,7:1,13:1,19:1,31:1,37:1,127:1;2265:7895,4250:7530
503821293192;2;2:3,3:3,7:3,19:1,71:3;994:7952,4473:7455
504418404672;2;2:6,3:6,7:1,13:3,19:1,37:1;936:7956,6292:6344
504558313623;2;3:6,7:1,13:1,19:1,31:1,37:1,349:1;1479:7944,2439:7884
504914247873;2;3:6,7:1,31:1,43:1,199:1,373:1;4572:7425,5697:6840
505261639701;2;3:6,7:1,13:1,19:1,31:1,67:1,193:1;3789:7668,4842:7317
507262482125;2;5:3,7:1,19:1,31:1,73:1,97:1,139:1;1250:7965,3590:7725
508057325568;2;2:12,3:3,13:1,193:1,1831:1;1296:7968,5049:7239
510657883281;2;3:2,7:1,13:1,19:1,37:1,79:1,103:1,109:1;2161:7940,4682:7417
511603955648;2;2:6,29:3,31:1,97:1,109:1;3480:7772,5916:6728
511618242681;2;3:6,7:1,13:1,43:3,97:1;129:7998,2537:7912
512374249352;2;2:3,7:1,31:1,67:1,877:1,5023:1;2092:7954,4978:7300
512568568512;2;2:6,3:3,7:1,11:3,13:1,31:1,79:1;2508:7920,4972:7304
512766656064;2;2:6,3:6,13:1,37:1,73:1,313:1;3492:7776,5848:6788
512769354363;2;3:3,7:1,37:1,73:1,919:1,1093:1;99:8004,1867:7970
513000000000;2;2:9,3:3,5:9,19:1;1000:8000,4500:7500
515566468989;2;3:3,11:3,13:1,31:1,97:1,367:1;1606:7997,4653:7458
516529703872;2;2:6,7:4,13:1,19:1,31:1,439:1;2226:7966,4956:7336
516797160488;2;2:3,7:1,19:1,37:3,43:1,223:1;1850:7992,6179:6549
517698744472;2;2:3,7:1,13:1,23:3,211:1,277:1;1702:8004,6256:6486
518147119000;2;2:3,5:3,7:3,19:1,43:3;2838:7912,4515:7525
518858902016;2;2:9,7:2,13:1,19:1,31:1,37:1,73:1;3240:7856,4688:7464
519062033763;2;3:3,7:1,13:1,31:1,103:1,109:1,607:1;6192:6555,6259:6494
519599755584;2;2:6,3:3,7:1,13:1,79:1,151:1,277:1;4980:7344,5844:6840
522182024000;2;2:6,5:3,7:2,13:1,43:1,2383:1;3320:7860,6000:6740
522328316608;2;2:6,7:1,19:1,67:1,331:1,2767:1;1224:8044,3184:7884
523608813000;2;2:3,3:3,5:3,7:1,13:4,97:1;130:8060,1716:8034
524949481719;2;3:6,13:3,31:1,97:1,109:1;3510:7839,5967:6786
525410758656;2;2:12,3:9,7:3,19:1;1008:8064,4536:7560
528544413000;2;2:3,3:3,5:3,19:1,101:3;1010:8080,4545:7575
528797478573;2;3:5,7:3,13:1,139:1,3511:1;672:8085,3373:7886
530261406584;2;2:3,7:1,13:1,31:1,61:1,67:1,5749:1;80:8094,3662:7836
536180658624;2;2:6,3:5,13:1,37:1,229:1,313:1;120:8124,3336:7932
536433006375;2;3:3,5:3,7:3,19:1,29:3;1015:8120,2871:8004
538243900012;2;2:2,7:2,13:3,31:1,61:1,661:1;655:8133,4219:7737
538266578157;2;3:6,7:1,11:3,19:1,43:1,97:1;1485:8118,5709:7062
538525097416;2;2:3,31:1,59:3,97:1,109:1;3540:7906,6018:6844
539420525875;2;5:3,7:1,11:3,31:1,67:1,223:1;4180:7755,4675:7590
544103707112;2;2:3,7:3,43:1,727:1,6343:1;2058:8120,5402:7284
544399704000;2;2:6,3:6,5:3,17:3,19:1;1020:8160,4590:7650
545979359744;2;2:9,7:1,13:1,19:1,37:1,79:1,211:1;3746:7902,4232:7776
547608338424;2;2:3,3:3,7:3,19:1,73:3;1022:8176,4599:7665
547610444101;2;7:3,37:3,43:1,733:1;3108:8029,5365:7326
547934955750;2;2:1,3:3,5:3,7:1,13:1,337:1,2647:1;1587:8163,1965:8145
548149073472;2;2:6,3:6,7:1,11:3,13:1,97:1;132:8184,2596:8096
548316712125;2;3:9,5:3,7:1,13:1,31:1,79:1;2565:8100,5085:7470
548803905741;2;3:9,7:3,13:3,37:1;1080:8181,6318:6669
549731926016;2;2:15,7:1,13:1,19:1,31:1,313:1;1856:8160,5856:7040
551244750875;2;5:3,7:2,13:1,19:1,199:1,1831:1;960:8195,5955:6980
552201002171;2;7:1,13:1,47:3,211:1,277:1;1739:8178,6392:6627
552332769317;2;7:3,17:3,31:1,97:1,109:1;3570:7973,6069:6902
553514689000;2;2:3,5:3,7:1,13:1,73:1,97:1,859:1;1290:8200,5130:7480
555144128000;2;2:9,5:3,7:3,11:3,19:1;2904:8096,4620:7700
557051016375;2;3:3,5:3,7:1,31:1,37:1,61:1,337:1;3642:7983,3680:7975
558164672000;2;2:9,5:3,13:1,17:1,19:1,31:1,67:1;2750:8130,5760:7160
558178427079;2;3:3,7:4,13:1,43:1,73:1,211:1;2583:8148,3780:7959
558567586304;2;2:9,7:3,13:1,19:1,79:1,163:1;896:8232,4136:7872
559842334912;2;2:6,7:1,19:4,43:1,223:1;1900:8208,6346:6726
560568951000;2;2:3,3:3,5:3,19:1,103:3;1030:8240,4635:7725
560592008704;2;2:9,7:1,13:1,17:3,31:1,79:1;459:8245,2584:8160
560709489249;2;3:2,7:4,13:1,31:3,67:1;217:8246,1624:8225
564582333464;2;2:3,19:1,67:1,73:1,79:1,9613:1;2388:8198,3480:8054
565619798016;2;2:12,3:3,7:3,13:1,31:1,37:1;4704:7728,6272:6832
567663768000;2;2:6,3:3,5:3,7:1,37:1,73:1,139:1;60:8280,6460:6680
569381668352;2;2:9,7:4,31:1,67:1,223:1;4256:7896,4760:7728
570422478528;2;2:6,3:3,7:3,19:1,37:3;1036:8288,4662:7770
571998458304;2;2:6,3:2,7:1,13:1,19:3,37:1,43:1;1520:8284,3838:8018
572209273792;2;2:6,13:1,19:1,157:1,307:1,751:1;1773:8275,3936:7996
575557277624;2;2:3,7:1,19:1,43:1,619:1,20323:1;348:8318,3296:8142
576828098496;2;2:6,3:3,13:1,31:1,37:1,61:1,367:1;1200:8316,6524:6688
577055232000;2;2:12,3:3,5:3,13:3,19:1;1040:8320,4680:7800
580652148043;2;11:6,31:1,97:1,109:1;3630:8107,6171:7018
582233426621;2;7:4,11:3,19:1,43:1,223:1;638:8349,1925:8316
585689497848;2;2:3,3:3,7:1,13:1,23:3,31:1,79:1;2622:8280,5198:7636
586952704000;2;2:15,5:3,13:1,73:1,151:1;1900:8340,3520:8160
587231864408;2;2:3,7:1,19:1,31:1,139:1,349:1,367:1;244:8374,6310:6952
590042345984;2;2:9,7:1,13:1,31:1,37:1,61:1,181:1;3462:8186,5268:7628
590226773409;2;3:6,7:1,13:1,37:2,67:1,97:1;3105:8244,4857:7806
593215392744;2;2:3,3:6,13:1,19:1,43:1,61:1,157:1;5853:7323,6666:6672
595167788024;2;2:3,31:1,61:3,97:1,109:1;3660:8174,6222:7076
599749629696;2;2:8,3:6,7:1,19:1,73:1,331:1;2124:8388,3966:8130
600256036107;2;3:6,7:1,13:1,19:1,37:1,61:1,211:1;5331:7656,6075:7218
602896613319;2;3:3,7:1,11:3,13:1,19:1,31:1,313:1;1914:8415,6039:7260
605213724024;2;2:3,3:3,7:1,13:3,19:1,43:1,223:1;1950:8424,6513:6903
608561147250;2;2:1,3:3,5:3,7:3,31:1,61:1,139:1;1845:8445,4935:7875
609923350521;2;3:3,31:1,41:3,97:1,109:1;3690:8241,6273:7134
610991208000;2;2:6,3:3,5:3,19:1,53:3;1060:8480,4770:7950
614125421875;2;5:6,7:3,19:1,37:1,163:1;75:8500,3595:8280
615573381969;2;3:3,7:3,13:1,19:1,439:1,613:1;714:8505,4977:7896
617934223872;2;2:9,3:3,7:3,19:4;1064:8512,4788:7980
623599356744;2;2:3,3:3,7:1,13:1,19:1,109:1,15319:1;1860:8514,4248:8178
623961282672;2;2:4,3:8,7:3,13:1,31:1,43:1;4542:8094,5931:7461
624723028839;2;3:3,7:1,13:1,31:1,47:3,79:1;2679:8460,5311:7802
624920802112;2;2:6,31:4,97:1,109:1;3720:8308,6324:7192
625143623013;2;3:3,7:1,13:1,31:1,43:1,163:1,1171:1;3366:8373,3680:8317
625737030373;2;7:7,13:1,211:1,277:1;1813:8526,6664:6909
626345771688;2;2:3,3:6,7:1,13:1,23:3,97:1;138:8556,2714:8464
627085696536;2;2:3,3:3,13:1,19:1,31:1,67:1,5659:1;1119:8553,2084:8518
627106571000;2;2:3,5:3,7:1,13:1,19:1,47:1,7717:1;3368:8382,5375:7785
628447059000;2;2:3,3:3,5:3,19:1,107:3;1070:8560,4815:8025
632591541064;2;2:3,7:1,29:3,31:1,67:1,223:1;4408:8178,4930:8004
633680567793;2;3:3,7:1,13:1,331:1,733:1,1063:1;982:8585,4881:8028
634307067576;2;2:3,3:2,7:1,13:1,19:1,73:1,223:1,313:1;776:8590,5276:7870
634338712000;2;2:6,5:3,7:3,19:1,23:3;3036:8464,4830:8050
634878384777;2;3:3,7:1,13:4,337:1,349:1;5265:7878,6474:7137
635308947000;2;2:3,3:3,5:3,7:1,13:1,19:1,31:1,439:1;2385:8535,5310:7860
636638189831;2;7:4,19:1,23:3,31:1,37:1;3824:8343,6164:7383
638301319929;2;3:6,7:1,13:1,31:1,211:1,1471:1;2328:8553,5409:7830
640162109375;2;5:9,31:1,97:1,109:1;3750:8375,6375:7250
641101507039;2;7:1,19:1,43:1,97:1,619:1,1867:1;3303:8458,5079:7990
642184365375;2;3:3,5:3,7:4,19:1,43:1,97:1;1575:8610,6055:7490
642648721176;2;2:3,3:3,7:6,11:3,19:1;1078:8624,4851:8085
643717020375;2;3:3,5:3,11:3,13:1,73:1,151:1;3630:8415,4048:8327
644417377695;2;3:6,5:1,7:3,13:1,31:1,1279:1;1134:8631,3927:8358
644748627978;2;2:1,3:3,7:1,13:1,31:1,37:1,73:1,1567:1;19:8639,765:8637
645278988627;2;3:9,7:1,13:1,19:1,67:1,283:1;2178:8595,4428:8235
646145378424;2;2:3,3:3,7:3,13:1,17:1,19:1,31:1,67:1;4401:8247,6048:7518
646232256000;2;2:9,3:12,5:3,19:1;1080:8640,4860:8100
646412121829;2;73:1,103:1,127:1,151:1,4483:1;2442:8581,5053:8028
652972544000;2;2:12,5:3,7:1,19:1,43:1,223:1;2000:8640,6680:7080
653974776000;2;2:6,3:3,5:3,7:4,13:1,97:1;140:8680,1848:8652
653984358391;2;7:4,13:1,19:1,67:1,109:1,151:1;231:8680,6510:7231
655249321125;2;3:3,5:3,7:3,19:1,31:3;1085:8680,3069:8556
655649238888;2;2:3,3:6,7:3,31:1,97:1,109:1;3780:8442,6426:7308
657641084616;2;2:3,3:5,19:3,31:1,37:1,43:1;1938:8664,4332:8322
658429510375;2;5:3,7:1,13:1,29:1,31:3,67:1;1020:8695,5140:8055
658943420408;2;2:3,7:1,13:1,31:1,67:1,103:1,4231:1;3726:8468,6702:7100
659383045048;2;2:3,7:1,13:1,17:3,19:1,31:1,313:1;1972:8670,6222:7480
661330211256;2;2:3,3:3,11:3,13:1,19:1,67:1,139:1;462:8712,5236:8030
664349877000;2;2:3,3:3,5:3,19:1,109:3;1090:8720,4905:8175
664834625000;2;2:3,5:6,7:1,13:1,211:1,277:1;1850:8700,6800:7050
665879177663;2;7:1,31:1,59:3,67:1,223:1;4484:8319,5015:8142
666294654529;2;7:1,61:1,79:1,97:1,157:1,1297:1;345:8734,3946:8457
667957123843;2;19:1,37:1,43:1,241:1,277:1,331:1;1523:8726,3740:8507
668013562944;2;2:6,3:6,7:3,13:3,19:1;1092:8736,4914:8190
668088857709;2;3:6,7:1,13:1,47:3,97:1;141:8742,2773:8648
668551046625;2;3:6,5:3,7:1,11:1,151:1,631:1;3897:8478,5345:8020
669776226327;2;3:3,13:1,19:3,37:1,73:1,103:1;2778:8655,4028:8455
671384157229;2;31:1,97:1,109:1,127:3;3810:8509,6477:7366
672967657999;2;7:1,13:1,19:1,31:1,109:1,127:1,907:1;3168:8623,6436:7407
676614491000;2;2:3,5:3,7:3,19:1,47:3;3102:8648,4935:8225
677812231278;2;2:1,3:6,7:1,13:3,19:1,37:1,43:1;1287:8775,4203:8451
679471123968;2;2:9,3:3,7:3,13:1,73:1,151:1;1995:8757,3696:8568
681706543401;2;3:2,13:4,37:1,229:1,313:1;130:8801,3614:8593
682803000000;2;2:6,3:3,5:6,11:3,19:1;1100:8800,4950:8250
687013704000;2;2:6,3:3,5:3,13:1,19:1,79:1,163:1;960:8820,5770:7910
687368830976;2;2:21,31:1,97:1,109:1;3840:8576,6528:7424
689406579000;2;2:3,3:3,5:3,109:1,433:1,541:1;980:8830,4590:8400
692123887000;2;2:3,5:3,7:1,13:1,19:1,31:1,37:1,349:1;2710:8760,6445:7515
692387713647;2;3:2,7:2,19:1,31:1,127:1,139:1,151:1;3092:8719,6988:7055
692612137000;2;2:3,5:3,7:1,31:1,43:1,199:1,373:1;5080:8250,6330:7600
693176618511;2;3:6,13:1,31:1,37:1,43:1,1483:1;3303:8694,5103:8244
694037195208;2;2:3,3:3,7:3,19:1,79:3;1106:8848,4977:8295
695036200768;2;2:6,7:1,13:1,19:1,43:3,79:1;86:8858,5504:8084
698405275512;2;2:3,3:9,7:3,67:1,193:1;1344:8862,1566:8856
700298849880;2;2:3,3:3,5:1,7:1,31:1,67:1,103:1,433:1;3699:8661,4518:8472
701594703000;2;2:3,3:6,5:3,19:1,37:3;1110:8880,4995:8325
701709158943;2;3:3,13:1,19:1,67:1,79:1,103:1,193:1;2650:8807,5303:8206
702909667369;2;7:1,13:3,19:1,31:1,73:1,1063:1;820:8889,5889:7930
703180011016;2;2:3,7:1,19:1,41:3,43:1,223:1;2050:8856,6847:7257
703383616000;2;2:9,5:3,13:1,37:1,73:1,313:1;3880:8640,4512:8488
705514203576;2;2:3,3:6,7:1,13:1,19:1,31:1,37:1,61:1;675:8901,6276:7710
706731656904;2;2:3,3:9,7:1,13:1,31:1,37:1,43:1;1308:8898,2916:8802
707345394184;2;2:3,11:3,13:1,43:1,151:1,787:1;1761:8887,3586:8712
707916739257;2;3:3,7:7,13:1,31:1,79:1;2793:8820,5537:8134
708667674624;2;2:12,3:3,7:1,13:1,67:1,1051:1;3567:8721,4624:8480
708879914496;2;2:9,3:3,13:1,19:1,31:1,37:1,181:1;2712:8832,6816:7320
709527627783;2;3:6,13:1,19:1,31:1,79:1,1609:1;324:8919,5238:8271
711646580736;2;2:12,3:9,7:1,13:1,97:1;144:8928,2832:8832
712234121417;2;7:5,13:1,41:1,43:3;3612:8729,6398:7665
718023757824;2;2:12,3:3,19:1,31:1,73:1,151:1;2024:8920,6168:7848
719291880125;2;5:3,7:4,13:1,19:1,31:1,313:1;2030:8925,6405:7700
724380929064;2;2:3,3:2,13:1,19:1,31:1,421:1,3121:1;1129:8975,6413:7723
726060699000;2;2:3,3:3,5:3,7:1,13:1,19:1,103:1,151:1;5240:8350,6876:7374
726089886648;2;2:3,3:3,7:4,19:1,31:1,2377:1;126:8988,6990:7272
726575747625;2;3:3,5:3,7:1,13:1,29:3,97:1;145:8990,1914:8961
726641895681;2;3:6,13:1,19:1,31:1,349:1,373:1;1086:8985,1920:8961
735917117257;2;7:1,31:1,61:3,67:1,223:1;4636:8601,5185:8418
736728051059;2;7:1,11:3,13:1,73:1,97:1,859:1;1419:9020,5643:8228
736841050433;2;31:1,97:1,109:1,131:3;3930:8777,6681:7598
737180670464;2;2:9,7:1,19:1,61:1,103:1,1723:1;4554:8630,5480:8304
737871322041;2;3:3,7:2,19:3,31:1,43:1,61:1;1406:9025,5281:8390
738567839744;2;2:13,7:3,31:1,61:1,139:1;1968:9008,5264:8400
738765897597;2;3:6,7:2,13:1,19:1,31:1,37:1,73:1;3645:8838,5274:8397
740206161000;2;2:3,3:3,5:3,19:1,113:3;1130:9040,5085:8475
742917178432;2;2:6,11:3,13:1,17:1,19:1,31:1,67:1;3025:8943,6336:7876
744355623375;2;3:2,5:3,7:1,13:1,73:1,103:1,967:1;1775:9040,6380:7855
746637672248;2;2:3,13:3,19:1,487:1,4591:1;110:9072,3822:8840
747203189824;2;2:6,7:1,13:1,31:1,43:1,109:1,883:1;4968:8548,6066:8062
747528530112;2;2:6,3:3,7:2,13:1,19:1,31:1,1153:1;2136:9036,5484:8352
747848535616;2;2:6,7:1,13:4,211:1,277:1;1924:9048,7072:7332
748094615352;2;2:3,3:15,7:3,19:1;1134:9072,5103:8505
748492454528;2;2:7,7:1,13:1,19:1,31:1,79:1,1381:1;1037:9075,3044:8964
750546223128;2;2:3,3:3,13:3,31:1,163:1,313:1;585:9087,4470:8712
752149125000;2;2:3,3:3,5:6,7:1,13:1,31:1,79:1;2850:9000,5650:8300
752583168512;2;2:9,7:1,19:1,61:1,103:1,1759:1;176:9096,633:9095
753844411584;2;2:6,3:3,11:3,31:1,97:1,109:1;3960:8844,6732:7656
755560475208;2;2:3,3:3,7:1,11:3,37:1,73:1,139:1;66:9108,7106:7348
755672866299;2;3:3,13:1,19:1,23:3,67:1,139:1;483:9108,5474:8395
756661910832;2;2:4,3:6,43:1,97:1,103:1,151:1;1374:9102,5643:8325
757057550067;2;3:6,7:7,13:1,97:1;147:9114,2891:9016
757609496000;2;2:6,5:3,7:1,19:1,31:1,103:1,223:1;384:9116,6780:7640
758683723833;2;3:3,7:1,19:1,37:3,43:1,97:1;1665:9102,6401:7918
759912910848;2;2:12,3:3,7:3,13:1,23:1,67:1;4504:8744,6480:7872
760032072000;2;2:6,3:6,5:3,19:4;1140:9120,5130:8550
764184232448;2;2:9,7:1,13:3,37:1,43:1,61:1;2574:9074,5076:8588
766191808837;2;7:1,13:1,43:1,307:1,571:1,1117:1;4404:8797,7132:7389
766718533000;2;2:3,5:3,7:9,19:1;3234:9016,5145:8575
769318322589;2;3:6,19:1,37:1,1087:1,1381:1;621:9162,3429:9000
769832370125;2;5:3,7:1,13:3,43:1,67:1,139:1;1845:9140,6480:7925
770086598463;2;3:3,7:1,13:1,373:1,823:1,1021:1;23:9166,7167:7380
771029762048;2;2:15,7:1,13:1,19:1,31:1,439:1;2544:9104,5664:8384
771107361031;2;7:3,19:3,31:1,97:1,109:1;3990:8911,6783:7714
771857097408;2;2:6,3:5,43:1,73:1,97:1,163:1;5452:8480,5514:8454
772706326616;2;2:3,7:1,31:4,67:1,223:1;4712:8742,5270:8556
774672503913;2;3:6,7:2,11:1,103:1,19141:1;1017:9180,6969:7584
776145295296;2;2:6,3:3,7:3,19:1,41:3;1148:9184,5166:8610
777380768073;2;3:6,7:1,13:1,19:1,37:1,79:1,211:1;4065:8922,4761:8748
780208875000;2;2:3,3:3,5:6,19:1,23:3;1150:9200,5175:8625
787215496184;2;2:3,13:1,19:3,31:1,97:1,367:1;857:9231,5358:8588
788378535432;2;2:3,3:3,19:1,577:3;1154:9232,5193:8655
788631865352;2;2:3,31:1,67:3,97:1,109:1;4020:8978,6834:7772
789006673000;2;2:3,5:3,7:3,13:1,19:1,67:1,139:1;490:9240,3690:9040
789649706853;2;3:6,7:1,19:1,37:1,43:1,5119:1;1213:9236,6021:8298
790044303223;2;7:4,19:1,103:1,277:1,607:1;4774:8799,4956:8743
790429822875;2;3:6,5:3,7:3,11:3,19:1;1155:9240,3267:9108
790864506432;2;2:6,3:3,7:4,11:1,13:1,31:1,43:1;2856:9156,3152:9124
791828675729;2;7:1,13:1,53:3,211:1,277:1;1961:9222,7208:7473
792947786904;2;2:3,3:3,7:4,13:1,337:1,349:1;5670:8484,6972:7686
795304239093;2;3:6,7:3,13:1,19:1,79:1,163:1;1008:9261,4653:8856
798186668643;2;3:6,7:1,13:1,17:3,31:1,79:1;2907:9180,5763:8466
798882501816;2;2:3,3:5,7:1,19:1,37:3,61:1;604:9278,3552:9102
800739648000;2;2:9,3:3,5:3,19:1,29:3;1160:9280,5220:8700
800997744456;2;2:3,3:3,7:4,13:3,19:1,37:1;1092:9282,4188:8994
802285325056;2;2:8,19:1,31:1,877:1,6067:1;132:9292,5388:8644
804888549864;2;2:3,3:3,7:3,19:1,83:3;1162:9296,5229:8715
806419891125;2;3:9,5:3,31:1,97:1,109:1;4050:9045,6885:7830
806776216064;2;2:9,7:3,13:1,193:1,1831:1;1512:9296,6632:8016
807390013248;2;2:6,3:3,7:1,13:1,43:1,97:1,1231:1;6114:8334,7200:7572
808403809031;2;7:9,13:1,23:1,67:1;1484:9303,6615:8036
808990967232;2;2:6,3:3,7:1,37:1,43:1,127:1,331:1;1532:9304,2672:9244
811185750872;2;2:3,7:1,19:1,43:4,223:1;2150:9288,7181:7611
814098328056;2;2:3,3:3,13:1,19:1,139:1,151:1,727:1;1518:9324,4000:9086
814414328000;2;2:6,5:3,7:1,13:1,19:1,97:1,607:1;1310:9330,4640:8940
814625000000;2;2:6,5:9,7:3,19:1;3300:9200,5250:8750
819700074648;2;2:3,3:7,7:4,13:1,19:1,79:1;3624:9174,6720:8022
821627469000;2;2:3,3:9,5:3,13:3,19:1;1170:9360,5265:8775
824473404928;2;2:9,17:3,31:1,97:1,109:1;4080:9112,6936:7888
829260033875;2;5:3,7:1,13:1,271:1,367:1,733:1;90:9395,3635:9210
834332825088;2;2:9,3:6,7:6,19:1;1176:9408,5292:8820
835719768000;2;2:6,3:6,5:3,13:1,73:1,151:1;3960:9180,4416:9084
840262530744;2;2:3,3:3,7:1,13:1,103:1,181:1,2293:1;3742:9236,5262:8856
842794373339;2;31:1,97:1,109:1,137:3;4110:9179,6987:7946
842875416000;2;2:6,3:3,5:3,19:1,59:3;1180:9440,5310:8850
843910625376;2;2:5,3:6,7:4,13:1,19:1,61:1;126:9450,5229:8883
844439924601;2;3:3,7:2,13:1,97:1,439:1,1153:1;928:9449,5457:8802
845806843072;2;2:6,31:1,61:1,97:1,109:1,661:1;2640:9388,4384:9132
846065473344;2;2:6,3:3,7:1,13:4,31:1,79:1;2964:9360,5876:8632
848483790336;2;2:9,3:3,7:1,13:4,307:1;1293:9459,7046:7930
849779396011;2;7:1,13:1,19:1,31:1,37:3,313:1;2146:9435,6771:8140
849922490368;2;2:18,7:1,31:1,67:1,223:1;4864:9024,5440:8832
850330840896;2;2:6,3:6,19:1,67:1,103:1,139:1;6534:8298,7188:7824
851013923643;2;3:3,13:4,31:1,97:1,367:1;1898:9451,5499:8814
851435027352;2;2:3,3:2,7:3,13:1,37:1,229:1,313:1;140:9478,3892:9254
853593664833;2;3:9,7:1,13:1,17:3,97:1;153:9486,3009:9384
855913968000;2;2:7,3:2,5:3,7:3,13:1,31:1,43:1;4235:9205,6590:8290
858586480128;2;2:9,3:6,13:1,19:1,67:1,139:1;504:9504,5712:8760
861384762936;2;2:3,3:3,23:3,31:1,97:1,109:1;4140:9246,7038:8004
862706500929;2;3:3,7:4,13:1,37:1,73:1,379:1;1218:9513,6273:8508
863345633157;2;3:3,7:1,23:3,37:1,73:1,139:1;69:9522,7429:7682
864166332393;2;3:5,7:1,13:1,19:1,31:1,43:1,1543:1;2532:9465,4782:9105
865703718152;2;2:3,7:1,13:3,31:1,61:3;1586:9516,7503:7625
866639964528;2;2:4,3:3,13:1,19:1,31:1,37:1,73:1,97:1;5714:8794,7470:7662
869106456064;2;2:9,7:1,11:3,19:1,43:1,223:1;2200:9504,7348:7788
873688944492;2;2:2,3:3,7:1,13:2,37:1,421:1,439:1;5169:9027,7307:7849
874096600104;2;2:3,3:3,7:1,13:1,19:1,67:1,181:1,193:1;1713:9543,5052:9066
874351022272;2;2:6,7:1,13:3,43:1,73:1,283:1;3104:9452,6032:8684
878260912704;2;2:6,3:3,7:2,31:1,313:1,1069:1;3396:9432,6690:8334
880206609464;2;2:3,7:1,13:1,19:1,79:1,397:1,2029:1;5406:8972,6848:8238
880246540297;2;31:1,97:1,109:1,139:3;4170:9313,7089:8062
884894885875;2;5:3,7:1,11:3,13:1,211:1,277:1;2035:9570,7480:7755
885884715982;2;2:1,7:3,17:3,31:1,61:1,139:1;2091:9571,5593:8925
886464000000;2;2:12,3:6,5:6,19:1;1200:9600,5400:9000
886736074376;2;2:3,19:3,31:1,37:1,73:1,193:1;1501:9595,5218:9064
887507404875;2;3:3,5:3,7:1,13:1,31:3,97:1;155:9610,2046:9579
888483600459;2;3:6,7:1,13:3,19:1,43:1,97:1;1755:9594,6747:8346
890388351125;2;5:3,7:1,13:3,31:1,67:1,223:1;4940:9165,5525:8970
895358221632;2;2:6,3:3,7:3,19:1,43:3;1204:9632,5418:9030
895821642261;2;3:3,7:1,13:1,31:1,53:3,79:1;3021:9540,5989:8798
898099269704;2;2:3,7:1,13:1,19:1,31:1,43:1,67:1,727:1;2610:9584,7584:7730
900880085079;2;3:6,13:3,43:1,103:1,127:1;6084:8775,6591:8502
903680773632;2;2:9,3:2,7:4,13:1,61:1,103:1;220:9668,7168:8120
904796028864;2;2:6,3:6,7:1,13:4,97:1;156:9672,3068:9568
908810793000;2;2:3,3:3,5:3,11:6,19:1;1210:9680,5445:9075
912830464000;2;2:15,5:3,7:1,13:1,31:1,79:1;540:9700,3040:9600
913546722816;2;2:9,3:3,7:1,13:1,19:1,37:1,1033:1;956:9700,6206:8770
914415240024;2;2:3,3:3,11:3,13:1,19:1,79:1,163:1;1056:9702,6347:8701
916342336000;2;2:9,5:3,7:3,13:3,19:1;3432:9568,5460:9100
917921954313;2;3:3,7:1,13:1,31:1,139:1,277:1,313:1;1089:9714,3342:9585
918150453640;2;2:3,5:1,7:3,181:1,331:1,1117:1;3052:9618,4287:9433
918792124623;2;3:3,31:1,47:3,97:1,109:1;4230:9447,7191:8178
918873386496;2;2:9,3:3,13:1,19:1,439:1,613:1;816:9720,5688:9024
920559394664;2;2:3,7:1,13:1,19:4,31:1,313:1;2204:9690,6954:8360
921866754347;2;7:1,11:3,31:1,43:1,199:1,373:1;5588:9075,6963:8360
922501018439;2;7:1,11:3,13:1,19:1,31:1,67:1,193:1;4631:9372,5918:8943
926234431488;2;2:12,3:3,31:1,43:1,61:1,103:1;1992:9720,5840:8992
926956235016;2;2:3,3:6,7:3,19:1,29:3;1218:9744,5481:9135
929568644424;2;2:3,3:6,7:1,19:1,31:1,67:1,577:1;1986:9732,6248:8818
929720673000;2;2:3,3:6,5:3,7:1,19:1,43:1,223:1;2250:9720,7515:7965
929783582000;2;2:4,5:3,7:1,13:3,19:1,37:1,43:1;1430:9750,4670:9390
931530024000;2;2:6,3:3,5:3,19:1,61:3;1220:9760,5490:9150
932599787301;2;3:5,7:1,13:1,103:1,241:1,1699:1;2325:9726,6726:8565
934044780032;2;2:9,7:4,13:1,211:1,277:1;2072:9744,7616:7896
934498122103;2;7:3,13:3,31:1,109:1,367:1;1615:9762,6951:8428
938479864744;2;2:3,31:1,71:3,97:1,109:1;4260:9514,7242:8236
940275090027;2;3:2,7:1,13:1,19:1,31:1,37:1,139:1,379:1;3251:9676,5659:9122
941886116379;2;3:6,13:1,31:1,67:1,109:1,439:1;1083:9798,2082:9771
942786386451;2;3:3,7:4,13:1,19:1,97:1,607:1;4872:9387,7651:7910
943030265625;2;3:3,5:6,7:6,19:1;1225:9800,3465:9660
947491278552;2;2:3,3:12,7:1,13:1,31:1,79:1;3078:9720,6102:8964
952380199008;2;2:5,3:3,7:4,19:1,73:1,331:1;2478:9786,4627:9485
954624771000;2;2:3,3:6,5:3,19:1,41:3;1230:9840,5535:9225
956473382592;2;2:6,3:3,7:1,13:1,73:1,97:1,859:1;1548:9840,6156:8976
956774293839;2;3:6,7:1,13:1,19:1,43:1,127:1,139:1;5679:9180,7218:8343
958006076391;2;3:6,7:1,13:1,53:3,97:1;159:9858,3127:9752
958446858941;2;11:3,13:3,31:1,97:1,109:1;4290:9581,7293:8294
959289053184;2;2:12,3:3,7:3,11:3,19:1;1232:9856,5544:9240
961056978427;2;7:4,13:3,19:1,43:1,223:1;754:9867,2275:9828
964508553216;2;2:12,3:3,13:1,17:1,19:1,31:1,67:1;3300:9756,6912:8592
964807466616;2;2:3,3:2,7:1,97:1,157:1,337:1,373:1;4622:9532,7556:8110
966774937024;2;2:6,13:1,37:1,67:1,73:1,6421:1;28:9888,6174:9010
970231409000;2;2:3,5:3,7:3,19:1,53:3;3498:9752,5565:9275
970443703125;2;3:3,5:6,13:1,19:1,67:1,139:1;525:9900,5950:9125
975132896311;2;7:1,31:1,67:4,223:1;5092:9447,5695:9246
975291100875;2;3:6,5:3,7:1,13:1,337:1,349:1;6075:9090,7470:8235
976195584000;2;2:15,3:3,5:3,7:1,13:1,97:1;160:9920,2112:9888
976490111961;2;3:6,7:1,13:1,19:1,31:1,67:1,373:1;150:9921,6921:8640
976962998375;2;5:3,7:4,13:1,241:1,1039:1;1463:9912,7250:8415
978098112000;2;2:9,3:3,5:3,19:1,31:3;1240:9920,5580:9300
978695073792;2;2:12,3:6,31:1,97:1,109:1;4320:9648,7344:8352
982399915072;2;2:6,19:1,37:1,97:1,163:1,1381:1;2500:9888,4804:9552
985192196625;2;3:6,5:3,7:1,13:3,19:1,37:1;1170:9945,7865:7930
985671995392;2;2:12,7:2,43:1,181:1,631:1;144:9952,1060:9948
989681219072;2;2:9,7:1,13:3,37:1,43:1,79:1;2840:9888,6396:8996
992365122168;2;2:3,3:3,7:3,19:1,89:3;1246:9968,5607:9345
993089617856;2;2:6,7:1,19:1,23:3,43:1,223:1;2300:9936,7682:8142
995164432353;2;3:3,7:1,13:4,19:1,31:1,313:1;2262:9945,7137:8580
998457608512;2;2:6,7:2,13:1,19:1,31:1,43:1,967:1;6486:8986,7425:8383
999226475875;2;5:3,29:3,31:1,97:1,109:1;4350:9715,7395:8410
1001110485375;2;3:3,5:3,7:1,11:3,13:1,31:1,79:1;3135:9900,6215:9130
1001953125000;2;2:3,3:3,5:12,19:1;1250:10000,5625:9375
1006497287208;2;2:3,3:3,7:1,19:3,37:1,43:1,61:1;2698:9956,3690:9852
1009020966408;2;2:3,3:9,7:1,13:1,67:1,1051:1;3202:9920,5202:9540
1009101634840;2;2:3,5:1,13:1,19:1,31:1,43:1,193:1,397:1;3436:9894,7531:8349
1009323159507;2;3:9,13:1,19:1,31:1,37:1,181:1;3051:9936,7668:8235
1012815983296;2;2:6,13:2,19:1,73:1,181:1,373:1;775:10041,3916:9840
1013262416712;2;2:3,3:15,7:1,13:1,97:1;162:10044,3186:9936
1013396293000;2;2:3,5:3,7:2,13:1,19:1,31:1,37:1,73:1;4050:9820,5860:9330
1014254272512;2;2:18,3:3,13:1,73:1,151:1;2280:10008,4224:9792
1015182296875;2;5:6,37:1,43:1,97:1,421:1;475:10050,6667:8958
1018197530623;2;7:1,13:1,19:1,31:1,37:1,67:1,79:1,97:1;447:10060,4876:9663
1019450487104;2;2:6,7:1,17:3,31:1,67:1,223:1;5168:9588,5780:9384
1020043031768;2;2:3,31:1,73:3,97:1,109:1;4380:9782,7446:8468
1020172493375;2;5:3,7:1,19:1,67:1,331:1,2767:1;1530:10055,3980:9855
1025123690493;2;3:2,7:1,19:3,37:1,97:1,661:1;685:10082,5149:9614
1032302942181;2;3:3,7:1,19:1,41:3,43:1,97:1;1845:10086,7093:8774
1032510213189;2;3:6,7:1,13:1,43:1,283:1,1279:1;1413:10098,5592:9501
1037737706824;2;2:3,7:1,13:1,29:3,211:1,277:1;2146:10092,7888:8178
1037945008000;2;2:7,5:3,43:1,97:1,103:1,151:1;6270:9250,7461:8539
1041507964224;2;2:6,3:2,7:3,13:1,31:1,103:1,127:1;532:10136,7732:8336
1046491623424;2;2:12,13:1,19:1,31:1,61:1,547:1;2592:10096,6388:9228
1050167881763;2;7:3,11:3,13:1,19:1,67:1,139:1;539:10164,4059:9944
1050820479000;2;2:3,3:3,5:3,19:1,127:3;1270:10160,5715:9525
1055306341000;2;2:3,5:3,19:1,37:1,1087:1,1381:1;690:10180,3810:10000
1057262661693;2;3:6,7:1,19:1,79:1,97:1,1423:1;2682:10125,3456:10053
1059274506808;2;2:3,7:1,19:1,43:1,47:3,223:1;2350:10152,7849:8319
1059841265427;2;3:5,7:1,19:1,31:1,43:1,73:1,337:1;578:10195,2328:10155
1060780796712;2;2:3,3:3,7:6,13:3,19:1;1274:10192,5733:9555
1062539471296;2;2:6,31:1,37:3,97:1,109:1;4440:9916,7548:8584
1062544172625;2;3:3,5:3,13:4,73:1,151:1;4290:9945,4784:9841
1062650897000;2;2:3,5:3,7:2,11:1,103:1,19141:1;797:10203,1130:10200
1062895860936;2;2:3,3:3,7:3,13:1,31:1,97:1,367:1;2044:10178,5922:9492
1063159971328;2;2:9,7:2,13:1,41:1,43:3;4128:9976,7312:8760
1066284108864;2;2:6,3:6,13:1,19:1,67:1,1381:1;729:10215,2468:10168
1067526787752;2;2:3,3:3,19:1,31:1,751:1,11173:1;3428:10090,4149:9987
1071549081729;2;3:6,7:1,19:1,61:1,103:1,1759:1;198:10233,5006:9817
1073680582403;2;11:3,13:1,19:1,37:1,61:1,1447:1;2563:10186,6787:9130
1073695168000;2;2:9,5:3,7:1,13:1,19:1,31:1,313:1;2320:10200,7320:8800
1075838976000;2;2:24,3:3,5:3,19:1;1280:10240,5760:9600
1080702016849;2;7:3,13:1,43:1,151:1,163:1,229:1;3633:10108,4977:9856
1081985375016;2;2:3,3:9,7:3,13:1,23:1,67:1;5067:9837,7290:8856
1083842629632;2;2:12,3:3,7:1,19:1,31:1,2377:1;144:10272,2043:10245
1083985470568;2;2:3,7:1,11:3,13:1,19:1,97:1,607:1;1441:10263,5104:9834
1084265875000;2;2:3,5:6,7:3,11:3,19:1;3630:10120,5775:9625
1090952317000;2;2:3,5:3,7:3,13:1,19:1,79:1,163:1;1120:10290,5170:9840
1091617185672;2;2:3,3:3,13:4,19:1,67:1,139:1;546:10296,6188:9490
1092344563583;2;7:1,13:1,59:3,211:1,277:1;2183:10266,8024:8319
1096137294336;2;2:9,3:3,7:3,19:1,23:3;1288:10304,5796:9660
1101251457000;2;2:3,3:6,5:3,19:1,43:3;1290:10320,5805:9675
1104726168000;2;2:6,3:3,5:3,7:3,13:1,31:1,37:1;5880:9660,7840:8540
1108718296875;2;3:3,5:6,7:1,37:1,73:1,139:1;75:10350,8075:8350
1110482533944;2;2:3,3:2,7:4,31:1,43:1,61:1,79:1;4664:10030,6172:9566
1112073571000;2;2:3,5:3,7:4,31:1,67:1,223:1;5320:9870,5950:9660
1114106403375;2;3:3,5:3,7:3,19:1,37:3;1295:10360,3663:10212
1114342023249;2;3:6,7:1,13:1,19:3,31:1,79:1;3249:10260,6441:9462
1119010301864;2;2:3,7:2,13:1,37:1,103:1,157:1,367:1;1242:10376,5568:9818
1119367133696;2;2:9,7:1,31:1,73:1,79:1,1747:1;3760:10216,7444:8908
1125675049408;2;2:6,7:3,13:1,19:1,31:1,37:1,181:1;3164:10304,7952:8540
1126206781128;2;2:3,3:3,11:1,13:1,19:1,61:1,163:1,193:1;354:10404,7212:9090
1126617379875;2;3:3,5:3,13:1,31:1,37:1,61:1,367:1;1500:10395,8155:8360
1127061000000;2;2:6,3:3,5:6,13:3,19:1;1300:10400,5850:9750
1128336556032;2;2:15,3:3,7:1,19:1,43:1,223:1;2400:10368,8016:8496
1129636766951;2;7:1,11:1,67:1,157:1,1051:1,1327:1;1151:10410,4463:10134
1130068412928;2;2:9,3:6,7:4,13:1,97:1;168:10416,3304:10304
1132270826904;2;2:3,3:6,7:3,19:1,31:3;1302:10416,5859:9765
1144369644544;2;2:10,7:1,31:1,37:1,181:1,769:1;1864:10440,7948:8628
1144489472000;2;2:12,5:3,7:6,19:1;3696:10304,5880:9800
1146392000000;2;2:9,5:6,13:1,73:1,151:1;2375:10425,4400:10200
1151040725504;2;2:9,19:3,31:1,97:1,109:1;4560:10184,7752:8816
1152957498875;2;5:3,7:4,13:1,19:1,103:1,151:1;1530:10475,8022:8603
1153270683000;2;2:3,3:3,5:3,19:1,131:3;1310:10480,5895:9825
1156252260527;2;7:1,13:1,19:1,31:1,41:3,313:1;2378:10455,7503:9020
1158602471936;2;2:9,7:1,13:1,67:1,211:1,1759:1;1320:10496,3728:10344
1159261131392;2;2:7,7:1,13:1,181:1,271:1,2029:1;5084:10092,6756:9476
1160417970467;2;7:1,31:1,67:1,71:3,223:1;5396:10011,6035:9798
1165581157832;2;2:3,7:2,13:2,19:1,277:1,3343:1;2:10524,7506:9056
1167270776000;2;2:6,5:3,7:1,19:1,31:1,43:1,823:1;6920:9420,7200:9260
1169189840448;2;2:6,3:3,7:3,19:1,47:3;1316:10528,5922:9870
1169330295744;2;2:6,3:3,13:4,19:1,29:1,43:1;4764:10200,8065:8639
1170910377000;2;2:3,3:3,5:3,7:1,13:1,17:3,97:1;170:10540,2244:10506
1172905843625;2;5:3,31:1,103:3,277:1;2369:10506,6180:9785
1173203113472;2;2:9,13:1,19:1,37:1,157:1,1597:1;2264:10512,5316:10076
1174026560616;2;2:3,3:3,7:1,13:1,29:3,31:1,79:1;3306:10440,6554:9628
1176557584384;2;2:18,7:1,13:1,31:1,37:1,43:1;3456:10432,6940:9444
1179308114432;2;2:9,7:1,19:1,103:1,277:1,607:1;5456:10056,5664:9992
1179883584000;2;2:9,3:6,5:3,11:3,19:1;1320:10560,5940:9900
1181482394176;2;2:6,7:1,19:3,31:1,79:1,157:1;1368:10564,7144:9348
1183642177536;2;2:12,3:3,7:1,13:1,337:1,349:1;6480:9696,7968:8784
1184002843968;2;2:6,3:3,7:1,31:1,37:1,61:1,1399:1;5240:10132,8244:8544
1187159680512;2;2:9,3:6,13:1,19:1,79:1,163:1;1152:10584,6924:9492
1187963665408;2;2:10,13:1,79:3,181:1;996:10588,6952:9480
1190860695927;2;3:3,7:1,19:1,43:4,97:1;1935:10578,7439:9202
1191695287419;2;3:9,7:1,13:1,19:3,97:1;171:10602,3363:10488
1191712004847;2;3:8,7:1,13:1,31:3,67:1;279:10602,2088:10575
1194312559895;2;5:1,7:1,13:1,37:1,79:1,331:1,2713:1;978:10607,3039:10526
1196833772736;2;2:6,3:3,7:1,31:1,43:1,199:1,373:1;6096:9900,7596:9120
1197077005432;2;2:3,7:3,11:3,31:1,97:1,109:1;4620:10318,7854:8932
1204284030976;2;2:18,13:1,193:1,1831:1;1728:10624,6732:9652
1206713557504;2;2:9,7:6,13:1,23:1,67:1;1696:10632,7560:9184
1207238624137;2;7:1,13:1,61:3,211:1,277:1;2257:10614,8296:8601
1214977347584;2;2:12,7:1,11:3,13:1,31:1,79:1;594:10670,3344:10560
1215382241619;2;3:3,7:1,13:1,19:1,67:1,73:1,5323:1;4227:10446,5955:10014
1215453284416;2;2:6,7:1,37:1,73:1,919:1,1093:1;132:10672,7045:9531
1216071771733;2;7:1,13:4,73:1,97:1,859:1;1677:10660,6669:9724
1216851380416;2;2:6,7:1,31:1,43:1,73:1,103:1,271:1;1900:10656,2124:10648
1220548441625;2;5:3,31:4,97:1,109:1;4650:10385,7905:8990
1222479578151;2;3:12,13:1,19:1,67:1,139:1;567:10692,6426:9855
1222649397216;2;2:5,3:3,13:1,31:1,43:1,127:1,643:1;1509:10683,5154:10278
1226287784384;2;2:6,13:4,17:1,19:1,31:1,67:1;3575:10569,7488:9308
1234331352000;2;2:6,3:3,5:3,19:1,67:3;1340:10720,6030:10050
1235805081147;2;3:3,7:1,13:1,31:1,59:3,79:1;3363:10620,6667:9794
1236776565626;2;2:1,7:3,19:3,31:1,61:1,139:1;2337:10697,6251:9975
1244324697408;2;2:6,3:3,13:3,31:1,97:1,109:1;4680:10452,7956:9048
1245418094592;2;2:18,3:6,7:3,19:1;1344:10752,6048:10080
1247157298296;2;2:3,3:3,7:1,13:3,37:1,73:1,139:1;78:10764,8398:8684
1252941968287;2;43:1,61:1,103:1,109:1,157:1,271:1;6687:9844,8530:8583
1253445875136;2;2:6,3:2,7:3,13:1,139:1,3511:1;896:10780,6562:9902
1253548289448;2;2:3,3:5,7:4,13:1,73:1,283:1;4172:10570,8160:8922
1255522891896;2;2:3,3:6,7:1,13:1,29:3,97:1;174:10788,3422:10672
1261269750349;2;7:1,31:1,67:1,73:3,223:1;5548:10293,6205:10074
1261750095459;2;3:3,7:1,19:3,67:1,73:1,199:1;1691:10792,4062:10611
1262172375000;2;2:3,3:12,5:6,19:1;1350:10800,6075:10125
1265505031791;2;3:5,7:1,11:3,13:1,19:1,31:1,73:1;1167:10812,7447:9482
1266178494763;2;7:1,13:1,31:1,37:1,67:1,331:1,547:1;3891:10648,7515:9442
1267589652056;2;2:3,7:1,13:1,31:3,211:1,277:1;2294:10788,8432:8742
1270946746368;2;2:12,3:2,13:1,37:1,229:1,313:1;160:10832,4448:10576
1271544904000;2;2:6,5:3,7:3,19:1,29:3;3828:10672,6090:10150
1271937409496;2;2:3,13:1,19:1,31:1,193:1,271:1,397:1;4520:10566,7094:9708
1271954751613;2;7:7,13:3,19:1,37:1;1274:10829,4886:10493
1273584453687;2;3:3,7:3,13:1,37:1,43:1,61:1,109:1;3327:10734,6783:9870
1275337000000;2;2:6,5:6,7:1,19:1,43:1,223:1;2500:10800,8350:8850
1277294484375;2;3:3,5:6,7:4,13:1,97:1;175:10850,2310:10815
1278858630231;2;3:6,7:6,13:1,31:1,37:1;6174:10143,8232:8967
1281084355467;2;3:3,7:2,19:1,97:1,103:1,5101:1;4554:10587,4755:10548
1282105437704;2;2:3,7:4,13:1,43:1,97:1,1231:1;7133:9723,8400:8834
1284744227256;2;2:3,3:3,7:3,19:1,97:3;1358:10864,6111:10185
1285480967589;2;3:3,7:4,13:1,19:1,43:1,1867:1;5068:10493,6997:9806
1286686101519;2;3:8,7:4,13:1,61:1,103:1;4152:10671,8064:9135
1287771803136;2;2:9,3:3,7:1,13:1,37:1,73:1,379:1;1392:10872,4330:10646
1290428928000;2;2:12,3:3,5:3,17:3,19:1;1360:10880,6120:10200
1292799534056;2;2:3,31:1,79:3,97:1,109:1;4740:10586,8058:9164
1298808784000;2;2:7,5:3,7:1,13:1,337:1,2647:1;2116:10884,2620:10860
1299047398831;2;7:1,13:2,31:1,73:1,631:1,769:1;1434:10903,5386:10455
1299713688000;2;2:6,3:6,5:3,7:1,13:1,31:1,79:1;3420:10800,6780:9960
1301653359279;2;3:4,7:7,13:1,19:1,79:1;4228:10703,7840:9359
1303469553321;2;3:3,13:1,53:1,79:2,103:1,109:1;6144:10233,8466:8865
1304246407744;2;2:6,7:1,19:1,37:1,43:1,193:1,499:1;3912:10756,6463:10113
1304713990125;2;3:6,5:3,7:3,13:3,19:1;1365:10920,3861:10764
1313816037128;2;2:3,7:1,31:1,37:3,67:1,223:1;5624:10434,6290:10212
1318798633896;2;2:3,3:9,31:1,43:1,61:1,103:1;2241:10935,6570:10116
1319104089000;2;2:3,3:3,5:3,19:1,137:3;1370:10960,6165:10275
1320364134089;2;7:1,11:1,13:1,103:1,1201:1,10663:1;2273:10938,3929:10800
1321589835657;2;3:6,7:1,13:1,59:3,97:1;177:10974,3481:10856
1324360110528;2;2:6,3:3,7:1,13:1,19:1,31:1,79:1,181:1;3664:10844,4476:10728
1324889625024;2;2:6,3:3,7:9,19:1;1372:10976,6174:10290
1327092039000;2;2:3,3:3,5:3,7:3,13:1,73:1,151:1;4620:10710,5152:10598
1330270335576;2;2:3,3:3,7:1,13:3,43:1,67:1,139:1;2214:10968,7776:9510
1333848151909;2;7:1,13:1,19:1,31:1,43:3,313:1;2494:10965,7869:9460
1338454943000;2;2:3,5:3,7:3,19:1,59:3;3894:10856,6195:10325
1339936814664;2;2:3,3:3,7:1,103:3,811:1;3716:10882,7725:9579
1348200936000;2;2:6,3:6,5:3,19:1,23:3;1380:11040,6210:10350
1353397827096;2;2:3,3:3,7:1,17:3,19:1,43:1,223:1;2550:11016,8517:9027
1357676593371;2;3:3,7:4,19:1,31:3,37:1;1302:11067,5803:10514
1364875808625;2;3:9,5:3,7:1,19:1,43:1,97:1;2025:11070,7785:9630
1365788484333;2;3:3,7:1,13:1,31:1,61:3,79:1;3477:10980,6893:10126
1365862733928;2;2:3,3:9,7:3,11:3,19:1;1386:11088,6237:10395
1369621773585;2;3:12,5:1,13:1,31:1,1279:1;1458:11097,5049:10746
1377722547000;2;2:3,3:3,5:3,19:1,139:3;1390:11120,6255:10425
1379890237544;2;2:3,7:3,13:1,19:1,97:1,139:1,151:1;1920:11114,8540:9114
1382217015088;2;2:4,7:4,13:1,19:1,31:1,37:1,127:1;3171:11053,5950:10542
1384531083000;2;2:3,3:3,5:3,13:1,19:1,31:1,37:1,181:1;3390:11040,8520:9150
1385276826843;2;3:2,7:1,13:1,31:1,37:1,103:2,139:1;1795:11132,4538:10891
1388301031936;2;2:9,7:1,13:1,23:3,31:1,79:1;621:11155,3496:11040
1389955094073;2;3:6,7:1,13:1,19:1,67:1,109:1,151:1;297:11160,8370:9297
1391928250951;2;7:4,19:1,31:1,73:1,97:1,139:1;1750:11151,5026:10815
1393493571864;2;2:3,3:12,31:1,97:1,109:1;4860:10854,8262:9396
1394259263488;2;2:18,7:1,13:1,211:1,277:1;2368:11136,8704:9024
1394645801192;2;2:3,7:5,31:1,313:1,1069:1;3962:11004,7805:9723
1406140190208;2;2:9,3:3,13:1,19:1,43:1,61:1,157:1;7804:9764,8888:8896
1420771613625;2;3:3,5:3,7:1,13:3,31:1,883:1;2025:11220,3497:11128
1423246670272;2;2:6,7:1,19:3,31:1,67:1,223:1;5776:10716,6460:10488
1429088268608;2;2:6,7:1,11:3,13:1,19:1,31:1,313:1;2552:11220,8052:9680
1434065573304;2;2:3,3:3,7:1,13:1,31:4,79:1;3534:11160,7006:10292
1434580679168;2;2:9,7:1,13:3,19:1,43:1,223:1;2600:11232,8684:9204
1438052373000;2;2:3,3:6,5:3,19:1,47:3;1410:11280,6345:10575
1442515312000;2;2:7,5:3,7:3,31:1,61:1,139:1;2460:11260,6580:10500
1444123759104;2;2:9,3:9,13:1,73:1,151:1;2565:11259,4752:11016
1445744238272;2;2:6,31:1,41:3,97:1,109:1;4920:10988,8364:9512
1450325869272;2;2:3,3:3,7:3,19:1,101:3;1414:11312,6363:10605
1452057533927;2;7:3,11:3,13:1,19:1,79:1,163:1;1232:11319,5687:10824
1458323776000;2;2:9,5:3,7:1,13:1,241:1,1039:1;1672:11328,8355:9565
1459136905408;2;2:6,7:3,13:1,19:1,439:1,613:1;952:11340,6636:10528
1460016660375;2;3:3,5:3,7:2,13:1,19:1,31:1,1153:1;2670:11295,6855:10440
1460596178223;2;3:6,7:1,13:1,61:3,97:1;183:11346,3599:11224
1460641671125;2;5:3,7:1,13:4,211:1,277:1;2405:11310,8840:9165
1461758244219;2;3:2,7:1,13:1,31:3,181:1,331:1;1570:11339,6107:10726
1468866744000;2;2:6,3:3,5:3,19:1,71:3;1420:11360,6390:10650
1470825972224;2;2:9,7:3,31:1,43:1,61:1,103:1;2324:11340,3912:11216
1472352366375;2;3:3,5:3,11:3,31:1,97:1,109:1;4950:11055,8415:9570
1476361994625;2;3:3,5:3,7:4,19:1,43:1,223:1;870:11385,2625:11340
1479235177000;2;2:3,5:3,7:3,19:1,61:3;4026:11224,6405:10675
1479706046875;2;5:6,7:1,19:1,31:1,103:1,223:1;480:11395,8475:9550
1480169923001;2;7:4,11:3,31:1,67:1,223:1;5852:10857,6545:10626
1480623254936;2;2:3,7:1,37:3,43:1,61:1,199:1;6452:10662,8621:9435
1484204904000;2;2:6,3:3,5:3,7:3,13:1,23:1,67:1;5630:10930,8100:9840
1492819283403;2;3:3,7:1,37:1,43:1,103:1,157:1,307:1;1875:11412,6912:10515
1493832787776;2;2:6,3:6,7:3,17:3,19:1;1428:11424,6426:10710
1494130869504;2;2:8,3:3,7:1,13:1,19:1,31:1,37:1,109:1;1684:11420,7778:10078
1499284979848;2;2:3,31:1,83:3,97:1,109:1;4980:11122,8466:9628
1499387046976;2;2:6,7:1,13:3,31:1,157:1,313:1;5200:11076,7162:10422
1500118191000;2;2:3,3:3,5:3,11:3,13:3,19:1;1430:11440,6435:10725
1503533518578;2;2:1,3:3,7:4,13:1,337:1,2647:1;2751:11403,4695:11187
1504581058071;2;3:9,7:4,13:1,31:1,79:1;3591:11340,7119:10458
1505777676039;2;3:3,7:1,13:1,37:1,163:1,307:1,331:1;1455:11454,8367:9726
1509009854625;2;3:3,5:3,7:1,13:1,37:3,97:1;185:11470,2442:11433
1509369107688;2;2:3,3:3,13:4,19:1,79:1,163:1;1248:11466,7501:10283
1512615596401;2;7:5,13:1,19:1,199:1,1831:1;1344:11473,8337:9772
1514761694433;2;3:3,13:1,19:1,29:3,67:1,139:1;609:11484,6902:10585
1515908779875;2;3:3,5:3,7:3,19:1,41:3;1435:11480,4059:11316
1518946772392;2;2:3,7:1,19:1,43:1,53:3,223:1;2650:11448,8851:9381
1522715805793;2;7:1,13:4,19:1,31:1,67:1,193:1;5473:11076,6994:10569
1524453458229;2;3:2,13:1,17:3,37:1,229:1,313:1;170:11509,4726:11237
1528547988933;2;3:3,7:4,31:1,37:1,61:1,337:1;5152:11165,6101:10918
1528589881000;2;2:3,5:3,7:1,13:1,19:3,31:1,79:1;3610:11400,4905:11215
1528757377875;2;3:6,5:3,7:1,13:1,19:1,31:1,313:1;2610:11475,8235:9900
1531809792000;2;2:15,3:9,5:3,19:1;1440:11520,6480:10800
1533612795624;2;2:3,3:6,7:1,13:1,31:3,97:1;186:11532,3658:11408
1538201201544;2;2:3,3:3,7:3,19:1,103:3;1442:11536,6489:10815
1539311745608;2;2:3,7:1,13:1,229:1,1009:1,9151:1;1283:11541,8802:9500
1544657239125;2;3:3,5:3,7:4,11:1,13:1,31:1,43:1;3570:11445,3940:11405
1553183576000;2;2:6,5:3,7:3,19:1,31:3;4092:11408,6510:10850
1554131529216;2;2:9,3:3,7:3,31:1,97:1,109:1;5040:11256,8568:9744
1555067227203;2;3:3,7:1,19:1,43:1,47:3,97:1;2115:11562,8131:10058
1557669379392;2;2:6,3:3,7:4,37:1,73:1,139:1;84:11592,9044:9352
1563944625000;2;2:3,3:3,5:6,19:1,29:3;1450:11600,6525:10875
1574831360375;2;5:3,7:1,13:1,31:1,43:1,283:1,367:1;1215:11630,8615:9780
1575734797000;2;2:3,5:3,7:3,13:1,193:1,1831:1;1890:11620,8290:10020
1578142033741;2;7:1,13:1,19:3,61:1,181:1,229:1;3534:11533,5181:11290
1583439556608;2;2:12,3:3,7:3,13:3,19:1;1456:11648,6552:10920
1586596737024;2;2:12,3:3,13:1,31:1,97:1,367:1;2336:11632,6768:10848
1588616687476;2;2:2,7:3,13:1,19:1,31:1,37:1,61:1,67:1;5173:11319,7135:10701
1593786407157;2;3:6,7:1,31:1,73:1,79:1,1747:1;3342:11589,4230:11493
1595960821000;2;2:3,5:3,7:3,13:1,73:1,4903:1;2055:11665,7944:10306
1596525768000;2;2:6,3:3,5:3,19:1,73:3;1460:11680,6570:10950
1598529566683;2;7:1,31:1,67:1,79:3,223:1;6004:11139,6715:10902
1599661250551;2;7:1,13:1,67:3,211:1,277:1;2479:11658,9112:9447
1601099892847;2;7:1,13:3,19:1,43:1,61:1,2089:1;3471:11596,8194:10167
1601454992625;2;3:3,5:3,19:1,73:1,313:1,1093:1;2420:11665,5010:11385
1602081583011;2;3:2,7:1,13:1,79:1,4219:1,5869:1;958:11699,6683:10924
1603947628864;2;2:6,7:1,19:3,43:1,61:1,199:1;1033:11703,8854:9690
1606557322944;2;2:6,3:9,7:1,19:1,43:1,223:1;2700:11664,9018:9558
1606666029696;2;2:7,3:3,7:1,13:3,19:1,37:1,43:1;1716:11700,5604:11268
1609023189501;2;3:12,7:4,13:1,97:1;189:11718,3717:11592
1613176188416;2;2:9,13:1,43:1,151:1,163:1,229:1;4152:11552,5688:11264
1627342353000;2;2:3,3:3,5:3,7:1,13:1,43:1,73:1,211:1;3690:11640,5400:11370
1632265171875;2;3:6,5:6,13:1,73:1,151:1;4950:11475,5520:11355
1632829799699;2;7:1,17:1,37:1,157:1,1009:1,2341:1;5891:11262,9131:9552
1632956138632;2;2:3,7:1,13:1,19:1,23:3,31:1,313:1;2668:11730,8418:10120
1634698611000;2;2:3,3:3,5:3,7:1,13:1,19:3,97:1;190:11780,2508:11742
1634721543000;2;2:3,3:2,5:3,7:1,13:1,31:3,67:1;310:11780,2320:11750
1640872717659;2;3:3,7:1,31:1,67:1,673:1,6211:1;8667:9966,8971:9722
1643085317952;2;2:6,3:3,13:1,31:1,37:1,43:1,1483:1;4404:11592,6804:10992
1649650785237;2;3:6,7:1,13:1,67:1,211:1,1759:1;1485:11808,4194:11637
1652471627625;2;3:3,5:3,7:1,13:4,31:1,79:1;3705:11700,7345:10790
1655479171584;2;2:9,3:6,7:3,67:1,193:1;1792:11816,2088:11808
1660004864000;2;2:12,5:3,7:1,31:1,67:1,223:1;6080:11280,6800:11040
1661372156808;2;2:3,3:6,7:1,13:1,19:1,37:1,61:1,73:1;2466:11808,4089:11679
1663039296000;2;2:9,3:3,5:3,19:1,37:3;1480:11840,6660:11100
1669891788054;2;2:1,3:3,7:6,31:1,61:1,139:1;2583:11823,6909:11025
1672329964032;2;2:9,3:3,7:1,13:1,19:1,31:1,37:1,61:1;900:11868,8368:10280
1672362246464;2;2:6,7:1,13:1,17:3,211:1,277:1;2516:11832,9248:9588
1674164535624;2;2:3,3:3,7:4,37:1,43:1,2029:1;300:11874,8351:10297
1675215779328;2;2:9,3:6,7:1,13:1,31:1,37:1,43:1;1744:11864,3888:11736
1676559874752;2;2:6,3:3,7:3,19:1,53:3;1484:11872,6678:11130
1676926719000;2;2:3,3:6,5:3,13:1,19:1,67:1,139:1;630:11880,7140:10950
1685160157625;2;5:3,7:6,19:1,37:1,163:1;105:11900,5033:11592
1685539745344;2;2:6,7:1,13:1,19:1,61:1,67:1,3727:1;3076:11832,4696:11652
1686865969152;2;2:18,3:6,7:1,13:1,97:1;192:11904,3776:11776
1696977837000;2;2:3,3:3,5:3,19:1,149:3;1490:11920,6705:11175
1697473547000;2;2:3,5:3,7:1,11:3,19:1,43:1,223:1;2750:11880,9185:9735
1698906024963;2;3:3,7:1,19:1,43:1,109:1,193:1,523:1;5667:11490,8123:10516
1702412115768;2;2:3,3:9,7:1,13:3,19:1,37:1;1404:11934,9438:9516
1702837443069;2;3:3,7:1,31:3,193:1,1567:1;2186:11917,6789:11160
1706303337704;2;2:3,7:2,61:3,127:1,151:1;2906:11892,3660:11834
1707445388376;2;2:3,3:6,7:1,13:1,31:1,67:1,1549:1;2559:11913,3190:11876
1708392448000;2;2:21,5:3,7:3,19:1;4224:11776,6720:11200
1715353345125;2;3:3,5:3,7:2,31:1,313:1,1069:1;4245:11790,7461:10914
1718152701993;2;3:6,7:6,13:1,23:1,67:1;1908:11961,8505:10332
1721101953536;2;2:9,7:4,19:1,31:1,2377:1;168:11984,9320:9696
1722410419392;2;2:6,3:3,13:1,19:1,31:1,349:1,373:1;1448:11980,2560:11948
1722783031515;2;3:6,5:1,7:1,13:3,73:1,421:1;3952:11843,8838:10107
1724458729896;2;2:3,3:3,7:3,19:1,107:3;1498:11984,6741:11235
1726663350312;2;2:3,3:3,29:3,31:1,97:1,109:1;5220:11658,8874:10092
1729263091563;2;3:3,7:1,31:1,67:1,877:1,5023:1;3138:11931,7467:10950
1729918918728;2;2:3,3:6,7:1,11:3,13:1,31:1,79:1;3762:11880,7458:10956
1730587464216;2;2:3,3:9,13:1,37:1,73:1,313:1;5238:11664,8772:10182
1730593954719;2;3:3,7:1,29:3,37:1,73:1,139:1;87:12006,9367:9686
1731375000000;2;2:6,3:6,5:9,19:1;1500:12000,6750:11250
1733447660581;2;7:3,13:4,19:1,67:1,139:1;637:12012,4797:11752
1741009608072;2;2:3,3:3,7:2,409:1,523:1,769:1;1826:12016,7479:10977
1741785209801;2;7:1,13:1,19:1,31:1,47:3,313:1;2726:11985,8601:10340
1743287750568;2;2:3,3:3,7:4,13:1,19:1,31:1,439:1;3339:11949,7434:11004
1746867743621;2;7:1,11:3,13:1,19:1,43:1,127:1,139:1;6941:11220,8822:10197
1748746526625;2;3:3,5:3,7:3,19:1,43:3;1505:12040,4257:11868
1751148794304;2;2:6,3:3,7:2,13:1,19:1,31:1,37:1,73:1;4860:11784,7032:11196
1753649175096;2;2:3,3:6,7:1,13:1,79:1,151:1,277:1;7470:11016,8766:10260
1756604828125;2;5:6,7:3,31:1,97:1,109:1;5250:11725,8925:10150
1762153898589;2;3:3,7:7,19:1,43:1,97:1;2205:12054,8477:10486
1762364331000;2;2:3,3:3,5:3,7:2,13:1,43:1,2383:1;4980:11790,9000:10110
1762858068552;2;2:3,3:3,7:1,19:1,67:1,331:1,2767:1;1836:12066,4776:11826
1765001511000;2;2:3,3:2,5:3,7:4,13:1,61:1,103:1;275:12085,8960:10150
1766233863000;2;2:3,3:3,5:3,19:1,151:3;1510:12080,6795:11325
1773261310464;2;2:9,3:12,7:3,19:1;1512:12096,6804:11340
1779072528896;2;2:9,13:3,31:1,163:1,313:1;780:12116,5960:11616
1782872000000;2;2:9,5:6,7:1,13:1,31:1,79:1;675:12125,3800:12000
1785910823424;2;2:9,3:3,7:1,13:1,19:1,74719:1;636:12132,6224:11560
1786890457088;2;2:12,11:3,31:1,97:1,109:1;5280:11792,8976:10208
1787643675496;2;2:3,7:1,31:1,41:3,67:1,223:1;6232:11562,6970:11316
1789268278616;2;2:3,7:1,13:4,19:1,97:1,607:1;1703:12129,6032:11622
1789632247221;2;3:3,7:1,13:1,31:1,61:1,67:1,5749:1;120:12141,5493:11754
1789731125000;2;2:3,5:6,7:3,13:3,19:1;4290:11960,6825:11375
1793568973824;2;2:10,3:3,43:1,97:1,103:1,151:1;1832:12136,7524:11100
1796560677576;2;2:3,3:2,7:4,433:1,24001:1;2276:12130,6776:11410
1799834318863;2;7:1,67:1,79:1,157:1,277:1,1117:1;239:12164,7376:11183
1801557504000;2;2:12,3:3,5:3,19:4;1520:12160,6840:11400
1806730576469;2;7:4,13:1,29:1,31:3,67:1;1428:12173,7196:11277
1809051624000;2;2:6,3:3,5:3,31:1,43:1,61:1,103:1;2490:12150,7300:11240
1809609722856;2;2:3,3:8,13:1,37:1,229:1,313:1;180:12186,5004:11898
1809749018259;2;3:3,7:1,13:1,31:1,67:3,79:1;3819:12060,7571:11122
1822976062488;2;2:3,3:3,7:3,19:1,109:3;1526:12208,6867:11445
1823569357248;2;2:6,3:3,19:1,37:1,1087:1,1381:1;828:12216,4572:12000
1824306211000;2;2:3,5:3,7:4,13:1,211:1,277:1;2590:12180,9520:9870
1825960584331;2;13:3,19:1,37:1,61:1,19381:1;2899:12168,9370:10011
1830454150616;2;2:3,7:1,13:1,73:1,79:1,127:1,3433:1;1056:12230,7208:11334
1834504071939;2;3:6,7:4,11:1,151:1,631:1;2754:12195,7483:11228
1836260750016;2;2:6,3:3,7:2,11:1,103:1,19141:1;1356:12240,9292:10112
1836350011503;2;3:3,7:3,43:1,727:1,6343:1;3087:12180,8103:10926
1837349001000;2;2:3,3:9,5:3,17:3,19:1;1530:12240,6885:11475
1838854252053;2;3:3,7:2,13:1,37:1,61:1,127:1,373:1;1860:12237,4237:12080
1842810871473;2;3:3,11:3,13:1,19:1,31:1,37:1,181:1;3729:12144,9372:10065
1848502034776;2;2:3,31:1,89:3,97:1,109:1;5340:11926,9078:10324
1850003122968;2;2:3,3:9,7:1,11:3,13:1,97:1;198:12276,3894:12144
1850271255027;2;3:3,13:1,19:1,31:3,67:1,139:1;651:12276,7378:11315
1853846096039;2;7:1,31:1,67:1,83:3,223:1;6308:11703,7055:11454
1856853201112;2;2:3,7:3,13:4,19:1,29:1,43:1;2054:12272,5558:11900
1868112075375;2;3:3,5:3,7:1,13:1,73:1,97:1,859:1;1935:12300,7695:11220
1871762268096;2;2:6,3:3,7:1,19:1,37:1,43:1,5119:1;8028:11064,8158:10994
1872374100499;2;7:1,67:1,79:1,241:1,277:1,757:1;7060:11499,7915:11124
1883805768000;2;2:6,3:3,5:3,13:1,17:1,19:1,31:1,67:1;4125:12195,8640:10740
1889467880328;2;2:3,3:3,7:1,19:4,43:1,223:1;2850:12312,9519:10089
1891998029376;2;2:6,3:3,7:1,13:1,17:3,31:1,79:1;3876:12240,7684:11288
1893647411712;2;2:9,3:2,7:1,19:1,37:3,61:1;1850:12358,4736:12136
1899187945928;2;2:3,7:4,13:1,19:1,31:1,37:1,349:1;3794:12264,9023:10521
1903063908447;2;3:3,13:1,17:3,31:1,97:1,367:1;2482:12359,7191:11526
1903613003747;2;7:1,13:1,71:3,211:1,277:1;2627:12354,9656:10011
1905465375441;2;3:3,19:1,67:1,73:1,79:1,9613:1;3582:12297,5220:12081
1906632000000;2;2:9,3:3,5:6,7:1,13:1,97:1;200:12400,2640:12360
1906659937000;2;2:3,5:3,7:1,13:1,19:1,67:1,109:1,151:1;330:12400,9300:10330
1908966818304;2;2:9,3:6,7:3,13:1,31:1,37:1;7056:11592,9408:10248
1909760783112;2;2:3,3:3,7:1,13:1,31:1,79:1,97:1,409:1;5058:12120,6802:11684
1910347875000;2;2:3,3:3,5:6,19:1,31:3;1550:12400,6975:11625
1918852056576;2;2:9,3:3,7:1,13:1,19:1,43:1,1867:1;4254:12258,5792:11992
1919987880272;2;2:4,7:3,11:3,31:1,61:1,139:1;2706:12386,7238:11550
1925175865032;2;2:3,3:6,7:3,19:1,37:3;1554:12432,6993:11655
1929714555392;2;2:9,13:1,19:1,139:1,151:1,727:1;2024:12432,8198:11130
1930494796776;2;2:3,3:5,7:1,13:1,19:3,37:1,43:1;2280:12426,5757:12027
1935374715729;2;3:6,7:1,13:1,67:3,97:1;201:12462,3953:12328
1942505811981;2;3:3,7:1,19:1,43:1,619:1,20323:1;522:12477,4944:12213
1947561408000;2;2:9,3:6,5:3,13:3,19:1;1560:12480,7020:11700
1960072471000;2;2:3,5:3,7:3,19:1,67:3;4422:12328,7035:11725
1965052396125;2;3:6,5:3,7:2,13:1,97:1,349:1;570:12525,3350:12445
1973736919063;2;7:7,13:1,19:1,31:1,313:1;2842:12495,8967:10780
1975476727224;2;2:3,3:3,7:3,11:3,13:1,23:1,67:1;6193:12023,8910:10824
1975941533384;2;2:3,7:3,13:3,31:1,97:1,109:1;5460:12194,9282:10556
1976873050152;2;2:3,3:3,7:1,11:1,13:1,19:3,31:1,43:1;3876:12426,9402:10464
1977677807616;2;2:15,3:3,7:6,19:1;1568:12544,7056:11760
1978128302024;2;2:3,7:1,19:3,43:1,229:1,523:1;8770:10924,9424:10450
1981907542377;2;3:3,7:1,19:1,31:1,139:1,349:1,367:1;366:12561,9465:10428
1985255109000;2;2:3,3:3,5:3,19:1,157:3;1570:12560,7065:11775
1986854769711;2;3:6,7:1,17:3,19:1,43:1,97:1;2295:12546,8823:10914
1990668421952;2;2:6,7:1,19:1,29:3,43:1,223:1;2900:12528,9686:10266
1991114232625;2;5:3,7:1,17:3,31:1,67:1,223:1;6460:11985,7225:11730
1992310558056;2;2:3,3:3,7:4,13:1,19:1,103:1,151:1;1836:12570,7336:11690
2001635376832;2;2:6,7:2,13:1,97:1,439:1,1153:1;6430:12018,7276:11736
2003764652253;2;3:9,7:1,13:1,19:1,97:1,607:1;6264:12069,9837:10170
2004282984375;2;3:9,5:6,7:3,19:1;1575:12600,4455:12420
2005475361561;2;3:6,7:1,19:1,67:1,139:1,2221:1;3785:12496,9612:10377
2005488529408;2;2:12,7:1,13:4,31:1,79:1;702:12610,3952:12480
2015599030272;2;2:12,3:3,19:1,67:1,103:1,139:1;8712:11064,9584:10432
2019996525456;2;2:4,3:3,7:1,13:1,37:1,97:1,103:1,139:1;4930:12386,9505:10511
2023333131456;2;2:6,3:6,7:1,13:1,17:3,97:1;204:12648,4012:12512
2023432056000;2;2:6,3:3,5:3,19:1,79:3;1580:12640,7110:11850
2026619288064;2;2:9,3:3,7:1,19:1,31:3,37:1;1488:12648,6632:12016
2026781297784;2;2:3,3:3,31:1,103:3,277:1;7416:11742,9119:10825
2031125705784;2;2:3,3:3,7:3,19:1,113:3;1582:12656,7119:11865
2031532729408;2;2:6,7:1,13:1,19:1,37:1,127:1,3907:1;804:12664,8388:11296
2034195242625;2;3:2,5:3,7:3,13:1,31:1,103:1,127:1;665:12670,9665:10420
2035167952896;2;2:15,3:3,13:1,19:1,67:1,139:1;672:12672,7616:11680
2041800919552;2;2:9,23:3,31:1,97:1,109:1;5520:12328,9384:10672
2042511830541;2;3:2,7:4,13:1,73:1,103:1,967:1;2485:12656,8932:10997
2042806474674;2;2:1,3:3,7:1,19:1,31:1,37:1,43:1,73:1,79:1;891:12687,6849:11985
2043928952000;2;2:6,5:3,13:1,19:1,31:1,61:1,547:1;3240:12620,7985:11535
2044933928128;2;2:6,7:4,13:1,37:1,73:1,379:1;1624:12684,8364:11344
2045754961865;2;5:1,37:1,919:1,3061:1,3931:1;2649:12656,8246:11409
2048394269376;2;2:6,3:2,7:1,13:1,19:1,31:1,43:1,1543:1;3376:12620,6376:12140
2049153344000;2;2:9,5:3,7:3,17:3,19:1;4488:12512,7140:11900
2051033606648;2;2:3,13:1,19:1,31:1,73:1,523:1,877:1;894:12704,8718:11156
2053234126125;2;3:3,5:3,7:1,13:1,41:3,97:1;205:12710,2706:12669
2057285700288;2;2:6,3:2,7:1,13:1,19:1,31:1,37:1,1801:1;1048:12716,7606:11738
2062095327000;2;2:3,3:6,5:3,19:1,53:3;1590:12720,7155:11925
2062218855032;2;2:3,7:1,31:1,43:3,67:1,223:1;6536:12126,7310:11868
2062632715039;2;13:1,19:1,787:1,1447:1,7333:1;2247:12706,6748:12063
2063897199000;2;2:3,3:3,5:3,7:4,13:1,31:1,79:1;3990:12600,7910:11620
2069055770509;2;7:1,13:1,73:3,211:1,277:1;2701:12702,9928:10293
2070601354549;2;7:3,13:4,97:1,2179:1;2541:12712,3757:12636
2070966386944;2;2:8,7:1,13:2,37:1,421:1,439:1;3958:12618,6892:12036
2074051260008;2;2:3,7:1,13:1,19:1,61:1,73:1,151:1,223:1;6170:12252,7664:11754
2075272404875;2;5:3,31:1,37:3,97:1,109:1;5550:12395,9435:10730
2076484319000;2;2:3,5:3,7:2,13:1,41:1,43:3;5160:12470,9140:10950
2077747126784;2;2:9,7:1,19:1,31:1,73:1,97:1,139:1;2000:12744,5744:12360
2081803644928;2;2:12,7:2,31:1,313:1,1069:1;4528:12576,8920:11112
2085528005568;2;2:6,3:6,7:3,19:4;1596:12768,7182:11970
2091406401728;2;2:6,7:1,17:3,37:1,61:1,421:1;5100:12512,8012:11640
2094203386233;2;3:6,7:3,31:1,43:1,61:1,103:1;4401:12618,7665:11802
2095419501784;2;2:3,7:1,19:1,43:1,59:3,223:1;2950:12744,9853:10443
2097060875000;2;2:3,5:6,7:1,13:1,19:1,31:1,313:1;2900:12750,9150:11000
2101248000000;2;2:18,3:3,5:6,19:1;1600:12800,7200:12000
2103034805144;2;2:3,7:4,13:1,19:1,31:1,79:1,181:1;5222:12516,6635:12189
2106367186625;2;5:3,13:1,19:1,211:1,313:1,1033:1;8780:11265,10040:10305
2109107707128;2;2:3,3:3,31:4,97:1,109:1;5580:12462,9486:10788
2113908914061;2;3:3,7:1,31:3,37:1,73:1,139:1;93:12834,10013:10354
2113916979447;2;3:9,7:1,13:1,23:3,97:1;207:12834,4071:12696
2128277278647;2;3:2,13:1,19:3,37:1,229:1,313:1;190:12863,5282:12559
2130087237571;2;19:1,61:1,73:1,97:1,277:1,937:1;4179:12718,9091:11130
2133222084747;2;3:3,13:1,31:1,73:1,139:3;3475:12788,9596:10771
2137716171656;2;2:3,13:1,97:1,499:1,631:1,673:1;92:12882,3620:12786
2138442060573;2;3:3,7:1,13:3,43:1,229:1,523:1;8024:11749,9672:10725
2149145623583;2;7:4,17:3,19:1,43:1,223:1;986:12903,2975:12852
2155255568648;2;2:3,7:1,13:1,37:3,211:1,277:1;2738:12876,10064:10434
2165034310712;2;2:3,7:6,13:1,19:1,67:1,139:1;686:12936,5166:12656
2175814373733;2;3:2,7:1,11:3,13:1,31:3,67:1;341:12958,2552:12925
2177877628736;2;2:6,31:1,47:3,97:1,109:1;5640:12596,9588:10904
2181033864000;2;2:6,3:15,5:3,19:1;1620:12960,7290:12150
2181320736705;2;3:3,5:1,11:3,31:1,79:1,4957:1;66:12969,8193:11772
2186263933000;2;2:3,5:3,7:1,31:1,73:1,79:1,1747:1;4700:12770,9305:11135
2193114431296;2;2:6,31:1,37:3,139:1,157:1;4416:12820,9768:10804
2193885475138;2;2:1,7:3,23:3,31:1,61:1,139:1;2829:12949,7567:12075
2197229594112;2;2:9,3:3,7:3,19:1,29:3;1624:12992,7308:12180
2198584080875;2;5:3,7:3,13:1,19:1,31:1,37:1,181:1;3955:12880,9940:10675
2203782336000;2;2:9,3:3,5:3,7:1,19:1,43:1,223:1;3000:12960,10020:10620
2209466473984;2;2:9,7:1,11:3,31:1,67:1,223:1;6688:12408,7480:12144
2211494304691;2;7:1,19:1,37:1,139:1,1399:1,2311:1;3214:12963,5868:12619
2219538660579;2;3:8,19:3,31:1,37:1,43:1;2907:12996,6498:12483
2221673211000;2;2:3,3:3,5:3,19:1,163:3;1630:13040,7335:12225
2223934043877;2;3:3,7:1,13:1,31:1,67:1,103:1,4231:1;5589:12702,10053:10650
2225417777037;2;3:3,7:1,13:1,17:3,19:1,31:1,313:1;2958:13005,9333:11220
2229176689480;2;2:3,5:1,13:1,19:2,43:1,157:1,1759:1;4738:12852,8904:11506
2229888787497;2;3:3,7:1,19:1,43:1,53:3,97:1;2385:13038,9169:11342
2231989462989;2;3:6,11:3,13:1,19:1,67:1,139:1;693:13068,7854:12045
2232618942528;2;2:6,3:3,13:1,31:1,67:1,109:1,439:1;1444:13064,2776:13028
2234752916032;2;2:6,7:4,13:1,19:1,97:1,607:1;1834:13062,6496:12516
2235331000000;2;2:6,5:6,7:6,19:1;4620:12880,7350:12250
2251784406592;2;2:6,7:2,19:1,37:1,271:1,3769:1;1984:13092,9252:11344
2254545774936;2;2:3,3:9,7:3,13:3,19:1;1638:13104,7371:12285
2257898499584;2;2:9,7:2,13:1,19:1,199:1,1831:1;1536:13112,9528:11168
2260469570688;2;2:7,3:2,7:1,31:1,61:1,271:1,547:1;4:13124,10342:10490
2262814272000;2;2:9,3:3,5:3,19:1,41:3;1640:13120,7380:12300
2266713147608;2;2:3,7:2,13:4,61:1,3319:1;3510:13052,9204:11414
2267196166144;2;2:12,7:1,13:1,73:1,97:1,859:1;2064:13120,8208:11968
2275489532953;2;7:4,13:1,271:1,367:1,733:1;126:13153,5089:12894
2283573907125;2;3:3,5:3,7:3,19:1,47:3;1645:13160,4653:12972
2285648376893;2;7:1,31:1,67:1,89:3,223:1;6764:12549,7565:12282
2286242496512;2;2:18,13:1,17:1,19:1,31:1,67:1;4400:13008,9216:11456
2290800306249;2;3:3,7:1,13:1,19:1,67:1,73:1,79:1,127:1;1497:13176,7680:12249
2296834166592;2;2:6,3:3,7:1,19:1,109:1,277:1,331:1;102:13194,10173:10755
2296885627647;2;3:6,13:1,43:1,151:1,163:1,229:1;4671:12996,6399:12672
2303115409413;2;3:6,7:1,13:1,71:3,97:1;213:13206,4189:13064
2303336161000;2;2:3,5:3,7:1,19:1,103:1,277:1,607:1;6820:12570,7080:12490
2304460125000;2;2:3,3:6,5:6,11:3,19:1;1650:13200,7425:12375
2306303856584;2;2:3,7:1,13:1,61:1,199:1,499:1,523:1;386:13212,9143:11553
2308870943288;2;2:3,7:1,13:1,31:1,79:1,109:3;1164:13214,4142:13080
2312505554625;2;3:3,5:3,7:1,31:1,37:1,61:1,1399:1;6550:12665,10305:10680
2312850141504;2;2:6,3:3,7:3,19:1,59:3;1652:13216,7434:12390
2314643228352;2;2:6,3:3,7:1,13:1,19:1,31:1,67:1,373:1;200:13228,9228:11520
2315818140776;2;2:3,7:1,19:1,43:1,61:3,223:1;3050:13176,10187:10797
2318671251000;2;2:3,3:6,5:3,13:1,19:1,79:1,163:1;1440:13230,8655:11865
2319869804544;2;2:18,3:3,31:1,97:1,109:1;5760:12864,9792:11136
2320241534000;2;2:4,5:3,13:1,79:3,181:1;1245:13235,8690:11850
2320813944631;2;7:1,13:1,19:1,43:1,211:1,337:1,439:1;1255:13236,6079:12798
2325150793728;2;2:15,3:3,7:1,37:1,73:1,139:1;96:13248,10336:10688
2326894203088;2;2:4,7:1,13:2,19:1,61:1,73:1,1453:1;4770:13042,6129:12799
2332505987000;2;2:3,5:3,7:3,19:1,71:3;4686:13064,7455:12425
2334771554752;2;2:6,7:1,13:1,19:3,211:1,277:1;2812:13224,10336:10716
2335918118625;2;3:3,5:3,7:1,13:1,19:1,31:1,37:1,349:1;2465:13240,4065:13140
2337402904291;2;7:1,13:1,19:1,73:1,1249:1,14827:1;1563:13264,3018:13219
2337565962375;2;3:3,5:3,7:1,31:1,43:1,199:1,373:1;7620:12375,9495:11400
2339174257875;2;3:3,5:3,7:1,13:1,19:1,31:1,67:1,193:1;6315:12780,8070:12195
2343309832808;2;2:3,7:1,31:1,37:1,67:1,73:1,7459:1;1644:13274,5073:13031
2345747177592;2;2:3,3:3,7:1,13:1,19:1,43:3,79:1;129:13287,8256:12126
2346613848000;2;2:6,3:3,5:3,19:1,83:3;1660:13280,7470:12450
2348627928192;2;2:7,3:2,7:6,13:1,31:1,43:1;5929:12887,9226:11606
2350115765101;2;13:1,31:1,67:1,313:1,487:1,571:1;1813:13284,9645:11326
2352117248000;2;2:12,5:3,13:1,193:1,1831:1;2160:13280,8415:12065
2356862417000;2;2:3,5:3,7:6,13:1,23:1,67:1;2120:13290,9450:11480
2357117804853;2;3:12,7:3,67:1,193:1;2016:13293,2349:13284
2358908284096;2;2:6,7:1,13:4,19:1,31:1,313:1;3016:13260,9516:11440
2360180079432;2;2:3,3:8,7:1,31:1,43:1,61:1,79:1;4337:13159,9330:11568
2368602975375;2;3:3,5:3,7:1,13:1,43:3,97:1;215:13330,2838:13287
2372151139848;2;2:3,3:3,7:6,17:3,19:1;1666:13328,7497:12495
2373919704000;2;2:6,3:3,5:3,13:1,37:1,73:1,313:1;5820:12960,6768:12732
2375111106368;2;2:6,7:3,11:3,13:3,37:1;1760:13332,10296:10868
2376662852375;2;5:3,7:1,31:1,43:1,73:1,103:1,271:1;2375:13320,2655:13310
2377379467736;2;2:3,7:1,13:1,19:1,37:1,79:1,127:1,463:1;7596:12470,9552:11462
2385771347456;2;2:9,7:1,19:3,37:1,43:1,61:1;3762:13262,4920:13136
2389278519000;2;2:3,3:3,5:3,19:1,167:3;1670:13360,7515:12525
2392469711424;2;2:6,3:6,13:1,19:1,31:1,37:1,181:1;4068:13248,10224:10980
2393123523992;2;2:3,31:1,97:4,109:1;5820:12998,9894:11252
2393847046656;2;2:9,3:3,13:2,19:1,199:1,271:1;2892:13332,6728:12784
2395342719133;2;7:1,13:3,37:1,43:1,223:1,439:1;2909:13334,7904:12389
2396822240449;2;7:3,13:4,19:1,79:1,163:1;1456:13377,6721:12792
2401807209984;2;2:9,3:12,7:1,13:1,97:1;216:13392,4248:13248
2405554424000;2;2:6,5:3,7:1,13:1,79:1,151:1,277:1;8300:12240,9740:11400
2407847711544;2;2:3,3:3,11:3,31:1,43:1,61:1,103:1;2739:13365,8030:12364
2415049942536;2;2:3,3:3,7:1,11:1,31:1,43:1,97:1,1123:1;6260:12946,7170:12696
2422869843303;2;3:2,7:1,13:1,19:1,277:1,541:1,1039:1;2383:13406,9463:11636
2423330182656;2;2:9,3:6,19:1,31:1,73:1,151:1;3036:13380,9252:11772
2428151566841;2;7:4,11:3,13:1,211:1,277:1;2849:13398,10472:10857
2430321674625;2;3:3,5:3,13:3,31:1,97:1,109:1;5850:13065,9945:11310
2431588132288;2;2:6,7:1,19:1,31:3,43:1,223:1;3100:13392,10354:10974
2438311016232;2;2:3,3:3,7:1,13:1,31:1,37:3,79:1;4218:13320,8362:12284
2441108435688;2;2:3,3:3,13:1,17:3,19:1,67:1,139:1;714:13464,8092:12410
2443225635487;2;7:4,13:3,31:1,67:1,223:1;6916:12831,7735:12558
2447431616448;2;2:6,3:3,7:1,13:1,43:1,283:1,1279:1;1884:13464,7456:12668
2450454859125;2;3:6,5:3,7:1,13:1,19:1,103:1,151:1;7860:12525,10314:11061
2467903307968;2;2:6,7:6,31:1,97:1,109:1;5880:13132,9996:11368
2471370569864;2;2:3,7:1,19:1,73:1,97:1,331:1,991:1;354:13520,6392:13026
2474225889408;2;2:7,3:3,7:1,13:1,19:3,31:1,37:1;2116:13508,3420:13452
2476153017000;2;2:3,3:3,5:3,13:6,19:1;1690:13520,7605:12675
2484388160856;2;2:3,3:6,7:1,19:1,31:1,277:1,373:1;2097:13527,7368:12774
2487984762816;2;2:6,3:3,7:1,19:1,61:1,103:1,1723:1;6831:12945,8220:12456
2491974898875;2;3:3,5:3,7:1,11:3,19:1,43:1,97:1;2475:13530,9515:11770
2493776815992;2;2:3,3:3,7:3,11:6,19:1;1694:13552,7623:12705
2497633055099;2;7:1,13:1,19:1,31:1,53:3,313:1;3074:13515,9699:11660
2499044438016;2;2:12,3:3,7:1,37:1,43:1,2029:1;9544:11768,10302:11202
2503278880011;2;3:6,7:1,13:1,73:3,97:1;219:13578,4307:13432
2504806793216;2;2:15,7:4,13:1,31:1,79:1;756:13580,4256:13440
2514857418801;2;3:3,7:1,13:3,19:3,883:1;1976:13585,7953:12624
2515457728000;2;2:9,5:3,7:3,19:1,37:1,163:1;120:13600,5752:13248
2520369000000;2;2:6,3:3,5:6,17:3,19:1;1700:13600,7650:12750
2521810765656;2;2:3,3:3,7:1,13:1,31:1,43:1,109:1,883:1;7452:12822,9099:12093
2524486517497;2;7:1,43:1,61:1,73:1,97:1,19417:1;4969:13392,6256:13161
2524659897536;2;2:6,7:1,23:3,31:1,67:1,223:1;6992:12972,7820:12696
2526162034032;2;2:4,3:3,7:1,13:1,19:1,31:1,79:1,1381:1;890:13618,4566:13446
2527916078016;2;2:6,3:3,7:1,31:1,109:1,127:1,487:1;2090:13606,4028:13504
2535223789000;2;2:3,5:3,7:3,19:1,73:3;4818:13432,7665:12775
2536735906250;2;2:1,5:6,7:1,13:1,337:1,2647:1;2645:13605,3275:13575
2537727192000;2;2:6,3:3,5:3,7:1,11:3,13:1,97:1;220:13640,2904:13596
2537764376147;2;7:1,11:3,13:1,19:1,67:1,109:1,151:1;363:13640,10230:11363
2544224889096;2;2:3,3:6,11:3,31:1,97:1,109:1;5940:13266,10098:11484
2550772866824;2;2:3,7:1,13:1,31:3,337:1,349:1;8370:12524,10292:11346
2552594695749;2;3:3,7:4,31:1,43:1,109:1,271:1;5621:13342,10124:11485
2556118385856;2;2:6,3:3,7:3,19:1,61:3;1708:13664,7686:12810
2564706074112;2;2:9,3:6,7:3,13:1,23:1,67:1;6756:13116,9720:11808
2565108243000;2;2:3,3:9,5:3,19:4;1710:13680,7695:12825
2567334383712;2;2:5,3:3,7:1,37:1,43:1,367:1,727:1;3858:13590,10246:11426
2569108455424;2;2:18,7:1,19:1,31:1,2377:1;192:13696,2724:13660
2571298128000;2;2:7,3:3,5:3,7:4,37:1,67:1;4060:13580,8484:12516
2584159384625;2;5:3,7:4,13:1,43:1,73:1,211:1;4305:13580,6300:13265
2587675048875;2;3:3,5:3,7:9,19:1;1715:13720,4851:13524
2588994894843;2;3:3,7:2,43:1,73:1,97:1,6427:1;528:13731,5539:13424
2602225446912;2;2:12,3:3,7:1,13:1,19:1,31:1,439:1;3816:13656,8496:12576
2603755202841;2;3:5,13:1,139:1,181:3;905:13756,8688:12489
2607569028792;2;2:3,3:6,7:1,13:1,37:3,97:1;222:13764,4366:13616
2609158629896;2;2:3,7:3,13:1,31:1,37:1,43:1,1483:1;5138:13524,7938:12824
2610373824000;2;2:9,3:3,5:3,19:1,43:3;1720:13760,7740:12900
2614766701248;2;2:6,3:2,13:1,37:1,43:1,139:1,1579:1;5464:13484,9836:11848
2619490371624;2;2:3,3:6,7:3,19:1,41:3;1722:13776,7749:12915
2619836429112;2;2:3,3:3,7:1,19:1,31:1,37:1,43:3;3141:13731,9761:11911
2622315189403;2;7:1,13:1,79:3,211:1,277:1;2923:13746,10744:11139
2636664915456;2;2:9,3:3,11:3,13:1,73:1,151:1;3135:13761,5808:13464
2638197452709;2;3:3,7:4,13:1,19:1,37:1,61:1,73:1;2877:13776,9469:12140
2640844808000;2;2:6,5:3,7:3,19:1,37:3;4884:13616,7770:12950
2642493669192;2;2:3,3:6,13:1,19:1,37:1,43:1,1153:1;882:13824,8050:12848
2656168821000;2;2:3,3:3,5:3,19:1,173:3;1730:13840,7785:12975
2656852299621;2;3:3,13:1,19:3,31:1,97:1,367:1;2774:13813,8037:12882
2668701722904;2;2:3,3:3,7:1,19:1,37:1,73:1,163:1,211:1;2358:13848,7412:13126
2669527184896;2;2:9,11:1,13:1,19:1,61:1,163:1,193:1;472:13872,9616:12120
2674575540224;2;2:21,7:1,19:1,43:1,223:1;3200:13824,10688:11328
2676198780801;2;3:6,7:4,13:1,337:1,349:1;8505:12726,10458:11529
2681746550784;2;2:12,3:2,7:1,433:1,24001:1;7744:13040,9010:12494
2683901219328;2;2:9,3:3,7:3,19:1,31:3;1736:13888,7812:13020
2684093586139;2;7:1,19:1,31:1,43:1,61:1,283:1,877:1;3436:13827,4638:13723
2692916953048;2;2:3,7:1,31:1,47:3,67:1,223:1;7144:13254,7990:12972
2696228443629;2;3:8,7:1,19:1,37:3,61:1;906:13917,5328:13653
2696927274496;2;2:9,7:1,13:1,29:1,31:3,67:1;1632:13912,8224:12888
2701556373304;2;2:3,31:1,97:1,101:3,109:1;6060:13534,10302:11716
2702496312000;2;2:6,3:6,5:3,19:1,29:3;1740:13920,7830:13050
2703287790216;2;2:3,3:6,13:1,37:1,43:1,73:1,307:1;4178:13804,10827:11277
2707712972064;2;2:5,3:3,19:1,31:1,877:1,6067:1;198:13938,8082:12966
2711141324901;2;3:3,19:1,31:1,79:1,271:1,7963:1;1509:13938,10301:11740
2719417667057;2;7:1,13:1,17:3,73:1,97:1,859:1;2193:13940,8721:12716
2721308590728;2;2:3,3:3,7:1,13:1,31:1,43:1,283:1,367:1;1458:13956,10338:11736
2722869729216;2;2:6,3:3,7:3,13:1,193:1,1831:1;2268:13944,9948:12024
2723162624000;2;2:12,5:3,7:1,13:1,211:1,277:1;2960:13920,10880:11280
2723273352189;2;3:6,13:1,19:1,43:1,547:1,643:1;3468:13893,10254:11805
2730344514408;2;2:3,3:6,7:1,37:1,43:1,127:1,331:1;2298:13956,4008:13866
2732531358375;2;3:3,5:3,7:1,13:1,37:2,67:1,97:1;5175:13740,8095:13010
2736902888512;2;2:6,13:2,19:1,31:1,43:1,97:1,103:1;3824:13892,7844:13112
2742263033536;2;2:6,13:1,17:4,19:1,31:1,67:1;4675:13821,9792:12172
2747581857189;2;3:6,13:1,19:1,139:1,151:1,727:1;2277:13986,6000:13629
2748108797343;2;3:6,7:3,13:1,37:1,73:1,313:1;6111:13608,10234:11879
2755206417691;2;7:1,13:1,19:1,73:1,157:1,163:1,853:1;268:14019,7675:13206
2763800628589;2;7:2,11:3,13:1,41:1,43:3;5676:13717,10054:12045
2773832050773;2;3:6,7:1,19:4,43:1,97:1;2565:14022,9861:12198
2778963130125;2;3:3,5:3,7:1,13:1,19:1,37:1,61:1,211:1;8885:12760,10125:12030
2779778652875;2;5:3,7:1,19:3,31:1,67:1,223:1;7220:13395,8075:13110
2782597741632;2;2:6,3:3,17:3,31:1,97:1,109:1;6120:13668,10404:11832
2782877773312;2;2:9,7:1,13:1,29:3,31:1,79:1;783:14065,4408:13920
2784729940083;2;3:3,7:4,13:1,79:1,151:1,277:1;8715:12852,10227:11970
2785660222625;2;5:3,7:3,37:1,43:1,97:1,421:1;665:14070,7550:13305
2788932092184;2;2:3,3:3,7:1,17:3,37:1,73:1,139:1;102:14076,10982:11356
2791188024625;2;5:3,7:1,11:3,13:1,19:1,31:1,313:1;3190:14025,10065:12100
2796761088000;2;2:15,3:3,5:3,11:3,19:1;1760:14080,7920:13200
2798569284875;2;5:3,7:5,13:1,43:1,2383:1;5810:13755,10500:11795
2801915389000;2;2:3,5:3,7:1,13:3,19:1,43:1,223:1;3250:14040,10855:11505
2812181084288;2;2:7,19:1,31:1,127:1,139:1,2113:1;3767:14025,5468:13836
2814008131584;2;2:15,3:3,13:1,19:1,79:1,163:1;1536:14112,9232:12656
2815873284672;2;2:6,3:9,7:6,19:1;1764:14112,7938:13230
2817412718750;2;2:1,5:6,7:3,31:1,61:1,139:1;3075:14075,8225:13125
2820554217000;2;2:3,3:9,5:3,13:1,73:1,151:1;5940:13770,6624:13626
2823719215375;2;5:3,31:1,41:3,97:1,109:1;6150:13735,10455:11890
2824759199808;2;2:6,3:6,7:1,13:1,19:3,97:1;228:14136,4484:13984
2834939441152;2;2:12,7:1,13:1,19:1,31:1,37:1,349:1;4336:14016,10312:12024
2834994455488;2;2:6,13:1,31:1,43:1,463:1,5521:1;8134:13194,9576:12508
2836939313152;2;2:12,7:1,31:1,43:1,199:1,373:1;8128:13200,10128:12160
2844704529000;2;2:3,3:6,5:3,19:1,59:3;1770:14160,7965:13275
2854598095368;2;2:3,3:3,31:1,61:1,97:1,109:1,661:1;3960:14082,6576:13698
2855470972536;2;2:3,3:6,7:1,13:4,31:1,79:1;4446:14040,8814:12948
2860806592000;2;2:9,5:3,7:3,19:4;5016:13984,7980:13300
2865243837608;2;2:3,31:1,97:1,103:3,109:1;6180:13802,10506:11948
2869866588024;2;2:3,3:9,19:1,67:1,103:1,139:1;9801:12447,10782:11736
2872706977000;2;2:3,5:3,7:3,31:1,43:1,61:1,103:1;2905:14175,4890:14020
2873593217313;2;3:5,7:3,13:1,37:1,229:1,313:1;210:14217,5838:13881
2883447357427;2;7:1,13:4,19:1,43:1,127:1,139:1;8203:13260,10426:12051
2883451394376;2;2:3,3:3,7:3,19:1,127:3;1778:14224,8001:13335
2888709642000;2;2:4,3:5,5:3,7:3,13:1,31:1,43:1;7570:13490,9885:12435
2893192776000;2;2:6,3:3,5:3,19:1,89:3;1780:14240,8010:13350
2897729370432;2;2:6,3:9,13:1,19:1,67:1,139:1;756:14256,8568:13140
2898131904512;2;2:11,13:1,31:1,43:1,127:1,643:1;2012:14244,6872:13704
2899748943000;2;2:3,3:3,5:3,7:1,13:1,23:3,97:1;230:14260,3036:14214
2908436364288;2;2:10,3:3,7:1,13:1,37:1,157:1,199:1;7892:13420,8193:13311
2917642163625;2;3:6,5:3,7:3,17:3,19:1;1785:14280,5049:14076
2924909880282;2;2:1,3:6,13:1,19:1,31:1,37:1,73:1,97:1;8571:13191,11205:11493
2932548300136;2;2:3,7:1,13:1,41:3,211:1,277:1;3034:14268,11152:11562
2937714880464;2;2:4,3:6,7:1,13:1,19:1,31:1,37:1,127:1;4077:14211,7650:13554
2937736440639;2;3:6,7:4,11:3,13:1,97:1;231:14322,4543:14168
2944197037656;2;2:3,3:6,7:1,19:1,67:1,181:1,313:1;2598:14304,10161:12375
2946219540992;2;2:9,7:4,13:1,19:1,31:1,313:1;3248:14280,10248:12320
2949510393856;2;2:12,13:3,31:1,97:1,109:1;6240:13936,10608:12064
2949748870887;2;3:4,7:1,13:1,19:1,61:1,487:1,709:1;5008:14135,7927:13484
2950076025351;2;3:6,7:1,13:1,19:1,67:1,181:1,193:1;1951:14330,7578:13599
2950934700168;2;2:3,3:3,7:1,13:3,43:1,73:1,283:1;4656:14178,9048:13026
2952102150144;2;2:24,3:3,7:3,19:1;1792:14336,8064:13440
2954837865896;2;2:3,7:1,43:1,331:1,1621:1,2287:1;4055:14241,10652:12042
2955098703375;2;3:3,5:3,7:1,13:1,31:1,211:1,1471:1;3880:14255,9015:13050
2959065662581;2;7:1,31:1,67:1,97:3,223:1;7372:13677,8245:13386
2964130580376;2;2:3,3:6,7:2,31:1,313:1,1069:1;5094:14148,10035:12501
2970697306941;2;3:3,7:1,13:1,19:1,79:1,397:1,2029:1;8109:13458,10272:12357
2975225561000;2;2:3,5:3,7:6,11:3,19:1;5082:14168,8085:13475
2984947351750;2;2:1,5:3,7:1,13:1,31:1,37:1,73:1,1567:1;1275:14395,10597:12153
2991413789000;2;2:3,5:3,7:3,13:1,17:1,19:1,31:1,67:1;7335:13745,10080:12530
2993573157848;2;2:3,7:6,13:1,19:1,79:1,163:1;1568:14406,7238:13776
2999715630912;2;2:6,3:2,7:1,11:3,13:1,19:1,31:1,73:1;1556:14416,1958:14410
3000405013669;2;7:4,19:4,43:1,223:1;1102:14421,3325:14364
3018866853184;2;2:6,7:3,13:1,37:1,43:1,61:1,109:1;4436:14312,9044:13160
3021833998008;2;2:3,3:6,7:3,19:1,43:3;1806:14448,8127:13545
3041150365799;2;7:1,13:1,83:3,211:1,277:1;3071:14442,11288:11703
3042323006625;2;3:3,5:3,7:4,37:1,73:1,139:1;105:14490,11305:11690
3048880633344;2;2:9,3:2,7:1,13:1,73:1,103:1,967:1;2840:14464,10208:12568
3051529878824;2;2:3,7:7,31:1,67:1,223:1;7448:13818,8330:13524
3053686597416;2;2:3,3:9,7:1,13:4,97:1;234:14508,4602:14352
3065554237473;2;3:2,7:4,13:1,19:3,37:1,43:1;2660:14497,6497:14080
3065740430291;2;7:1,11:3,19:1,103:1,277:1,607:1;7502:13827,7788:13739
3072342608677;2;37:1,67:1,97:1,619:1,20641:1;6564:14077,10450:12453
3076179190119;2;3:3,7:1,19:1,43:1,59:3,97:1;2655:14514,10207:12626
3091438090377;2;3:3,7:3,13:1,31:1,37:1,61:1,367:1;2100:14553,11417:11704
3093003970875;2;3:3,5:3,7:1,13:1,47:3,97:1;235:14570,3102:14523
3097489240629;2;3:5,7:1,43:1,151:1,283:1,991:1;3309:14520,10342:12581
3098757781035;2;3:3,5:1,7:3,181:1,331:1,1117:1;316:14579,4578:14427
3098821752000;2;2:6,3:3,5:3,13:1,31:1,97:1,367:1;2920:14540,8460:13560
3100631935329;2;3:6,19:1,37:1,67:1,73:1,1237:1;3209:14530,4548:14433
3106887956991;2;3:3,7:1,13:1,19:4,31:1,313:1;3306:14535,10431:12540
3112873726339;2;13:1,19:1,103:1,211:1,631:1,919:1;2898:14563,7971:13762
3122967817664;2;2:6,31:1,53:3,97:1,109:1;6360:14204,10812:12296
3136983877027;2;7:6,11:3,13:1,23:1,67:1;2332:14619,10395:12628
3138019589250;2;2:1,3:3,5:3,7:1,13:3,19:1,37:1,43:1;2145:14625,7005:14085
3139201186121;2;7:4,11:1,13:1,19:3,31:1,43:1;4522:14497,10969:12208
3145699648000;2;2:9,5:3,7:3,13:1,73:1,151:1;3325:14595,6160:14280
3150734743000;2;2:3,5:3,13:1,43:1,151:1,163:1,229:1;5190:14440,7110:14080
3164574754152;2;2:3,3:3,7:3,19:1,131:3;1834:14672,8253:13755
3169206140464;2;2:4,7:3,13:3,31:1,61:1,139:1;3198:14638,8554:13650
3172648279437;2;3:6,7:1,13:1,79:3,97:1;237:14694,4661:14536
3200696608256;2;2:9,7:3,19:1,67:1,103:1,139:1;920:14736,10164:12908
3202524424729;2;7:3,19:1,43:1,103:1,181:1,613:1;9:14740,4002:14641
3202991009344;2;2:6,7:4,19:1,31:1,43:1,823:1;9688:13188,10080:12964
3209151011625;2;3:3,5:3,13:1,31:1,37:1,43:1,1483:1;5505:14490,8505:13740
3212190150472;2;2:3,31:1,97:1,107:3,109:1;6420:14338,10914:12412
3213135163000;2;2:3,5:3,7:3,19:1,79:3;5214:14536,8295:13825
3231771332608;2;2:12,7:3,13:1,19:1,67:1,139:1;784:14784,5904:14464
3237600554496;2;2:9,3:6,7:3,11:3,19:1;1848:14784,8316:13860
3242124305000;2;2:3,5:4,7:1,31:1,67:1,103:1,433:1;6165:14435,7530:14120
3242197000000;2;2:6,5:6,7:1,31:1,67:1,223:1;7600:14100,8500:13800
3255978139063;2;13:1,19:1,31:1,337:1,883:1,1429:1;1967:14810,3842:14735
3256225199829;2;3:5,7:1,97:1,157:1,337:1,373:1;6933:14298,11334:12165
3262865412456;2;2:3,3:3,13:1,37:1,67:1,73:1,6421:1;42:14832,9261:13515
3266332512625;2;5:3,7:1,13:1,17:3,211:1,277:1;3145:14790,11560:11985
3273293931544;2;2:3,7:1,13:1,19:1,29:3,31:1,313:1;3364:14790,10614:12760
3274531005375;2;3:3,5:3,7:3,19:1,53:3;1855:14840,5247:14628
3292069815125;2;5:3,7:1,13:1,19:1,61:1,67:1,3727:1;3845:14790,5870:14565
3303095874048;2;2:9,3:9,31:1,97:1,109:1;6480:14472,11016:12528
3303965076984;2;2:3,3:2,11:3,13:1,37:1,229:1,313:1;220:14894,6116:14542
3311741231064;2;2:3,3:3,7:6,19:4;1862:14896,8379:13965
3316281020416;2;2:12,7:1,13:1,37:2,67:1,97:1;5520:14656,10156:13140
3317246463375;2;3:3,5:3,13:1,19:3,73:1,151:1;6270:14535,6992:14383
3317687670024;2;2:3,3:3,7:1,13:1,31:1,41:3,79:1;4674:14760,9266:13612
3326642984448;2;2:9,3:3,7:2,43:1,181:1,631:1;216:14928,1590:14922
3335841087488;2;2:15,7:1,13:1,19:1,97:1,607:1;2096:14928,7424:14304
3336704000000;2;2:15,5:6,7:3,19:1;5280:14720,8400:14000
3340438811297;2;7:1,31:1,67:1,101:3,223:1;7676:14241,8585:13938
3369794428728;2;2:3,3:3,7:2,13:1,19:1,31:1,43:1,967:1;1774:14984,9729:13479
3382976417912;2;2:3,7:1,13:1,43:3,211:1,277:1;3182:14964,11696:12126
3387005229888;2;2:6,3:3,7:3,19:1,67:3;1876:15008,8442:14070
3395610540504;2;2:3,3:9,7:2,13:1,97:1,349:1;684:15030,4020:14934
3395700721016;2;2:3,31:1,97:1,109:4;6540:14606,11118:12644
3396928344327;2;3:6,7:1,19:3,37:1,43:1,61:1;4047:14934,5535:14778
3399266544128;2;2:9,7:1,13:1,31:4,79:1;837:15035,4712:14880
3399735263841;2;3:3,7:1,19:1,43:1,61:3,97:1;2745:15006,10553:13054
3405144630797;2;7:1,13:1,17:3,19:1,31:1,67:1,193:1;7157:14484,9146:13821
3419760656403;2;3:18,7:1,13:1,97:1;243:15066,4779:14904
3420212488875;2;3:3,5:3,7:2,13:1,19:1,31:1,37:1,73:1;6075:14730,8790:13995
3423108169728;2;2:15,3:6,13:1,73:1,151:1;3420:15012,6336:14688
3445538123573;2;7:1,13:1,19:1,31:1,59:3,313:1;3422:15045,10797:12980
3460780232000;2;2:6,5:3,7:2,13:1,19:1,31:1,1153:1;3560:15060,9140:13920
3488107077000;2;2:3,3:3,5:3,7:1,13:1,19:1,74719:1;795:15165,7780:14450
3503064402000;2;2:4,3:3,5:3,43:1,97:1,103:1,151:1;2290:15170,9405:13875
3504896065125;2;3:3,5:3,7:7,13:1,97:1;245:15190,3234:15141
3505823612928;2;2:16,3:2,7:3,13:1,31:1,43:1;6776:14728,10544:13264
3540936978432;2;2:12,3:3,7:3,17:3,19:1;1904:15232,8568:14280
3542836201219;2;7:1,31:1,67:1,103:3,223:1;7828:14523,8755:14214
3547988569944;2;2:3,3:6,7:1,13:1,41:3,97:1;246:15252,4838:15088
3549128610762;2;2:1,3:9,7:3,31:1,61:1,139:1;3321:15201,8883:14175
3563931303296;2;2:7,7:4,13:1,337:1,2647:1;3668:15204,6260:14916
3566414359872;2;2:6,3:6,7:4,13:1,31:1,79:1;4788:15120,9492:13944
3573412488000;2;2:6,3:2,5:3,43:1,73:1,97:1,163:1;9190:14090,10723:13277
3586070715624;2;2:3,3:3,31:1,37:3,97:1,109:1;6660:14874,11322:12876
3586395344896;2;2:12,7:1,13:1,31:1,211:1,1471:1;9180:14116,9616:13920
3586446777375;2;3:3,5:3,7:2,11:1,103:1,19141:1;1695:15300,11615:12640
3591483229971;2;3:2,7:1,13:4,31:3,67:1;403:15314,3016:15275
3593265256000;2;2:6,5:3,7:3,19:1,41:3;5412:15088,8610:14350
3594234105063;2;3:3,7:1,37:4,73:1,139:1;111:15318,11951:12358
3598985037375;2;3:3,5:3,7:1,13:1,19:1,37:1,79:1,211:1;6775:14870,7935:14580
3619621620216;2;2:3,3:3,7:3,19:1,137:3;1918:15344,8631:14385
3624529452544;2;2:9,7:1,11:3,13:1,211:1,277:1;3256:15312,11968:12408
3639802498488;2;2:3,3:3,13:1,19:1,211:1,313:1,1033:1;10536:13518,12048:12366
3647030686208;2;2:9,7:1,13:3,31:1,67:1,223:1;7904:14664,8840:14352
3657285522072;2;2:3,3:6,7:1,13:1,19:1,47:1,7717:1;8276:14566,9675:14013
3658450963167;2;3:3,7:1,11:3,13:1,19:1,97:1,607:1;7656:14751,12023:12430
3659397328125;2;3:3,5:6,7:3,11:3,19:1;1925:15400,5445:15180
3679382445921;2;3:6,7:1,13:1,83:3,97:1;249:15438,4897:15272
3681964069875;2;3:3,5:3,7:3,13:1,19:1,79:1,163:1;1680:15435,7755:14760
3683867328512;2;2:15,7:3,31:1,97:1,109:1;6720:15008,11424:12992
3684485207368;2;2:3,7:1,19:1,23:3,31:1,9181:1;11106:13228,11707:12765
3699463368384;2;2:6,3:6,7:3,19:1,23:3;1932:15456,8694:14490
3705121778904;2;2:3,3:9,7:1,13:1,19:1,31:1,439:1;4293:15363,9558:14148
3723890625000;2;2:3,3:3,5:9,7:1,13:1,97:1;250:15500,3300:15450
3726335879000;2;2:3,5:3,7:3,19:1,83:3;5478:15272,8715:14525
3733425421875;2;3:6,5:6,31:1,97:1,109:1;6750:15075,11475:13050
3737916728000;2;2:6,5:3,7:1,13:1,43:1,97:1,1231:1;10190:13890,12000:12620
3738953580544;2;2:24,7:1,13:1,31:1,79:1;864:15520,4864:15360
3745219218867;2;3:9,7:4,19:1,43:1,97:1;2835:15498,10899:13482
3749502406013;2;7:1,13:1,89:3,211:1,277:1;3293:15486,12104:12549
3775295181411;2;3:2,13:1,23:3,37:1,229:1,313:1;230:15571,6394:15203
3780470668968;2;2:3,3:3,7:3,19:1,139:3;1946:15568,8757:14595
3783425995288;2;2:3,31:1,97:1,109:1,113:3;6780:15142,11526:13108
3798644220819;2;3:3,7:1,19:1,31:1,61:1,73:1,79:1,97:1;5931:15312,10539:13800
3801340449088;2;2:6,7:3,13:2,19:1,199:1,271:1;3374:15554,6785:15167
3807943795747;2;7:1,13:1,19:1,31:1,61:3,313:1;3538:15555,11163:13420
3813980893632;2;2:6,3:9,7:4,13:1,97:1;252:15624,4956:15456
3817761135552;2;2:6,3:3,7:1,13:1,19:1,1033:1,1237:1;3586:15566,5328:15420
3827271710808;2;2:3,3:3,7:1,13:1,31:1,43:3,79:1;4902:15480,9718:14276
3861508502152;2;2:3,7:1,31:1,53:3,67:1,223:1;8056:14946,9010:14628
3862247550336;2;2:7,3:3,7:1,31:1,37:1,181:1,769:1;2796:15660,11922:12942
3869073000000;2;2:6,3:3,5:6,13:1,73:1,151:1;6600:15300,7360:15140
3876389784449;2;7:3,13:1,17:3,19:1,67:1,139:1;833:15708,6273:15368
3884762448576;2;2:6,3:3,19:3,31:1,97:1,109:1;6840:15276,11628:13224
3893605784712;2;2:3,3:3,7:1,19:3,37:1,73:1,139:1;114:15732,12274:12692
3894720753664;2;2:12,13:1,31:1,37:1,43:1,1483:1;5872:15456,9072:14656
3910283342784;2;2:6,3:3,7:1,13:1,67:1,211:1,1759:1;1980:15744,5592:15516
3912506318448;2;2:4,3:3,7:1,13:1,181:1,271:1,2029:1;7626:15138,10134:14214
3933836407683;2;3:3,7:2,13:2,19:1,277:1,3343:1;3:15786,11259:13584
3946015711512;2;2:3,3:6,7:3,19:1,47:3;1974:15792,8883:14805
3958240797000;2;2:3,3:3,5:3,7:1,19:1,31:3,37:1;1860:15810,8290:15020
3958262016128;2;2:7,7:6,31:1,61:1,139:1;3444:15764,9212:14700
3959560507968;2;2:6,3:3,13:1,19:1,37:1,157:1,1597:1;3396:15768,7974:15114
3967837362125;2;5:3,7:1,13:1,19:1,37:1,127:1,3907:1;1005:15830,10485:14120
3968390010368;2;2:9,7:4,37:1,43:1,2029:1;400:15832,12019:13069
3968882331687;2;3:2,7:1,13:1,19:1,43:1,73:1,193:1,421:1;9326:14671,11231:13666
3970881847296;2;2:15,3:3,7:1,13:1,31:1,37:1,43:1;5184:15648,10410:14166
3971128660597;2;7:4,109:1,127:1,163:1,733:1;1941:15826,5037:15664
3971830739471;2;7:1,31:1,67:1,107:3,223:1;8132:15087,9095:14766
3987503080344;2;2:3,3:3,7:1,19:3,31:1,79:1,157:1;2052:15846,10716:14022
3994792349184;2;2:9,3:6,7:1,13:1,337:1,349:1;9720:14544,11952:13176
3998306593736;2;2:3,7:1,13:1,19:1,31:4,313:1;3596:15810,11346:13640
4000770057375;2;3:2,5:3,7:1,13:1,19:1,31:1,43:1,1543:1;4220:15775,7970:15175
4001217593464;2;2:3,7:1,13:1,17:3,19:1,97:1,607:1;2227:15861,7888:15198
4001640441344;2;2:9,7:4,13:1,241:1,1039:1;11600:13464,11697:13391
4002252625000;2;2:3,5:6,7:3,17:3,19:1;5610:15640,8925:14875
4008000745567;2;7:4,13:4,211:1,277:1;3367:15834,12376:12831
4012222058000;2;2:4,5:3,13:1,19:1,31:1,37:1,73:1,97:1;2634:15866,12450:12770
4029787216000;2;2:7,5:3,7:1,13:1,19:1,31:1,37:1,127:1;4530:15790,8500:15060
4030570345536;2;2:6,3:3,7:3,19:1,71:3;1988:15904,8946:14910
4042251316467;2;3:3,7:1,13:3,31:1,43:1,67:1,109:1;2379:15912,3923:15850
4051137313251;2;3:3,7:7,19:1,43:1,223:1;1218:15939,3675:15876
4058099857000;2;2:3,5:3,7:1,19:1,31:1,73:1,97:1,139:1;2500:15930,7180:15450
4060313392625;2;5:3,7:4,19:1,31:1,103:1,223:1;672:15953,11865:13370
4073296885875;2;3:6,5:3,7:3,19:4;1995:15960,5643:15732
4083633852480;2;2:6,3:3,5:1,7:1,13:3,73:1,421:1;4279:15881,11784:13476
4092272838829;2;7:3,19:1,37:1,67:1,439:1,577:1;5584:15765,7573:15408
4092831645184;2;2:9,29:3,31:1,97:1,109:1;6960:15544,11832:13456
4092945941448;2;2:3,3:6,7:1,13:1,43:3,97:1;258:15996,5074:15824
4102133248512;2;2:9,3:6,13:1,37:1,73:1,313:1;6984:15552,11696:13576
4102154834904;2;2:3,3:3,7:1,37:1,73:1,919:1,1093:1;198:16008,3734:15940
4113350002125;2;3:3,5:3,7:1,13:3,19:1,43:1,97:1;2925:15990,11245:13910
4116324316104;2;2:3,3:3,7:3,11:3,13:3,19:1;2002:16016,9009:15015
4122680272256;2;2:7,7:1,13:4,19:1,61:1,139:1;5863:15769,11986:13390
4124531751912;2;2:3,3:3,11:3,13:1,31:1,97:1,367:1;3212:15994,9306:14916
4126837589504;2;2:9,7:2,409:1,523:1,769:1;9972:14636,11001:14087
4141589955776;2;2:6,7:1,13:1,23:3,211:1,277:1;3404:16008,12512:12972
4145176952000;2;2:6,5:3,7:3,19:1,43:3;5676:15824,9030:15050
4156798044672;2;2:9,3:3,7:1,13:1,79:1,151:1,277:1;9960:14688,11688:13680
4170741134625;2;3:3,5:3,13:3,43:1,103:1,127:1;10140:14625,10985:14170
4171732322121;2;3:3,7:2,13:1,19:1,31:1,43:1,61:1,157:1;922:16097,8273:15334
4177456192000;2;2:9,5:3,7:2,13:1,43:1,2383:1;6640:15720,12000:13480
4188870504000;2;2:6,3:3,5:3,7:1,13:4,97:1;260:16120,3432:16068
4188931881589;2;7:1,13:4,19:1,67:1,109:1,151:1;429:16120,12090:13429
4193627942933;2;11:3,13:1,43:1,151:1,163:1,229:1;5709:15884,7821:15488
4194450633464;2;2:3,7:4,13:1,19:3,31:1,79:1;5054:15960,6867:15701
4194910244889;2;3:6,7:4,13:1,19:1,31:1,313:1;3654:16065,11529:13860
4198739138713;2;7:1,31:1,67:1,109:3,223:1;8284:15369,9265:15042
4199595853752;2;2:3,3:6,13:3,31:1,97:1,109:1;7020:15678,11934:13572
4203286069248;2;2:15,3:9,7:3,19:1;2016:16128,9072:15120
4237389760149;2;3:9,7:1,13:1,29:3,97:1;261:16182,5133:16008
4238539464159;2;3:3,7:7,11:1,13:1,31:1,43:1;4998:16023,5516:15967
4242091252672;2;2:6,7:1,13:1,31:1,61:1,67:1,5749:1;160:16188,7324:15672
4249638677375;2;5:3,7:1,13:1,31:1,139:1,277:1,313:1;1815:16190,5570:15975
4253667243625;2;5:3,31:1,47:3,97:1,109:1;7050:15745,11985:13630
4257151935211;2;7:3,19:1,31:1,43:1,523:1,937:1;6667:15822,11059:14268
4289445268992;2;2:9,3:5,13:1,37:1,229:1,313:1;240:16248,6672:15864
4289775450688;2;2:6,7:1,13:1,31:1,67:3,79:1;5092:16080,12825:12967
4308200779328;2;2:6,31:1,59:3,97:1,109:1;7080:15812,12036:13688
4315364207000;2;2:3,5:3,7:1,11:3,31:1,67:1,223:1;8360:15510,9350:15180
4317591607875;2;3:2,5:3,7:1,13:1,103:1,241:1,1699:1;3875:16210,11210:14275
4321337252869;2;7:4,13:1,31:1,43:1,283:1,367:1;1701:16282,12061:13692
4335685965009;2;3:3,7:4,37:1,43:1,127:1,331:1;2681:16282,4676:16177
4352180931072;2;2:9,3:3,13:4,73:1,151:1;3705:16263,6864:15912
4358765634496;2;2:6,7:2,13:1,37:1,61:1,127:1,373:1;2480:16316,8279:15593
4361088568681;2;13:1,19:1,37:1,73:1,277:1,23599:1;3961:16260,7902:15697
4367834877952;2;2:12,7:1,13:1,19:1,37:1,79:1,211:1;7492:15804,8464:15552
4380866707392;2;2:6,3:3,7:3,19:1,73:3;2044:16352,9198:15330
4380883552808;2;2:3,7:3,37:3,43:1,733:1;6216:16058,10730:14652
4385192587776;2;2:9,3:6,7:1,11:3,13:1,97:1;264:16368,5192:16192
4386533697000;2;2:3,3:9,5:3,7:1,13:1,31:1,79:1;5130:16200,10170:14940
4394392499763;2;3:3,7:3,19:1,73:1,313:1,1093:1;3388:16331,7014:15939
4397688243046;2;2:1,7:3,29:3,31:1,61:1,139:1;3567:16327,9541:15225
4397855408128;2;2:18,7:1,13:1,19:1,31:1,313:1;3712:16320,11712:14080
4409958007000;2;2:3,5:3,7:2,13:1,19:1,199:1,1831:1;1920:16390,11910:13960
4417608017368;2;2:3,7:1,13:1,47:3,211:1,277:1;3478:16356,12784:13254
4418662154536;2;2:3,7:3,17:3,31:1,97:1,109:1;7140:15946,12138:13804
4429510619625;2;3:3,5:3,7:1,13:1,19:1,43:1,127:1,139:1;9465:15300,12030:13905
4435213316625;2;3:3,5:3,7:1,13:1,53:3,97:1;265:16430,3498:16377
4441153024000;2;2:12,5:3,7:3,11:3,19:1;5808:16192,9240:15400
4465427416632;2;2:3,3:3,7:4,13:1,43:1,73:1,211:1;5166:16296,7560:15918
4468540690432;2;2:12,7:3,13:1,19:1,79:1,163:1;1792:16464,8272:15744
4471502484456;2;2:3,3:6,7:9,19:1;2058:16464,9261:15435
4484736069632;2;2:12,7:1,13:1,17:3,31:1,79:1;918:16490,5168:16320
4485675913992;2;2:3,3:2,7:4,13:1,31:3,67:1;434:16492,3248:16450
4504846560543;2;3:3,7:1,19:1,43:1,67:3,97:1;3015:16482,11591:14338
4516658667712;2;2:6,19:1,67:1,73:1,79:1,9613:1;4776:16396,6960:16108
4517285432625;2;3:3,5:3,7:3,19:1,59:3;2065:16520,5841:16284
4522286749491;2;3:6,7:1,103:3,811:1;5574:16323,9682:15347
4532996049589;2;7:3,31:1,61:1,97:1,109:1,661:1;4620:16429,7672:15981
4536393033627;2;3:6,7:1,13:1,89:3,97:1;267:16554,5251:16376
4541310144000;2;2:9,3:3,5:3,7:1,37:1,73:1,139:1;120:16560,12920:13360
4555053346816;2;2:12,7:4,31:1,67:1,223:1;8512:15792,9520:15456
4557241850427;2;3:6,7:3,19:1,67:1,103:1,139:1;1035:16578,12579:13692
4560100692875;2;5:3,7:1,13:1,19:3,211:1,277:1;3515:16530,12920:13395
4562036048843;2;7:2,13:4,41:1,43:3;6708:16211,11882:14235
4563379828224;2;2:9,3:3,7:3,19:1,37:3;2072:16576,9324:15540
4594282973000;2;2:3,5:3,7:3,19:1,89:3;5874:16376,9345:15575
4600243959337;2;13:1,19:1,43:1,139:1,1669:1,1867:1;5241:16456,8382:15889
4607242742375;2;5:3,7:1,13:4,19:1,31:1,313:1;3770:16575,11895:14300
4614624787968;2;2:9,3:3,13:1,31:1,37:1,61:1,367:1;2400:16632,13048:13376
4636561921875;2;3:3,5:6,13:1,37:1,73:1,313:1;7275:16200,8460:15915
4638888879625;2;5:3,7:3,11:3,13:3,37:1;2200:16665,12870:13585
4640662070261;2;7:4,19:1,29:3,43:1,97:1;3045:16646,8472:15917
4645217184344;2;2:3,11:6,31:1,97:1,109:1;7260:16214,12342:14036
4646548730259;2;3:6,673:1,757:1,12511:1;1488:16683,3819:16620
4656507184728;2;2:3,3:3,7:3,19:1,149:3;2086:16688,9387:15645
4678156324709;2;7:1,31:1,67:1,113:3,223:1;8588:15933,9605:15594
4685515982784;2;2:6,3:3,7:1,13:1,23:3,31:1,79:1;5244:16560,10396:15272
4695621632000;2;2:18,5:3,13:1,73:1,151:1;3800:16680,7040:16320
4698348484375;2;5:6,7:1,13:1,79:1,151:1,277:1;10375:15300,12175:14250
4712920532073;2;3:3,13:1,23:3,31:1,97:1,367:1;3358:16721,9729:15594
4721814187272;2;2:3,3:6,7:1,13:1,37:2,67:1,97:1;6210:16488,9714:15612
4733066763000;2;2:3,3:6,5:3,19:1,31:1,73:1,151:1;3795:16725,11565:14715
4745723141952;2;2:6,3:6,13:1,19:1,43:1,61:1,157:1;11706:14646,13332:13344
4753719375552;2;2:6,3:3,7:1,19:1,67:1,139:1,2221:1;12816:13836,13203:13485
4753895180671;2;7:1,13:1,19:4,31:1,67:1,193:1;7999:16188,10222:15447
4761342304192;2;2:6,31:1,61:3,97:1,109:1;7320:16348,12444:14152
4820123648375;2;5:3,7:6,31:1,97:1,109:1;7350:16415,12495:14210
4836244517559;2;3:6,7:1,13:1,271:1,367:1,733:1;162:16911,6543:16578
4837302041111;2;19:1,29:3,37:1,307:1,919:1;8127:16262,12180:14471
4843164146184;2;2:3,3:2,7:7,13:1,61:1,103:1;385:16919,12544:14210
4846545720072;2;2:3,3:3,7:3,19:1,151:3;2114:16912,9513:15855
4849141217193;2;3:6,7:4,13:4,97:1;273:16926,5369:16744
4854212893621;2;7:1,13:1,97:3,211:1,277:1;3589:16878,13192:13677
4879386804168;2;2:3,3:3,31:1,41:3,97:1,109:1;7380:16482,12546:14268
4890494319291;2;3:3,7:1,37:1,41:3,73:1,139:1;123:16974,13243:13694
4892200768000;2;2:9,5:3,7:4,13:1,31:1,79:1;945:16975,5320:16800
4911022207000;2;2:3,5:3,7:6,13:3,19:1;6006:16744,9555:15925
4913003375000;2;2:3,5:6,7:3,19:1,37:1,163:1;150:17000,7190:16560
4920427841049;2;3:6,7:1,19:1,23:3,43:1,97:1;3105:16974,11937:14766
4924587055752;2;2:3,3:3,7:3,13:1,19:1,439:1,613:1;1428:17010,9954:15792
4930976362375;2;5:3,7:1,23:3,31:1,67:1,223:1;8740:16215,9775:15870
4936500504000;2;2:6,3:3,5:3,13:1,19:1,67:1,1381:1;974:17026,1215:17025
4943473790976;2;2:12,3:3,7:3,19:4;2128:17024,9576:15960
4956498421875;2;3:3,5:6,7:1,11:3,13:1,97:1;275:17050,3630:16995
4975167164968;2;2:3,7:1,11:3,13:1,43:1,97:1,1231:1;11209:15279,13200:13882
4992418722375;2;3:3,5:3,7:3,19:1,61:3;2135:17080,6039:16836
4997103485409;2;3:3,7:1,37:3,43:1,61:1,199:1;3256:17057,9678:15993
4997784230712;2;2:3,3:3,7:1,13:1,31:1,47:3,79:1;5358:16920,10622:15604
4999366416896;2;2:9,31:4,97:1,109:1;7440:16616,12648:14384
5001148984104;2;2:3,3:3,7:1,13:1,31:1,43:1,163:1,1171:1;6732:16746,7360:16634
5005896242984;2;2:3,7:7,13:1,211:1,277:1;3626:17052,13328:13818
5010766173504;2;2:6,3:6,7:1,13:1,23:3,97:1;276:17112,5428:16928
5041685658744;2;2:3,3:9,7:3,17:3,19:1;2142:17136,9639:16065
5060429545717;2;7:1,13:3,19:1,103:1,277:1,607:1;8866:16341,9204:16237
5060732328512;2;2:6,7:1,29:3,31:1,67:1,223:1;8816:16356,9860:16008
5069444542344;2;2:3,3:3,7:1,13:1,331:1,733:1,1063:1;1964:17170,9762:16056
5074456540608;2;2:6,3:2,7:1,13:1,19:1,73:1,223:1,313:1;1552:17180,10552:15740
5074709696000;2;2:9,5:3,7:3,19:1,23:3;6072:16928,9660:16100
5082471576000;2;2:6,3:3,5:3,7:1,13:1,19:1,31:1,439:1;4770:17070,10620:15720
5093105518648;2;2:3,7:4,19:1,23:3,31:1,37:1;7648:16686,12328:14766
5106410559432;2;2:3,3:6,7:1,13:1,31:1,211:1,1471:1;4656:17106,10818:15660
5106966213375;2;3:2,5:3,13:1,37:1,43:1,139:1,1579:1;6830:16855,12295:14810
5128812056312;2;2:3,7:1,19:1,43:1,97:1,619:1,1867:1;6606:16916,10158:15980
5141189769408;2;2:6,3:3,7:6,11:3,19:1;2156:17248,9702:16170
5149736163000;2;2:3,3:3,5:3,11:3,13:1,73:1,151:1;7260:16830,8096:16654
5155339021560;2;2:3,3:6,5:1,7:3,13:1,31:1,1279:1;2268:17262,7854:16716
5157989023824;2;2:4,3:3,7:1,13:1,31:1,37:1,73:1,1567:1;38:17278,1530:17274
5158990848375;2;3:3,5:3,7:1,13:1,19:3,31:1,79:1;5415:17100,10735:15770
5171296974632;2;2:3,73:1,103:1,127:1,151:1,4483:1;4884:17162,10106:16056
5175943185231;2;3:9,7:1,13:1,31:3,97:1;279:17298,5487:17112
5195177141427;2;3:3,7:1,13:1,229:1,1009:1,9151:1;11203:15590,13203:14250
5231798208000;2;2:9,3:3,5:3,7:4,13:1,97:1;280:17360,3696:17304
5231874867128;2;2:3,7:4,13:1,19:1,67:1,109:1,151:1;462:17360,13020:14462
5245193911104;2;2:6,3:6,7:3,31:1,97:1,109:1;7560:16884,12852:14616
5265049544839;2;7:3,19:1,37:1,97:1,163:1,1381:1;4375:17304,8407:16716
5267436083000;2;2:3,5:3,7:1,13:1,29:1,31:3,67:1;2040:17390,10280:16110
5268418500807;2;3:3,7:1,11:3,19:1,31:3,37:1;2046:17391,9119:16522
5275064360384;2;2:6,7:1,13:1,17:3,19:1,31:1,313:1;3944:17340,12444:14960
5275161272043;2;3:6,13:1,67:1,79:1,103:1,1021:1;8266:16763,13107:14460
5289780723136;2;2:6,7:1,13:1,19:1,43:1,73:1,97:1,157:1;1847:17417,10544:16028
5292193506327;2;3:3,7:1,13:1,19:3,43:1,67:1,109:1;3186:17391,10830:15903
5297856591664;2;2:4,7:1,13:3,19:3,43:1,73:1;12438:14998,13585:14079
5304072783464;2;2:3,7:4,13:3,37:1,43:1,79:1;4970:17304,11193:15743
5318677000000;2;2:6,5:6,7:1,13:1,211:1,277:1;3700:17400,13600:14100
5322339670697;2;7:4,19:1,23:3,43:1,223:1;1334:17457,4025:17388
5327033421304;2;2:3,7:1,31:1,59:3,67:1,223:1;8968:16638,10030:16284
5330357236232;2;2:3,7:1,61:1,79:1,97:1,157:1,1297:1;690:17468,7892:16914
5343656990744;2;2:3,19:1,37:1,43:1,241:1,277:1,331:1;3046:17452,7480:17014
5344108503552;2;2:9,3:6,7:3,13:3,19:1;2184:17472,9828:16380
5344710861672;2;2:3,3:6,7:1,13:1,47:3,97:1;282:17484,5546:17296
5345513454125;2;5:3,13:2,19:1,31:1,43:1,97:1,103:1;4780:17365,9805:16390
5360812790571;2;3:3,7:1,19:1,43:1,71:3,97:1;3195:17466,12283:15194
5363646784496;2;2:4,7:1,11:3,13:1,19:1,31:1,37:1,127:1;4983:17369,9350:16566
5371073257832;2;2:3,31:1,97:1,109:1,127:3;7620:17018,12954:14732
5392103774967;2;3:6,7:5,13:1,97:1,349:1;798:17535,4690:17423
5401330909667;2;7:1,11:3,19:1,31:1,73:1,97:1,139:1;2750:17523,7898:16995
5411796770107;2;7:3,13:1,19:4,67:1,139:1;931:17556,7011:17176
5411876272264;2;2:3,7:2,11:3,31:1,313:1,1069:1;6226:17292,12265:15279
5412915928000;2;2:6,5:3,7:3,19:1,47:3;6204:17296,9870:16450
5413323247416;2;2:3,3:3,7:1,19:3,43:1,61:1,199:1;3344:17518,13281:14535
5434761214125;2;3:3,5:3,17:3,31:1,97:1,109:1;7650:17085,13005:14790
5435768991744;2;2:12,3:3,7:3,13:1,73:1,151:1;3990:17514,7392:17136
5447540019096;2;2:3,3:3,7:3,19:1,157:3;2198:17584,9891:16485
5449224997027;2;7:1,19:1,31:1,37:1,1297:1,27541:1;7515:17128,12114:15427
5453652347208;2;2:3,3:2,13:4,37:1,229:1,313:1;260:17602,7228:17186
5463617454323;2;7:4,17:3,31:1,67:1,223:1;9044:16779,10115:16422
5479838231777;2;7:1,13:1,101:3,211:1,277:1;3737:17574,13736:14241
5496183807877;2;7:1,31:1,37:1,73:1,97:1,277:1,349:1;2592:17629,8053:17070
5498950647808;2;2:24,31:1,97:1,109:1;7680:17152,13056:14848
5499752509125;2;3:9,5:3,7:6,19:1;2205:17640,6237:17388
5511226967883;2;3:3,7:1,13:1,19:1,23:3,31:1,313:1;4002:17595,12627:15180
5517185207625;2;3:5,5:3,7:1,13:1,31:3,67:1;465:17670,3480:17625
5536991096000;2;2:6,5:3,7:1,13:1,19:1,31:1,37:1,349:1;5420:17520,12890:15030
5539101709176;2;2:3,3:2,7:2,19:1,31:1,127:1,139:1,151:1;6184:17438,13976:14110
5545412948088;2;2:3,3:6,13:1,31:1,37:1,43:1,1483:1;6606:17388,10206:16488
5552297561664;2;2:6,3:3,7:3,19:1,79:3;2212:17696,9954:16590
5559349458033;2;3:3,7:1,79:1,109:1,379:1,9013:1;6452:17425,10761:16278
5560289606144;2;2:9,7:1,13:1,19:1,43:3,79:1;172:17716,11008:16168
5581831745763;2;3:2,7:6,13:1,31:1,103:1,127:1;931:17738,13531:14588
5586067875752;2;2:3,7:1,13:1,19:4,97:1,607:1;2489:17727,8816:16986
5587512875000;2;2:3,5:6,7:3,19:4;6270:17480,9975:16625
5588428278888;2;2:3,3:3,7:3,13:4,19:1,139:1;5817:17535,10218:16536
5602390799040;2;2:6,3:3,5:1,7:1,31:1,67:1,103:1,433:1;7398:17322,9036:16944
5623277338952;2;2:3,7:1,13:3,19:1,31:1,73:1,1063:1;1640:17778,11778:15860
5626769637125;2;5:3,7:1,13:1,19:1,67:1,73:1,5323:1;7045:17410,9925:16690
5641655400297;2;3:3,7:1,37:1,43:3,73:1,139:1;129:17802,13889:14362
5644113628608;2;2:6,3:6,7:1,13:1,19:1,31:1,37:1,61:1;1350:17802,12552:15420
5653853255232;2;2:6,3:9,7:1,13:1,31:1,37:1,43:1;2616:17796,5832:17604
5658389577288;2;2:3,3:6,7:3,19:1,53:3;2226:17808,10017:16695
5663333914056;2;2:3,3:3,7:7,13:1,31:1,79:1;5586:17640,11074:16268
5680539774000;2;2:4,3:3,5:3,7:1,13:1,37:1,157:1,199:1;1662:17838,9865:16775
5693172645888;2;2:15,3:9,7:1,13:1,97:1;288:17856,5664:17664
5697872971336;2;2:3,7:5,13:1,41:1,43:3;7224:17458,12796:15330
5712875275653;2;3:2,7:1,13:1,19:1,67:1,79:1,139:1,499:1;9949:16784,12206:15733
5743749759517;2;7:1,11:6,31:1,67:1,223:1;9196:17061,10285:16698
5754335041000;2;2:3,5:3,7:4,13:1,19:1,31:1,313:1;4060:17850,12810:15400
5779700186624;2;2:9,7:1,13:1,31:1,37:3,79:1;999:17945,5624:17760
5803464303000;2;2:3,3:2,5:3,7:4,13:1,73:1,283:1;3059:17941,13600:14870
5808719093184;2;2:6,3:3,7:4,19:1,31:1,2377:1;252:17976,13980:14544
5811861962179;2;7:1,13:1,103:3,211:1,277:1;3811:17922,14008:14523
5812605981000;2;2:3,3:3,5:3,7:1,13:1,29:3,97:1;290:17980,3828:17922
5819480529408;2;2:9,3:3,7:1,13:3,31:1,883:1;1989:17979,3240:17952
5826720356037;2;3:3,7:1,19:1,43:1,73:3,97:1;3285:17958,12629:15622
5840732691729;2;3:12,13:1,37:1,73:1,313:1;7857:17496,13158:15273
5841435627125;2;5:3,7:1,19:3,67:1,73:1,199:1;6770:17685,7269:17606
5869654107317;2;7:2,11:3,13:1,19:1,199:1,1831:1;2112:18029,13101:15356
5872943972259;2;3:6,7:1,13:1,97:4;291:18042,5723:17848
5874610811832;2;2:3,3:3,7:6,19:1,23:3;2254:18032,10143:16905
5887336938056;2;2:3,7:1,31:1,61:3,67:1,223:1;9272:17202,10370:16836
5894728403464;2;2:3,31:1,97:1,109:1,131:3;7860:17554,13362:15196
5908542717952;2;2:16,7:3,31:1,61:1,139:1;3936:18016,10528:16800
5918565965949;2;3:9,7:1,13:1,79:1,151:1,277:1;11205:16524,13149:15390
5920641806625;2;3:3,5:3,7:6,13:1,31:1,37:1;10290:16905,13720:14945
5947889941000;2;2:3,5:3,7:3,19:1,97:3;6402:17848,10185:16975
5947979617125;2;3:6,5:3,7:2,13:1,43:1,2383:1;7470:17685,13500:15165
5954844987000;2;2:3,3:2,5:3,7:1,13:1,73:1,103:1,967:1;3550:18080,12760:15710
5956880099625;2;3:5,5:3,7:4,13:1,61:1,103:1;6920:17785,13440:15225
5973101377984;2;2:6,13:3,19:1,487:1,4591:1;220:18144,7644:17680
5980228240896;2;2:9,3:3,7:2,13:1,19:1,31:1,1153:1;4272:18072,10968:16704
5982788284928;2;2:9,7:1,13:4,211:1,277:1;3848:18096,14144:14664
5984756922816;2;2:6,3:15,7:3,19:1;2268:18144,10206:17010
5987939636224;2;2:10,7:1,13:1,19:1,31:1,79:1,1381:1;2074:18150,6088:17928
5999108232152;2;2:3,7:4,31:1,73:1,79:1,1747:1;6580:17878,13027:15589
6011974127880;2;2:3,3:3,5:1,7:1,37:1,157:1,136897:1;657:18183,5276:18034
6016949450577;2;3:3,13:1,31:1,37:1,193:1,211:1,367:1;3270:18153,4484:18097
6017193000000;2;2:6,3:3,5:6,7:1,13:1,31:1,79:1;5700:18000,11300:16600
6030755292672;2;2:9,3:3,11:3,31:1,97:1,109:1;7920:17688,13464:15312
6032914717921;2;7:6,13:1,19:1,31:1,37:1,181:1;5537:18032,13916:14945
6034581265375;2;5:3,13:1,53:1,79:2,103:1,109:1;10240:17055,14110:14775
6038780440329;2;3:3,7:1,13:4,19:1,97:1,607:1;9048:17433,14209:14690
6040342546875;2;3:3,5:6,7:3,13:3,19:1;2275:18200,6435:17940
6044483801664;2;2:6,3:3,7:1,11:3,37:1,73:1,139:1;132:18216,14212:14696
6052386234375;2;3:3,5:6,13:1,31:1,97:1,367:1;3650:18175,10575:16950
6053295286656;2;2:7,3:6,43:1,97:1,103:1,151:1;2748:18204,11286:16650
6056460400536;2;2:3,3:6,7:7,13:1,97:1;294:18228,5782:18032
6060875968000;2;2:9,5:3,7:1,19:1,31:1,103:1,223:1;768:18232,13560:15280
6096271290984;2;2:3,3:3,7:3,19:1,163:3;2282:18256,10269:17115
6099546518875;2;5:3,31:1,53:3,97:1,109:1;7950:17755,13515:15370
6107432814639;2;3:11,13:1,37:1,229:1,313:1;270:18279,7506:17847
6113473859584;2;2:12,7:1,13:3,37:1,43:1,61:1;5148:18148,10152:17176
6118471461375;2;3:3,5:3,7:1,13:1,59:3,97:1;295:18290,3894:18231
6129534470696;2;2:3,7:1,13:1,43:1,307:1,571:1,1117:1;8808:17594,14264:14778
6133106063728;2;2:4,7:4,31:1,37:1,181:1,769:1;3262:18270,13909:15099
6133748264000;2;2:6,5:3,7:9,19:1;6468:18032,10290:17150
6154546580712;2;2:3,3:6,19:1,37:1,1087:1,1381:1;1242:18324,6858:18000
6158658961000;2;2:3,5:3,7:1,13:3,43:1,67:1,139:1;3690:18280,12960:15850
6168858888248;2;2:3,7:3,19:3,31:1,97:1,109:1;7980:17822,13566:15428
6171864184512;2;2:6,3:2,13:1,139:1,181:3;9133:17555,11584:16652
6174856779264;2;2:9,3:5,43:1,73:1,97:1,163:1;10904:16960,11028:16908
6177782758329;2;3:3,7:1,13:1,73:1,79:1,127:1,3433:1;1584:18345,10812:17001
6181650612928;2;2:6,7:1,31:4,67:1,223:1;9424:17484,10540:17112
6197380031304;2;2:3,3:6,7:2,11:1,103:1,19141:1;2034:18360,13938:15168
6209162362368;2;2:9,3:3,7:3,19:1,41:3;2296:18368,10332:17220
6211707753608;2;2:3,7:2,19:1,67:1,97:1,181:1,709:1;6098:18156,8511:17753
6219046144584;2;2:3,3:6,7:1,13:1,19:1,37:1,79:1,211:1;8130:17844,9522:17496
6243760540017;2;3:12,7:1,11:3,13:1,97:1;297:18414,5841:18216
6251360563000;2;2:3,5:3,7:3,19:1,67:1,103:1,139:1;1150:18420,12705:16135
6255841815125;2;5:3,7:4,19:1,31:1,43:1,823:1;12110:16485,12600:16205
6263688697344;2;2:9,3:3,13:1,19:1,37:1,43:1,1153:1;1176:18432,13839:15345
6266879553753;2;3:3,7:3,13:4,19:1,29:1,43:1;3081:18408,8337:17850
6297723969472;2;2:6,13:1,19:3,31:1,97:1,367:1;1714:18462,10716:17176
6307028283456;2;2:6,3:3,19:1,577:3;2308:18464,10386:17310
6309054922816;2;2:6,31:1,67:3,97:1,109:1;8040:17956,13668:15544
6312053384000;2;2:6,5:3,7:3,13:1,19:1,67:1,139:1;980:18480,7380:18080
6318869484375;2;3:6,5:6,7:1,19:1,43:1,97:1;3375:18450,12975:16050
6320354425784;2;2:3,7:4,19:1,103:1,277:1,607:1;9548:17598,9912:17486
6326916051456;2;2:9,3:3,7:4,11:1,13:1,31:1,43:1;5712:18312,6304:18248
6332007206287;2;7:4,19:3,31:1,79:1,157:1;2394:18487,12502:16359
6332416015625;2;5:9,7:1,31:1,67:1,223:1;9500:17625,10625:17250
6334629405832;2;2:3,7:1,13:1,53:3,211:1,277:1;3922:18444,14416:14946
6345515241891;2;3:3,7:4,31:1,37:1,61:1,1399:1;9170:17731,14427:14952
6366742769296;2;2:4,7:3,13:1,79:3,181:1;1743:18529,12166:16590
6385493349144;2;2:3,3:6,7:1,13:1,17:3,31:1,79:1;5814:18360,11526:16932
6407981955648;2;2:6,3:3,7:4,13:3,19:1,37:1;2184:18564,8376:17988
6409759317507;2;3:3,7:4,13:1,19:1,31:1,37:1,349:1;3451:18536,5691:18396
6418282600448;2;2:11,19:1,31:1,877:1,6067:1;264:18584,10776:17288
6418694163609;2;3:3,7:4,13:1,19:1,31:1,67:1,193:1;8841:17892,11298:17073
6433323801688;2;2:3,7:1,17:3,31:1,571:1,1321:1;816:18598,14467:15045
6434089801776;2;2:4,3:3,7:1,13:1,547:3;1094:18598,8205:18051
6434977287375;2;3:3,5:3,7:1,13:1,19:1,67:1,109:1,151:1;495:18600,13950:15495
6439108398912;2;2:6,3:3,7:3,19:1,83:3;2324:18592,10458:17430
6448055014583;2;7:1,13:1,17:3,19:1,43:1,127:1,139:1;10727:17340,13634:15759
6467230472248;2;2:3,7:9,13:1,23:1,67:1;2968:18606,13230:16072
6471927737856;2;2:9,3:3,7:1,37:1,43:1,127:1,331:1;3064:18608,5344:18488
6477111368000;2;2:6,5:3,7:1,13:1,37:2,67:1,97:1;6900:18320,12695:16425
6479959095918;2;2:1,3:3,7:3,11:3,31:1,61:1,139:1;4059:18579,10857:17325
6515314624000;2;2:9,5:3,7:1,13:1,19:1,97:1,607:1;2620:18660,9280:17880
6515608028111;2;7:1,13:1,107:3,211:1,277:1;3959:18618,14552:15087
6517000000000;2;2:9,5:9,7:3,19:1;6600:18400,10500:17500
6521562866917;2;7:4,31:1,43:1,73:1,103:1,271:1;3325:18648,3717:18634
6537055522816;2;2:12,7:3,13:1,73:1,4903:1;3288:18664,11599:17073
6539207492125;2;5:3,7:3,11:3,19:1,37:1,163:1;165:18700,7909:18216
6556180256136;2;2:3,3:3,7:3,19:1,167:3;2338:18704,10521:17535
6557600597184;2;2:6,3:7,7:4,13:1,19:1,79:1;7248:18348,13440:16044
6595787239424;2;2:12,17:3,31:1,97:1,109:1;8160:18224,13872:15776
6615244589625;2;3:3,5:3,7:3,19:1,67:3;2345:18760,6633:18492
6629866389783;2;3:6,7:1,13:1,97:1,101:3;303:18786,5959:18584
6641261217451;2;7:1,31:1,67:1,127:3,223:1;9652:17907,10795:17526
6674662600704;2;2:12,3:6,7:6,19:1;2352:18816,10584:17640
6676183019331;2;3:3,7:1,19:3,43:1,229:1,523:1;13155:16386,14136:15675
6705625806152;2;2:3,7:3,13:2,19:1,37:1,67:1,307:1;3842:18804,7185:18503
6714471617000;2;2:3,5:3,7:3,19:1,101:3;6666:18584,10605:17675
6722100245952;2;2:6,3:3,7:1,13:1,103:1,181:1,2293:1;7484:18472,10524:17712
6724048133439;2;3:6,7:4,13:1,19:1,103:1,151:1;2754:18855,11004:17535
6727324066281;2;3:3,7:1,13:1,19:3,31:1,79:1,163:1;1704:18873,4161:18810
6742354986712;2;2:3,31:1,97:1,109:1,137:3;8220:18358,13974:15892
6757245163179;2;3:3,7:1,43:1,79:1,1063:1,9901:1;3456:18867,13332:16371
6762019343625;2;3:3,5:3,7:1,13:1,61:3,97:1;305:18910,4026:18849
6766454744576;2;2:9,31:1,61:1,97:1,109:1,661:1;5280:18776,8768:18264
6794563878648;2;2:3,3:3,7:3,13:6,19:1;2366:18928,10647:17745
6798235168088;2;2:3,7:1,13:1,19:1,31:1,37:3,313:1;4292:18870,13542:16280
6799379922944;2;2:21,7:1,31:1,67:1,223:1;9728:18048,10880:17664
6808111389144;2;2:3,3:3,13:4,31:1,97:1,367:1;3796:18902,10998:17628
6811480218816;2;2:6,3:2,7:3,13:1,37:1,229:1,313:1;280:18956,7784:18508
6816446140625;2;5:6,11:3,31:1,97:1,109:1;8250:18425,14025:15950
6828749318664;2;2:3,3:9,7:1,13:1,17:3,97:1;306:18972,6018:18768
6835009234375;2;5:6,7:4,19:1,43:1,223:1;1450:18975,4375:18900
6837979122513;2;3:3,7:4,11:3,19:1,43:1,97:1;3465:18942,13321:16478
6847311744000;2;2:10,3:2,5:3,7:3,13:1,31:1,43:1;8470:18410,13180:16580
6887840956633;2;7:1,13:1,109:3,211:1,277:1;4033:18966,14824:15369
6891078103488;2;2:6,3:3,23:3,31:1,97:1,109:1;8280:18492,14076:16008
6898111983000;2;2:3,3:3,5:3,7:1,37:1,61:1,103:1,157:1;1971:19029,9552:18198
6901652007432;2;2:3,3:3,7:4,13:1,37:1,73:1,379:1;2436:19026,12546:17016
6906765065256;2;2:3,3:3,7:1,23:3,37:1,73:1,139:1;138:19044,14858:15364
6911200386125;2;5:3,7:1,37:1,43:1,103:1,157:1,307:1;3125:19020,11520:17525
6922238422437;2;3:3,13:1,19:1,31:1,73:1,523:1,877:1;1341:19056,13077:16734
6933119716224;2;2:7,3:3,13:1,19:1,31:1,37:1,73:1,97:1;11428:17588,14940:15324
6943339238472;2;2:3,3:5,7:1,13:1,19:1,31:1,37:1,1801:1;1572:19074,11409:17607
6958992344031;2;3:2,7:3,13:1,19:1,31:1,37:1,73:1,109:1;3935:19036,12838:16919
6989945591503;2;7:4,19:1,37:1,43:1,193:1,499:1;6846:18823,14151:16078
6992772800832;2;2:6,3:3,7:1,13:1,19:1,67:1,181:1,193:1;3426:19086,10104:18132
7004678408000;2;2:6,5:3,7:1,13:1,31:1,211:1,1471:1;11475:17645,12020:17400
7010957426473;2;7:1,11:3,13:1,29:1,31:3,67:1;2244:19129,11308:17721
7017479315856;2;2:4,3:3,19:1,43:1,139:1,313:1,457:1;2811:19125,11978:17434
7023589475392;2;2:6,7:1,19:1,31:1,61:1,163:1,2677:1;8823:18505,14082:16174
7026087301632;2;2:9,3:3,7:2,31:1,313:1,1069:1;6792:18864,13380:16668
7031570395941;2;3:6,7:1,13:1,97:1,103:3;309:19158,6077:18952
7038657018792;2;2:3,3:9,7:3,19:4;2394:19152,10773:17955
7041972322376;2;2:3,31:1,97:1,109:1,139:3;8340:18626,14178:16124
7055642063232;2;2:7,3:3,7:7,37:1,67:1;5684:19012,6843:18885
7077580453125;2;3:3,5:6,7:1,13:1,19:1,31:1,313:1;4350:19125,13725:16500
7079159087000;2;2:3,5:3,7:1,11:3,13:1,211:1,277:1;4070:19140,14960:15510
7087077727856;2;2:4,7:3,17:3,31:1,61:1,139:1;4182:19142,11186:17850
7093888595008;2;2:6,19:3,31:1,37:1,73:1,193:1;3002:19190,10436:18128
7097742467361;2;3:3,7:4,13:1,19:1,31:1,79:1,181:1;6412:18977,7833:18774
7100059239000;2;2:3,3:3,5:3,7:1,13:1,31:3,97:1;310:19220,4092:19158
7121301859000;2;2:3,5:3,7:3,19:1,103:3;6798:18952,10815:18025
7123106809000;2;2:3,5:3,7:1,13:3,31:1,67:1,223:1;9880:18330,11050:17940
7128590079735;2;3:6,5:1,19:1,43:1,79:1,157:1,193:1;1956:19239,7143:18912
7162865773056;2;2:9,3:3,7:3,19:1,43:3;2408:19264,10836:18060
7166573138088;2;2:3,3:3,7:1,13:1,31:1,53:3,79:1;6042:19080,11978:17596
7184794157632;2;2:6,7:1,13:1,19:1,31:1,43:1,67:1,727:1;5220:19168,15168:15460
7214792079339;2;3:3,13:1,97:1,499:1,631:1,673:1;138:19323,5430:19179
7225514391375;2;3:6,5:3,7:3,19:1,23:3;2415:19320,6831:19044
7229446189056;2;2:12,3:2,7:4,13:1,61:1,103:1;440:19336,14336:16240
7238368230912;2;2:9,3:6,7:1,13:4,97:1;312:19344,6136:19136
7268833485368;2;2:3,7:1,13:1,31:1,37:1,2347:1,3709:1;11957:17715,12240:17582
7288527244824;2;2:3,3:3,7:3,19:1,173:3;2422:19376,10899:18165
7288753895927;2;7:1,31:1,67:1,131:3,223:1;9956:18471,11135:18078
7302643712000;2;2:18,5:3,7:1,13:1,31:1,79:1;1080:19400,6080:19200
7308373782528;2;2:12,3:3,7:1,13:1,19:1,37:1,1033:1;1912:19400,12412:17540
7327853251264;2;2:6,7:3,13:1,31:1,37:1,61:1,367:1;2800:19404,14779:16005
7330738688000;2;2:12,5:3,7:3,13:3,19:1;6864:19136,10920:18200
7342196718528;2;2:6,3:2,7:1,43:1,151:1,283:1,991:1;4412:19360,10705:18287
7343375634504;2;2:3,3:3,7:1,13:1,31:1,139:1,277:1,313:1;2178:19428,6684:19170
7345203629120;2;2:6,5:1,7:3,181:1,331:1,1117:1;6104:19236,8574:18866
7350336996984;2;2:3,3:3,31:1,47:3,97:1,109:1;8460:18894,14382:16356
7364475157312;2;2:6,7:1,13:1,19:4,31:1,313:1;4408:19380,13908:16720
7367069423133;2;3:3,7:1,37:1,47:3,73:1,139:1;141:19458,15181:15698
7369735148776;2;2:3,7:1,11:3,13:1,19:1,31:1,37:1,349:1;5962:19272,14179:16533
7378640773875;2;3:3,5:3,7:1,31:1,73:1,79:1,1747:1;5570:19315,7050:19155
7384768217379;2;3:3,7:1,19:1,43:1,79:3,97:1;3555:19434,13667:16906
7415649880128;2;2:6,3:6,7:3,19:1,29:3;2436:19488,10962:18270
7419536609751;2;3:3,7:1,19:3,103:1,181:1,307:1;1074:19503,15200:15751
7436549155392;2;2:6,3:6,7:1,19:1,31:1,67:1,577:1;3972:19464,12496:17636
7456564717875;2;3:3,5:3,7:1,13:1,19:1,1033:1,1237:1;1844:19531,6660:19275
7460798298408;2;2:3,3:5,7:1,13:1,103:1,241:1,1699:1;4650:19452,13452:17130
7472358240256;2;2:12,7:4,13:1,211:1,277:1;4144:19488,15232:15792
7475984976824;2;2:3,7:3,13:3,31:1,109:1,367:1;3230:19524,13902:16856
7498066047381;2;3:3,7:4,13:1,37:2,67:1,97:1;7245:19236,11333:18214
7507838917952;2;2:6,31:1,71:3,97:1,109:1;8520:19028,14484:16472
7522200720216;2;2:3,3:2,7:1,13:1,19:1,31:1,37:1,139:1,379:1;6502:19352,11318:18244
7523471326995;2;3:3,5:1,13:1,19:2,43:1,157:1,1759:1;7107:19278,13356:17259
7535088931032;2;2:3,3:6,13:1,31:1,67:1,109:1,439:1;2166:19596,4164:19542
7536032581896;2;2:3,3:3,7:3,13:1,19:1,43:1,61:1,157:1;13657:17087,15554:15568
7543452246750;2;2:1,3:3,5:3,7:1,31:1,37:1,181:1,769:1;3495:19575,8733:19017
7567656298137;2;3:2,13:1,29:3,37:1,229:1,313:1;290:19633,8062:19169
7579930228416;2;2:6,3:12,7:1,13:1,31:1,79:1;6156:19440,12204:17928
7587426657375;2;3:3,5:3,19:3,31:1,97:1,109:1;8550:19095,14535:16530
7619041592064;2;2:8,3:3,7:4,19:1,73:1,331:1;4956:19572,9254:18970
7625474829063;2;3:3,7:4,13:1,19:1,37:1,61:1,211:1;12439:17864,14175:16842
7627712623489;2;7:4,19:3,31:1,67:1,223:1;10108:18753,11305:18354
7664048611128;2;2:3,3:6,7:1,13:1,53:3,97:1;318:19716,6254:19504
7667574871528;2;2:3,11:3,13:3,31:1,97:1,109:1;8580:19162,14586:16588
7674303087269;2;7:1,13:1,113:3,211:1,277:1;4181:19662,15368:15933
7674312425472;2;2:15,3:3,7:3,11:3,19:1;2464:19712,11088:18480
7702594178760;2;2:3,3:3,5:1,13:1,31:1,109:1,229:1,709:1;1524:19746,8217:19263
7718459732928;2;2:6,3:2,7:1,97:1,157:1,337:1,373:1;9244:19064,15112:16220
7730672928697;2;19:1,31:1,37:1,337:1,823:1,1279:1;4612:19689,12514:17937
7734199496192;2;2:9,13:1,37:1,67:1,73:1,6421:1;56:19776,12348:18020
7746339027007;2;7:1,19:1,31:1,109:1,151:1,211:1,541:1;3918:19735,8895:19168
7761851272000;2;2:6,5:3,7:3,19:1,53:3;6996:19504,11130:18550
7783775515971;2;3:3,7:1,13:1,61:1,199:1,499:1,523:1;579:19818,15299:16138
7801063170488;2;2:3,7:1,31:1,67:4,223:1;10184:18894,11390:18492
7802328807000;2;2:3,3:6,5:3,7:1,13:1,337:1,349:1;12150:18180,14940:16470
7805869227576;2;2:3,3:6,7:3,19:1,59:3;2478:19824,11151:18585
7809564672000;2;2:18,3:3,5:3,7:1,13:1,97:1;320:19840,4224:19776
7811920895688;2;2:3,3:6,7:1,13:1,19:1,31:1,67:1,373:1;300:19842,13842:17280
7815703987000;2;2:3,5:3,7:4,13:1,241:1,1039:1;2926:19824,14500:16830
7829560590336;2;2:15,3:6,31:1,97:1,109:1;8640:19296,14688:16704
7853267935422;2;2:1,3:3,7:1,13:2,19:1,61:1,73:1,1453:1;5209:19757,7155:19563
7864148551168;2;2:9,7:1,13:1,31:1,41:3,79:1;1107:19885,6232:19680
7872207706125;2;3:3,5:3,7:3,19:1,71:3;2485:19880,7029:19596
7872286088205;2;3:3,5:1,7:1,11:3,151:1,181:1,229:1;72:19893,11253:18612
7882707944888;2;2:3,7:6,31:1,43:1,61:1,103:1;4067:19845,6846:19628
7883008374969;2;3:6,7:1,13:1,97:1,107:3;321:19902,6313:19688
7885375963136;2;2:15,7:2,43:1,181:1,631:1;288:19904,2120:19896
7895265873768;2;2:3,3:3,7:1,13:1,31:3,97:1,139:1;6138:19716,11871:18393
7908670685727;2;3:3,7:1,31:1,37:1,67:1,73:1,7459:1;2399:19912,2466:19911
7925898677697;2;3:2,7:1,11:3,13:1,73:1,103:1,967:1;3905:19888,14036:17281
7926619257648;2;2:4,3:5,7:6,13:1,31:1,43:1;10598:18886,13839:17409
7938920977344;2;2:6,3:3,7:3,19:1,89:3;2492:19936,11214:18690
7941450671875;2;5:6,7:2,31:1,313:1,1069:1;7075:19650,12435:18190
7954410657375;2;3:3,5:3,7:6,13:1,23:1,67:1;3180:19935,14175:17220
7959955715901;2;3:15,7:1,19:1,43:1,97:1;3645:19926,14013:17334
7983605231000;2;2:3,5:3,7:3,19:1,107:3;7062:19688,11235:18725
7987660868096;2;2:9,7:2,13:1,19:1,31:1,43:1,967:1;12972:17972,14850:16766
8007607628748;2;2:2,3:3,7:4,13:1,19:1,31:1,37:1,109:1;2947:19985,4947:19905
8008883883000;2;2:3,3:3,5:3,7:1,11:3,13:1,31:1,79:1;6270:19800,12430:18260
8031386940759;2;3:2,7:1,13:1,17:3,31:3,67:1;527:20026,3944:19975
8035777454887;2;7:4,13:3,31:1,157:1,313:1;9100:19383,13455:17758
8072167731264;2;2:6,3:9,7:1,13:1,67:1,1051:1;6404:19840,10404:19080
8072813078720;2;2:6,5:1,13:1,19:1,31:1,43:1,193:1,397:1;6872:19788,15062:16698
8089042882375;2;5:3,7:1,13:1,23:3,211:1,277:1;4255:20010,15640:16215
8102527866368;2;2:9,13:2,19:1,73:1,181:1,373:1;1550:20082,7832:19680
8108790842061;2;3:3,7:4,13:1,31:1,211:1,1471:1;5432:19957,12621:18270
8141155379539;2;7:1,13:1,19:1,31:1,43:1,61:1,79:1,733:1;3704:20075,13940:17579
8145580244984;2;2:3,7:1,13:1,19:1,31:1,37:1,67:1,79:1,97:1;894:20120,9752:19326
8155603896832;2;2:9,7:1,17:3,31:1,67:1,223:1;10336:19176,11560:18768
8181387703125;2;3:3,5:6,7:1,13:4,97:1;325:20150,4290:20085
8200989523944;2;2:3,3:2,7:1,19:3,37:1,97:1,661:1;1370:20164,10298:19228
8208439437016;2;2:3,7:6,13:1,17:1,19:1,31:1,67:1;10269:19243,14112:17542
8212203051416;2;2:3,7:1,13:4,43:1,97:1,1231:1;13247:18057,15600:16406
8301901654592;2;2:6,7:1,13:1,29:3,211:1,277:1;4292:20184,15776:16356
8303560064000;2;2:10,5:3,43:1,97:1,103:1,151:1;12540:18500,14922:17078
8332063713792;2;2:9,3:2,7:3,13:1,31:1,103:1,127:1;1064:20272,15464:16672
8336832982541;2;7:1,31:1,67:1,137:3,223:1;10412:19317,11645:18906
8348134330179;2;3:3,7:7,37:1,73:1,139:1;147:20286,15827:16366
8401343054104;2;2:3,7:3,11:3,13:1,19:1,67:1,139:1;1078:20328,8118:19888
8414454647125;2;5:3,31:1,59:3,97:1,109:1;8850:19765,15045:17110
8416859247468;2;2:2,3:3,7:1,19:1,31:1,37:1,193:1,2647:1;863:20341,13821:17943
8432809835723;2;7:1,13:1,19:1,23:3,31:1,67:1,193:1;9683:19596,12374:18699
8439703993000;2;2:3,5:3,7:3,19:1,109:3;7194:20056,11445:19075
8442450728000;2;2:6,5:3,19:1,37:1,1087:1,1381:1;1380:20360,7620:20000
8458101293544;2;2:3,3:6,7:1,19:1,79:1,97:1,1423:1;5364:20250,6912:20106
8477692322931;2;3:3,13:2,31:1,43:1,61:1,73:1,313:1;3244:20363,8336:19915
8478730123416;2;2:3,3:5,7:1,19:1,31:1,43:1,73:1,337:1;1156:20390,4656:20310
8493074407125;2;3:3,5:3,7:4,11:1,151:1,631:1;4590:20325,9093:19782
8500353381000;2;2:3,3:3,5:3,13:4,73:1,151:1;8580:19890,9568:19682
8501207176000;2;2:6,5:3,7:2,11:1,103:1,19141:1;1594:20406,2260:20400
8501620423625;2;5:3,7:3,43:1,727:1,6343:1;5145:20300,13505:18210
8503166887488;2;2:6,3:3,7:3,13:1,31:1,97:1,367:1;4088:20356,11844:18984
8505279770624;2;2:12,7:2,13:1,41:1,43:3;8256:19952,14624:17520
8525796864858;2;2:1,3:6,7:1,13:1,19:1,31:1,79:1,1381:1;1335:20427,6849:20169
8530927496000;2;2:6,5:3,7:1,13:1,19:1,37:1,79:1,211:1;9365:19755,10580:19440
8556380287875;2;3:3,5:3,7:3,19:1,73:3;2555:20440,7227:20148
8564260565007;2;3:3,7:1,19:1,43:1,83:3,97:1;3735:20418,14359:17762
8572392653832;2;2:3,3:6,7:1,19:1,61:1,103:1,1759:1;396:20466,10012:19634
8589444659224;2;2:3,11:3,13:1,19:1,37:1,61:1,1447:1;5126:20372,13574:18260
8589561344000;2;2:12,5:3,7:1,13:1,19:1,31:1,313:1;4640:20400,14640:17600
8610143152653;2;3:9,7:4,19:1,43:1,223:1;1566:20493,4725:20412
8642868902577;2;3:5,7:1,13:1,37:1,109:1,199:1,487:1;2778:20505,11409:19272
8645616134792;2;2:3,7:3,13:1,43:1,151:1,163:1,229:1;7266:20216,9954:19712
8671883764544;2;2:6,7:1,11:3,13:1,19:1,97:1,607:1;2882:20526,10208:19668
8674127000000;2;2:6,5:6,7:3,11:3,19:1;7260:20240,11550:19250
8696255031009;2;3:3,7:1,13:3,19:1,31:3,37:1;2418:20553,10777:19526
8704536022728;2;2:3,3:6,7:1,13:3,37:1,43:1,61:1;5538:20436,11421:19323
8707305864943;2;7:1,31:1,67:1,139:3,223:1;10564:19599,11815:19182
8727618536000;2;2:6,5:3,7:3,13:1,19:1,79:1,163:1;2240:20580,10340:19680
8738756508664;2;2:3,7:1,13:1,59:3,211:1,277:1;4366:20532,16048:16638
8765328598299;2;3:3,7:1,13:1,19:1,31:1,37:1,313:1,523:1;9099:20010,10691:19612
8829960840701;2;7:1,11:3,13:1,271:1,367:1,733:1;198:20669,7997:20262
8853442513552;2;2:4,7:1,13:4,19:1,31:1,37:1,127:1;5889:20527,11050:19578
8869746375000;2;2:3,3:3,5:6,7:1,37:1,73:1,139:1;150:20700,16150:16700
8876972815893;2;3:3,7:1,13:1,31:1,73:1,97:1,109:1,151:1;4768:20621,12786:18933
8883860271552;2;2:6,3:2,7:4,31:1,43:1,61:1,79:1;9328:20060,12344:19132
8896389092920;2;2:3,5:1,7:4,31:1,67:1,103:1,433:1;8631:20209,10542:19768
8896588568000;2;2:6,5:3,7:4,31:1,67:1,223:1;10640:19740,11900:19320
8915645385829;2;7:1,13:3,19:1,31:1,73:1,97:1,139:1;3250:20709,9334:20085
8915713027767;2;3:12,7:1,13:1,19:1,31:1,313:1;4698:20655,14823:17820
8954937069568;2;2:12,7:1,31:1,73:1,79:1,1747:1;7520:20432,14888:17816
8960068128375;2;3:3,5:3,7:1,13:1,67:3,97:1;335:20770,4422:20703
8962816414643;2;7:4,13:1,17:3,211:1,277:1;4403:20706,16184:16779
8971210599176;2;2:3,7:1,19:1,31:1,43:1,61:1,97:1,1069:1;5128:20674,16477:16507
8981511898184;2;2:3,7:1,19:3,31:1,571:1,1321:1;912:20786,16169:16815
9002078026669;2;7:1,13:1,19:4,43:1,127:1,139:1;11989:19380,15238:17613
9005400395264;2;2:9,7:3,13:1,19:1,31:1,37:1,181:1;6328:20608,15904:17080
9006868314801;2;3:6,7:1,19:1,37:1,73:1,163:1,211:1;3537:20772,11118:19689
9008441018577;2;3:9,7:4,11:1,13:1,31:1,43:1;6426:20601,7092:20529
9009654249024;2;2:6,3:3,11:1,13:1,19:1,61:1,163:1,193:1;708:20808,14424:18180
9012939039000;2;2:3,3:3,5:3,13:1,31:1,37:1,61:1,367:1;3000:20790,16310:16720
9017455390424;2;2:3,13:1,37:1,109:1,223:1,229:1,421:1;3023:20793,13599:18665
9033439572703;2;7:4,13:1,19:1,61:1,67:1,3727:1;5383:20706,8218:20391
9072051462656;2;2:9,7:1,13:1,31:1,43:3,79:1;1161:20855,6536:20640
9113771931264;2;2:7,3:2,7:3,11:3,13:1,31:1,43:1;9317:20251,14498:18238
9138531280716;2;2:2,3:6,19:1,31:1,877:1,6067:1;297:20907,12123:19449
9155915776000;2;2:15,5:3,7:6,19:1;7392:20608,11760:19600
9171136000000;2;2:12,5:6,13:1,73:1,151:1;4750:20850,8800:20400
9184416493707;2;3:6,7:1,13:1,31:1,43:1,283:1,367:1;2187:20934,15507:17604
9196676869653;2;3:9,7:1,13:1,43:1,97:1,1231:1;11685:19662,16200:17037
9198401711625;2;3:3,5:3,7:1,17:3,19:1,43:1,97:1;3825:20910,14705:18190
9223659991000;2;2:3,5:3,7:4,13:1,19:1,103:1,151:1;3060:20950,16044:17206
9250018084216;2;2:3,7:1,13:1,19:1,31:1,41:3,313:1;4756:20910,15006:18040
9268990511625;2;3:6,5:3,13:1,19:1,43:1,61:1,157:1;369:21006,16665:16680
9279087890625;2;3:6,5:9,7:3,19:1;2625:21000,7425:20700
9283343763736;2;2:3,7:1,31:1,67:1,71:3,223:1;10792:20022,12070:19596
9299496687875;2;5:3,31:1,61:3,97:1,109:1;9150:20435,15555:17690
9367283016000;2;2:6,3:3,5:3,7:1,13:1,17:3,97:1;340:21080,4488:21012
9367420270481;2;7:1,13:1,17:3,19:1,67:1,109:1,151:1;561:21080,15810:17561
9383246749000;2;2:3,5:3,31:1,103:3,277:1;4738:21012,12360:19570
9392212484928;2;2:6,3:3,7:1,13:1,29:3,31:1,79:1;6612:20880,13108:19256
9403359749000;2;2:3,5:3,7:3,19:1,113:3;7458:20792,11865:19775
9422360744797;2;7:1,11:6,13:1,211:1,277:1;4477:21054,16456:17061
9434464915456;2;2:12,7:1,19:1,103:1,277:1,607:1;10912:20112,11328:19984
9447145463691;2;3:3,13:1,29:3,31:1,97:1,367:1;4234:21083,12267:19662
9457437382750;2;2:1,5:3,7:1,19:1,31:1,37:1,43:1,73:1,79:1;1485:21145,11415:19975
9472022751744;2;2:9,3:3,7:1,31:1,37:1,61:1,1399:1;10480:20264,16488:17088
9480375234792;2;2:3,3:3,7:3,11:3,127:1,757:1;2810:21148,16005:17523
9480855162779;2;7:1,11:3,13:3,31:1,67:1,223:1;10868:20163,12155:19734
9503709323264;2;2:13,13:1,79:3,181:1;1992:21176,13904:18960
9533696038776;2;2:3,3:8,7:1,13:1,31:3,67:1;558:21204,4176:21150
9571365819288;2;2:3,3:3,7:4,13:1,19:1,74719:1;1113:21231,10892:20230
9599844190391;2;7:3,13:1,19:1,23:3,67:1,139:1;1127:21252,8487:20792
9642191812344;2;2:3,3:3,7:1,13:1,37:1,67:1,433:1,457:1;16487:17281,16560:17214
9653708460032;2;2:12,7:6,13:1,23:1,67:1;3392:21264,15120:18368
9657908993096;2;2:3,7:1,13:1,61:3,211:1,277:1;4514:21228,16592:17202
9688677741379;2;7:2,13:4,19:1,199:1,1831:1;2496:21307,15483:18148
9695386047375;2;3:3,5:3,7:3,31:1,43:1,61:1,103:1;7335:21030,12775:19670
9719818780672;2;2:15,7:1,11:3,13:1,31:1,79:1;1188:21340,6688:21120
9723626275328;2;2:9,7:1,37:1,73:1,919:1,1093:1;264:21344,14090:19062
9734811043328;2;2:9,7:1,31:1,43:1,73:1,103:1,271:1;3800:21312,4248:21296
9863098102683;2;3:6,7:1,19:1,29:3,43:1,97:1;3915:21402,15051:18618
9875614942557;2;3:3,7:4,13:1,19:1,37:1,79:1,211:1;9485:20818,11109:20412
9884242829125;2;5:3,7:1,29:3,31:1,67:1,223:1;11020:20445,12325:20010
9886440649176;2;2:3,3:3,7:1,13:1,31:1,59:3,79:1;6726:21240,13334:19588
9894212525008;2;2:4,7:3,19:3,31:1,61:1,139:1;4674:21394,12502:19950
9908979128776;2;2:3,7:1,13:1,19:1,23:3,97:1,607:1;3013:21459,10672:20562
9911047930875;2;3:2,5:3,7:1,13:1,19:1,73:1,223:1,313:1;1940:21475,13190:19675
9911542375000;2;2:3,5:6,7:3,19:1,23:3;7590:21160,12075:20125
9958721182128;2;2:4,3:6,19:1,37:1,67:1,18127:1;3834:21474,7773:21171
9977258386368;2;2:6,3:3,7:1,13:3,37:1,73:1,139:1;156:21528,16796:17368
10023535746296;2;2:3,43:1,61:1,103:1,109:1,157:1,271:1;13374:19688,17060:17166
10027567001088;2;2:9,3:2,7:3,13:1,139:1,3511:1;1792:21560,13124:19804
10041386268375;2;3:3,5:3,7:6,11:3,19:1;2695:21560,7623:21252
10090158002792;2;2:3,7:1,31:1,67:1,73:3,223:1;11096:20586,12410:20148
10098707114375;2;5:4,11:3,31:1,79:1,4957:1;110:21615,13655:19620
10103309407737;2;3:3,7:6,13:1,19:1,79:1,163:1;2352:21609,10857:20664
10129427958104;2;2:3,7:1,13:1,31:1,37:1,67:1,331:1,547:1;7782:21296,15030:18884
10140717216448;2;2:6,7:1,13:1,31:3,211:1,277:1;4588:21576,16864:17484
10172359232000;2;2:9,5:3,7:3,19:1,29:3;7656:21344,12180:20300
10188675629496;2;2:3,3:3,7:3,13:1,37:1,43:1,61:1,109:1;6654:21468,13566:19740
10201767459247;2;7:2,13:1,17:3,41:1,43:3;8772:21199,15538:18615
10218355875000;2;2:3,3:3,5:6,7:4,13:1,97:1;350:21700,4620:21630
10230869041848;2;2:3,3:6,7:6,13:1,31:1,37:1;12348:20286,16464:17934
10244519357625;2;3:6,5:3,7:3,31:1,97:1,109:1;9450:21105,16065:18270
10256843501632;2;2:6,7:4,13:1,43:1,97:1,1231:1;14266:19446,16800:17668
10283847740712;2;2:3,3:3,7:4,13:1,19:1,43:1,1867:1;10136:20986,13994:19612
10297357966467;2;3:2,11:1,13:1,79:1,103:1,691:1,1423:1;1048:21755,14587:19304
10384899642117;2;3:6,7:1,11:3,13:1,337:1,349:1;13365:19998,16434:18117
10388041015625;2;5:9,7:1,13:1,211:1,277:1;4625:21750,17000:17625
10392379190648;2;2:3,7:1,13:2,31:1,73:1,631:1,769:1;2868:21806,10772:20910
10405868139576;2;2:3,3:9,7:1,13:1,19:1,37:1,1033:1;2151:21825,6024:21678
10508290047808;2;2:6,7:1,157:1,223:1,463:1,1447:1;1250:21902,8105:21527
10510528297024;2;2:6,7:1,31:1,37:3,67:1,223:1;11248:20868,12580:20424
10559068685109;2;3:3,7:1,19:1,43:1,89:3,97:1;4005:21894,15397:19046
10564009848567;2;3:3,7:1,37:1,53:3,73:1,139:1;159:21942,17119:17702
10605556973375;2;5:3,7:1,13:1,19:1,67:1,73:1,79:1,127:1;2495:21960,12800:20415
10616736312000;2;2:6,3:3,5:3,7:3,13:1,73:1,151:1;9240:21420,10304:21196
10633491512000;2;2:6,5:3,7:1,19:1,109:1,277:1,331:1;170:21990,16955:17925
10633729757625;2;3:3,5:3,13:1,43:1,151:1,163:1,229:1;7785:21660,10665:21120
10642162684608;2;2:6,3:3,7:1,13:3,43:1,67:1,139:1;4428:21936,15552:19020
10662571339875;2;3:3,5:3,7:1,13:1,71:3,97:1;355:22010,4686:21939
10668738573899;2;7:4,19:1,29:3,43:1,223:1;1682:22011,5075:21924
10670785215272;2;2:3,7:1,13:1,19:1,31:1,43:3,313:1;4988:21930,15738:18920
10696070724066;2;2:1,3:3,7:3,13:3,31:1,61:1,139:1;4797:21957,12831:20475
10707639544000;2;2:6,5:3,7:3,19:1,59:3;7788:21712,12390:20650
10719494517312;2;2:6,3:3,7:1,103:3,811:1;7432:21764,15450:19158
10720790537184;2;2:5,3:3,7:7,13:1,19:1,61:1;294:22050,12201:20727
10725022323953;2;7:1,31:1,67:1,149:3,223:1;11324:21009,12665:20562
10778886669824;2;2:9,7:4,13:4,307:1;3017:22071,10712:21216
10793868414875;2;5:3,7:3,13:3,19:1,37:1,163:1;195:22100,9347:21528
10829510453125;2;5:6,7:1,13:1,19:1,31:1,67:1,193:1;10525:21300,13450:20325
10844331175125;2;3:3,5:3,7:3,19:1,79:3;2765:22120,7821:21804
10861412746968;2;2:3,3:3,7:4,19:1,31:3,37:1;2604:22134,11606:21028
10887745721671;2;7:4,13:1,19:1,37:1,127:1,3907:1;1407:22162,14679:19768
10894687549291;2;7:1,13:1,127:3,211:1,277:1;4699:22098,17272:17907
10926307874664;2;2:3,3:3,7:1,13:1,31:1,61:3,79:1;6954:21960,13786:20252
10982181203000;2;2:3,5:3,7:6,17:3,19:1;7854:21896,12495:20825
11023659430875;2;3:6,5:3,7:1,13:1,19:1,31:1,37:1,61:1;1371:22254,15690:19275
11039121900352;2;2:6,7:3,13:1,19:1,97:1,139:1,151:1;3840:22228,17080:18228
11047367018961;2;3:3,7:1,13:1,19:1,29:3,31:1,313:1;5046:22185,15921:19140
11057736120704;2;2:7,7:4,13:1,19:1,31:1,37:1,127:1;6342:22106,11900:21084
11082214614744;2;2:3,3:2,7:1,13:1,31:1,37:1,103:2,139:1;3590:22264,9076:21782
11106408255488;2;2:12,7:1,13:1,23:3,31:1,79:1;1242:22310,6992:22080
11119640752584;2;2:3,3:6,7:1,13:1,19:1,67:1,109:1,151:1;594:22320,16740:18594
11154074107904;2;2:21,7:1,13:1,211:1,277:1;4736:22272,17408:18048
11162725403347;2;7:1,31:1,67:1,151:3,223:1;11476:21291,12835:20838
11212555063437;2;3:2,7:1,13:1,19:3,31:3,67:1;589:22382,4408:22325
11227420072512;2;2:6,3:6,7:2,43:1,181:1,631:1;324:22392,2385:22383
11251489234375;2;5:6,13:3,31:1,97:1,109:1;9750:21775,16575:18850
11287032405831;2;3:3,7:4,13:3,19:1,43:1,97:1;4095:22386,15743:19474
11316290558993;2;7:1,17:3,19:1,103:1,277:1,607:1;11594:21369,12036:21233
11366172909000;2;2:3,3:3,5:3,7:1,13:3,31:1,883:1;4050:22440,6994:22256
11385973362176;2;2:9,7:1,19:3,31:1,67:1,223:1;11552:21432,12920:20976
11432706148864;2;2:9,7:1,11:3,13:1,19:1,31:1,313:1;5104:22440,16104:19360
11444513673411;2;3:3,7:3,13:3,43:1,103:1,127:1;14196:20475,15379:19838
11460185574201;2;3:12,7:2,13:1,97:1,349:1;1026:22545,6030:22401
11472524586432;2;2:6,3:3,7:1,13:1,31:4,79:1;7068:22320,14012:20584
11501797041000;2;2:3,3:3,5:3,7:1,19:1,31:1,277:1,373:1;3495:22545,12280:21290
11518447976000;2;2:6,5:3,7:1,19:1,61:1,103:1,1723:1;11385:21575,13700:20760
11539624851729;2;3:3,13:1,31:4,97:1,367:1;4526:22537,13113:21018
11540122496000;2;2:10,5:3,7:3,31:1,61:1,139:1;4920:22520,13160:21000
11545263037000;2;2:3,5:3,7:3,11:6,19:1;7986:22264,12705:21175
11572557074351;2;7:1,13:4,29:1,31:3,67:1;2652:22607,13364:20943
11589254074125;2;3:3,5:3,7:1,13:1,73:3,97:1;365:22630,4818:22557
11616460271416;2;2:3,7:3,11:3,13:1,19:1,79:1,163:1;2464:22638,11374:21648
11661008530717;2;7:4,13:1,31:1,139:1,277:1,313:1;2541:22666,7798:22365
11666213628875;2;5:3,13:3,19:1,487:1,4591:1;275:22680,9555:22100
11673095243264;2;2:9,7:3,13:1,19:1,439:1,613:1;1904:22680,13272:21056
11675049841000;2;2:3,5:3,7:1,13:1,31:1,43:1,109:1,883:1;12420:21370,15165:20155
11680133283000;2;2:3,3:3,5:3,7:2,13:1,19:1,31:1,1153:1;5340:22590,13710:20880
11685133369000;2;2:3,5:3,7:1,13:4,211:1,277:1;4810:22620,17680:18330
11688978364875;2;3:15,5:3,7:3,19:1;2835:22680,8019:22356
11753722655227;2;7:3,31:1,37:3,139:1,157:1;7728:22435,17094:18907
11766607777792;2;2:12,7:3,31:1,43:1,61:1,103:1;4648:22680,7824:22432
11777403795787;2;7:1,19:1,31:1,271:1,1087:1,9697:1;12171:21526,17208:18835
11805632425125;2;3:3,5:3,7:1,11:3,37:1,73:1,139:1;165:22770,17765:18370
11833881416000;2;2:6,5:3,7:3,19:1,61:3;8052:22448,12810:21350
11836572345234;2;2:1,3:3,7:1,13:1,37:1,61:1,613:1,1741:1;2973:22773,9031:22307
11836671072408;2;2:3,3:3,7:1,13:1,37:1,67:1,421:1,577:1;1446:22788,13577:21055
11837648375000;2;2:3,5:6,7:1,19:1,31:1,103:1,223:1;960:22790,16950:19100
11841359384008;2;2:3,7:4,11:3,31:1,67:1,223:1;11704:21714,13090:21252
11844986039488;2;2:6,7:1,37:3,43:1,61:1,199:1;12904:21324,17242:18870
11846599657984;2;2:9,7:1,13:1,31:1,47:3,79:1;1269:22795,7144:22560
11847471372009;2;3:2,7:4,13:1,103:1,241:1,1699:1;5425:22694,15694:19985
11877168781296;2;2:4,3:3,7:1,13:1,19:1,31:1,43:1,79:1,151:1;4059:22773,12294:21558
11900164740893;2;11:3,13:1,19:1,157:1,307:1,751:1;2468:22821,10824:21989
11940378632000;2;2:6,5:3,7:1,13:3,37:1,43:1,61:1;6435:22685,12690:21470
11942554267224;2;2:3,3:3,7:1,37:1,43:1,103:1,157:1,307:1;3750:22824,13824:21030
11956869895607;2;7:1,13:1,131:3,211:1,277:1;4847:22794,17816:18471
11996221860909;2;3:3,11:3,13:1,31:1,37:1,61:1,367:1;3300:22869,17941:18392
12036648464568;2;2:3,3:9,7:4,13:1,31:1,79:1;7182:22680,14238:20916
12047708211777;2;3:6,7:1,19:1,31:3,43:1,97:1;4185:22878,16089:19902
12060267147000;2;2:3,3:5,5:3,43:1,73:1,97:1,163:1;13630:21200,13785:21135
12072078837000;2;2:3,3:3,5:3,7:1,13:1,37:3,97:1;370:22940,4884:22866
12073536353375;2;5:3,7:1,31:4,67:1,223:1;11780:21855,13175:21390
12100924771208;2;2:3,7:5,13:1,19:1,199:1,1831:1;2688:22946,16674:19544
12154577140251;2;3:3,7:4,13:1,19:1,43:1,127:1,139:1;13251:21420,16842:19467
12164769437912;2;2:3,7:1,13:4,19:1,31:1,37:1,349:1;7046:22776,16757:19539
12170037267199;2;7:1,19:1,31:3,43:1,61:1,1171:1;7008:22783,15655:20274
12206782016000;2;2:9,5:3,11:3,13:1,73:1,151:1;5225:22935,9680:22440
12228719048000;2;2:6,5:3,7:1,13:1,19:3,31:1,79:1;7220:22800,9810:22430
12314493964864;2;2:6,7:1,13:1,229:1,1009:1,9151:1;2566:23082,17604:19000
12322372896125;2;5:3,31:1,67:3,97:1,109:1;10050:22445,17085:19430
12328229265625;2;5:6,7:3,13:1,19:1,67:1,139:1;1225:23100,9225:22600
12357257913000;2;2:3,3:3,5:3,7:4,11:1,13:1,31:1,43:1;7140:22890,7880:22810
12425468608000;2;2:9,5:3,7:3,19:1,31:3;8184:22816,13020:21700
12461355035136;2;2:9,3:3,7:4,37:1,73:1,139:1;168:23184,18088:18704
12466188557667;2;3:3,13:1,61:1,97:1,127:1,151:1,313:1;54:23187,17002:19619
12482539090875;2;3:5,5:3,7:1,19:1,37:3,61:1;1510:23195,8880:22755
12512916301249;2;7:4,13:1,19:3,211:1,277:1;4921:23142,18088:18753
12515589757125;2;3:3,5:3,7:4,13:3,19:1,37:1;2730:23205,10470:22485
12546955474921;2;7:1,31:1,67:1,157:3,223:1;11932:22137,13345:21666
12576383591625;2;3:3,5:3,7:3,19:1,83:3;2905:23240,8217:22908
12598650883000;2;2:3,5:3,7:1,13:1,31:1,43:1,283:1,367:1;2430:23260,17230:19560
12605878376000;2;2:6,5:3,7:3,13:1,193:1,1831:1;3780:23240,16580:20040
12607747000875;2;3:3,5:3,13:1,19:1,43:1,547:1,643:1;5780:23155,17090:19675
12615468957000;2;2:3,3:3,5:3,7:1,13:1,43:1,97:1,1231:1;15285:20835,18000:18930
12692773896192;2;2:15,3:3,13:1,31:1,97:1,367:1;4672:23264,13536:21696
12720286375875;2;3:3,5:3,13:1,19:1,139:1,151:1,727:1;3795:23310,10000:22715
12722725913625;2;3:3,5:3,7:3,13:1,37:1,73:1,313:1;10185:22680,11844:22281
12725223875000;2;2:3,5:6,7:1,13:1,19:1,97:1,607:1;3275:23325,11600:22350
12728515625000;2;2:3,5:12,7:3,19:1;8250:23000,13125:21875
12729111085691;2;7:6,11:3,13:3,37:1;3080:23331,18018:19019
12767686568000;2;2:6,5:3,7:3,13:1,73:1,4903:1;4110:23330,15888:20612
12788236533464;2;2:3,7:1,31:1,67:1,79:3,223:1;12008:22278,13430:21804
12797290004408;2;2:3,7:1,13:1,67:3,211:1,277:1;4958:23316,18224:18894
12807813666375;2;3:7,5:3,7:4,13:1,19:1,79:1;9060:22935,16800:20055
12829502387592;2;2:3,3:3,11:3,19:1,61:1,139:1,277:1;548:23410,16269:20427
12829524015672;2;2:3,3:3,7:3,13:2,19:1,199:1,271:1;5061:23331,11774:22372
12831581030912;2;2:9,7:1,19:3,43:1,61:1,199:1;2066:23406,17708:19380
12841815049875;2;3:3,5:3,7:1,19:4,43:1,97:1;4275:23370,16435:20330
12853328237568;2;2:10,3:3,7:1,13:3,19:1,37:1,43:1;3432:23400,11208:22536
12879229346109;2;3:2,7:1,19:1,79:3,139:1,157:1;8453:23068,18565:18644
12892268241125;2;5:3,7:4,13:1,79:1,151:1,277:1;14525:21420,17045:19950
12905409507328;2;2:12,13:1,43:1,151:1,163:1,229:1;8304:23104,11376:22528
12987535197672;2;2:3,3:6,7:3,19:1,31:1,73:1,151:1;5313:23415,16191:20601
13031792646481;2;7:4,19:1,31:3,43:1,223:1;1798:23529,5425:23436
13058121375000;2;2:3,3:6,5:6,13:1,73:1,151:1;9900:22950,11040:22710
13062638397592;2;2:3,7:1,17:1,37:1,157:1,1009:1,2341:1;11782:22524,18262:19104
13063649109056;2;2:6,7:1,13:1,19:1,23:3,31:1,313:1;5336:23460,16836:20240
13077588888000;2;2:6,3:3,5:3,7:1,13:1,19:3,97:1;380:23560,5016:23484
13077780507883;2;7:1,13:1,19:4,67:1,109:1,151:1;627:23560,17670:19627
13082794436439;2;3:2,7:1,13:4,73:1,103:1,967:1;4615:23504,16588:20423
13126981741272;2;2:3,3:3,7:1,31:1,67:1,673:1,6211:1;17334:19932,17942:19444
13204708824762;2;2:1,3:6,7:1,13:1,181:1,271:1,2029:1;11439:22707,15201:21321
13219773021000;2;2:3,3:3,5:3,7:1,13:4,31:1,79:1;7410:23400,14690:21580
13260304376046;2;2:1,3:3,7:4,13:1,19:3,31:1,37:1;3703:23639,5985:23541
13280038912000;2;2:15,5:3,7:1,31:1,67:1,223:1;12160:22560,13600:22080
13284688964456;2;2:3,7:1,13:1,19:1,37:3,67:1,283:1;5869:23563,12136:22570
13349312011000;2;2:3,5:3,7:3,19:1,127:3;8382:23368,13335:22225
13378897971712;2;2:9,7:1,13:1,17:3,211:1,277:1;5032:23664,18496:19176
13393316284992;2;2:6,3:3,7:4,37:1,43:1,2029:1;600:23748,16702:20594
13424198907392;2;2:9,7:7,13:1,31:1,79:1;1323:23765,7448:23520
13459136920875;2;3:3,5:3,23:3,31:1,97:1,109:1;10350:23115,17595:20010
13464983168000;2;2:10,5:3,7:1,13:1,37:1,157:1,199:1;2216:23784,13655:22185
13481281261000;2;2:3,5:3,7:6,19:1,37:1,163:1;210:23800,10066:23184
13484317962752;2;2:9,7:1,13:1,19:1,61:1,67:1,3727:1;6152:23664,9392:23304
13494284753859;2;3:3,7:1,13:1,19:1,31:4,313:1;5394:23715,17019:20460
13504109377941;2;3:3,7:1,13:1,17:3,19:1,97:1,607:1;11832:22797,18581:19210
13507602609375;2;3:3,5:6,7:3,17:3,19:1;2975:23800,8415:23460
13530599138357;2;7:4,23:3,31:1,67:1,223:1;12236:22701,13685:22218
13561544007368;2;2:3,7:3,19:1,31:1,751:1,11173:1;4754:23784,9681:23303
13569281716221;2;3:2,7:1,11:3,79:1,127:3;4141:23810,5588:23749
13587441513984;2;2:9,3:3,13:1,19:3,73:1,151:1;5415:23769,10032:23256
13600531854000;2;2:4,3:3,5:3,7:1,13:1,19:1,31:1,37:1,127:1;6795:23685,12750:22590
13600631669625;2;3:3,5:3,7:4,11:3,13:1,97:1;385:23870,5082:23793
13622699544552;2;2:3,3:3,7:1,31:3,193:1,1567:1;4372:23834,13578:22320
13623074467821;2;3:9,7:1,13:1,19:1,31:1,37:1,349:1;4437:23832,7317:23652
13630541841000;2;2:3,3:3,5:3,7:1,19:1,67:1,181:1,313:1;4330:23840,16935:20625
13642064271927;2;3:9,7:1,13:1,19:1,31:1,67:1,193:1;11367:23004,14526:21951
13650426701632;2;2:6,7:2,61:3,127:1,151:1;5812:23784,7320:23668
13667139584000;2;2:24,5:3,7:3,19:1;8448:23552,13440:22400
13670071867053;2;3:3,7:1,19:1,43:1,97:4;4365:23862,16781:20758
13676196059981;2;7:1,13:1,137:3,211:1,277:1;5069:23838,18632:19317
13780550904750;2;2:1,3:3,5:3,7:7,37:1,67:1;7105:23765,14847:21903
13782264252120;2;2:3,3:6,5:1,7:1,13:3,73:1,421:1;7904:23686,17676:20214
13787762848587;2;3:5,7:1,13:1,19:1,37:1,79:1,103:1,109:1;6483:23820,14046:22251
13834104732504;2;2:3,3:3,7:1,31:1,67:1,877:1,5023:1;6276:23862,14934:21900
13839351349824;2;2:6,3:6,7:1,11:3,13:1,31:1,79:1;7524:23760,14916:21912
13844751637752;2;2:3,3:3,7:1,29:3,37:1,73:1,139:1;174:24012,18734:19372
13844772567801;2;3:6,7:1,37:1,73:1,919:1,1093:1;297:24012,5601:23910
13867581284648;2;2:3,7:3,13:4,19:1,67:1,139:1;1274:24024,9594:23504
13896703537327;2;13:1,19:1,79:1,109:1,2341:1,2791:1;2895:24028,13903:22380
13914045918864;2;2:4,3:3,7:1,13:4,19:1,61:1,139:1;12022:23006,17979:20085
13928076864576;2;2:6,3:3,7:2,409:1,523:1,769:1;3652:24032,14958:21954
13934281678408;2;2:3,7:1,13:1,19:1,31:1,47:3,313:1;5452:23970,17202:20680
13946302004544;2;2:6,3:3,7:4,13:1,19:1,31:1,439:1;6678:23898,14868:22008
13958921682944;2;2:15,7:1,19:1,31:1,277:1,373:1;3728:24048,9137:23631
13964673531816;2;2:3,3:5,7:3,19:1,31:3,37:1;615:24081,12152:23002
14009190354432;2;2:9,3:3,7:2,13:1,19:1,31:1,37:1,73:1;9720:23568,14064:22392
14013515289501;2;3:2,7:3,13:1,37:1,43:1,139:1,1579:1;9562:23597,17213:20734
14032801089125;2;5:3,7:1,13:1,19:1,31:1,43:1,67:1,727:1;6525:23960,18960:19325
14041134931159;2;7:1,31:1,67:1,163:3,223:1;12388:22983,13855:22494
14120012088000;2;2:6,3:2,5:3,7:4,13:1,61:1,103:1;550:24170,17920:20300
14156270887941;2;3:3,7:4,13:1,19:3,31:1,79:1;7581:23940,15029:22078
14242605944021;2;7:2,13:1,19:3,41:1,43:3;9804:23693,17366:20805
14262398697664;2;2:6,13:1,31:1,37:1,193:1,211:1,367:1;4360:24204,6705:24079
14262976000000;2;2:12,5:6,7:1,13:1,31:1,79:1;1350:24250,7600:24000
14274167544000;2;2:6,3:3,5:3,7:1,13:1,19:1,37:1,1033:1;2390:24250,15515:21925
14277531921471;2;3:8,7:3,13:1,139:1,3511:1;2016:24255,10119:23658
14283940006063;2;7:1,13:1,139:3,211:1,277:1;5143:24186,18904:19599
14287286587392;2;2:12,3:3,7:1,13:1,19:1,74719:1;1272:24264,12448:23120
14301149403968;2;2:6,7:1,31:1,41:3,67:1,223:1;12464:23124,13940:22632
14314146228928;2;2:6,7:1,13:4,19:1,97:1,607:1;3406:24258,12064:23244
14317057977768;2;2:3,3:3,7:1,13:1,31:1,61:1,67:1,5749:1;240:24282,10986:23508
14317849000000;2;2:6,5:6,7:3,13:3,19:1;8580:23920,13650:22750
14354777478375;2;3:3,5:3,19:1,37:1,67:1,73:1,1237:1;822:24303,7580:24055
14372485420608;2;2:6,3:2,7:4,433:1,24001:1;4552:24260,13552:22820
14398674550904;2;2:3,7:1,67:1,79:1,157:1,277:1,1117:1;478:24328,14752:22366
14453844611752;2;2:3,7:4,13:1,29:1,31:3,67:1;2856:24346,14392:22554
14477992146072;2;2:3,3:3,7:1,13:1,31:1,67:3,79:1;7638:24120,15142:22244
14483691172125;2;3:6,5:3,7:3,19:1,29:3;3045:24360,8613:24012
14514774624343;2;7:1,67:1,331:1,373:1,439:1,571:1;5094:24319,17007:21250
14532585300324;2;2:2,3:3,7:2,13:3,31:1,61:1,661:1;1965:24399,12657:23211
14533197610239;2;3:9,7:1,11:3,19:1,43:1,97:1;4455:24354,17127:21186
14573277126009;2;3:3,7:1,37:1,59:3,73:1,139:1;177:24426,19057:19706
14575074355387;2;7:1,13:4,271:1,367:1,733:1;234:24427,9451:23946
14594449688000;2;2:6,5:3,7:4,13:1,211:1,277:1;5180:24360,19040:19740
14644072750888;2;2:3,7:1,23:1,37:1,43:1,61:1,193:1,607:1;3480:24442,12067:23445
14650809047000;2;2:3,5:3,7:3,19:1,131:3;8646:24104,13755:22925
14663747886625;2;5:3,31:1,71:3,97:1,109:1;10650:23785,18105:20590
14668088918119;2;7:3,13:2,19:1,31:1,43:1,97:1,103:1;6692:24311,13727:22946
14688186478875;2;3:3,5:3,7:1,13:1,79:3,97:1;395:24490,5214:24411
14690800092024;2;2:3,3:3,7:3,43:1,727:1,6343:1;6174:24360,16206:21852
14710834016424;2;2:3,3:3,7:2,13:1,37:1,61:1,127:1,373:1;3720:24474,8474:24160
14785481990727;2;3:3,7:3,37:3,43:1,733:1;9324:24087,16095:21978
14830768768312;2;2:3,7:1,31:1,67:1,83:3,223:1;12616:23406,14110:22908
14854825608896;2;2:6,7:3,13:4,19:1,29:1,43:1;4108:24544,11116:23800
14857180609375;2;5:6,13:1,31:1,37:1,43:1,1483:1;9175:24150,14175:22900
14974098144768;2;2:9,3:3,7:1,19:1,37:1,43:1,5119:1;16056:22128,16316:21988
15043543901568;2;2:7,3:2,7:3,13:4,31:1,43:1;11011:23933,17134:21554
15100412566211;2;7:1,31:1,67:1,167:3,223:1;12692:23547,14195:23046
15139156209723;2;3:5,7:4,13:1,31:3,67:1;651:24738,4872:24675
15149179293696;2;2:12,3:2,7:1,19:1,37:3,61:1;3700:24716,9472:24272
15193503567424;2;2:6,7:4,13:1,19:1,31:1,37:1,349:1;7588:24528,18046:21042
15224511267576;2;2:3,3:3,13:1,17:3,31:1,97:1,367:1;4964:24718,14382:23052
15228904029976;2;2:3,7:1,13:1,71:3,211:1,277:1;5254:24708,19312:20022
15243723003528;2;2:3,3:3,19:1,67:1,73:1,79:1,9613:1;7164:24594,10440:24162
15253056000000;2;2:12,3:3,5:6,7:1,13:1,97:1;400:24800,5280:24720
15278086264896;2;2:6,3:3,7:1,13:1,31:1,79:1,97:1,409:1;10116:24240,13604:23368
15332135329000;2;2:3,5:3,7:6,19:4;8778:24472,13965:23275
15359903042176;2;2:7,7:3,11:3,31:1,61:1,139:1;5412:24772,14476:23100
15431911226361;2;3:3,7:1,19:1,43:1,97:1,101:3;4545:24846,17473:21614
15437716443136;2;2:12,13:1,19:1,139:1,151:1,727:1;4048:24864,16396:22260
15439855884271;2;7:4,13:1,19:1,67:1,73:1,5323:1;9863:24374,13895:23366
15505705033875;2;3:3,5:3,7:3,19:1,89:3;3115:24920,8811:24564
15552912514139;2;7:1,11:3,13:4,211:1,277:1;5291:24882,19448:20163
15607898810721;2;3:3,7:1,19:3,43:1,211:1,1327:1;2889:24978,12065:24016
15649465659373;2;7:1,13:6,31:1,67:1,223:1;12844:23829,14365:23322
15651556269713;2;7:1,13:1,43:1,71:1,181:1,439:1,709:1;6288:24881,19416:20273
15680579768000;2;2:6,5:3,7:3,19:1,67:3;8844:24656,14070:23450
15720302518767;2;3:3,7:4,11:3,19:1,43:1,223:1;1914:25047,5775:24948
15720419169000;2;2:3,3:6,5:3,7:2,13:1,97:1,349:1;1140:25050,6700:24890
15755909987125;2;5:3,7:1,11:3,19:1,31:1,103:1,223:1;1056:25069,18645:21010
15789895352504;2;2:3,7:7,13:1,19:1,31:1,313:1;5684:24990,17934:21560
15798582728299;2;7:1,19:4,103:1,277:1,607:1;12958:23883,13452:23731
15825026416192;2;2:6,7:1,19:3,43:1,229:1,523:1;17540:21848,18848:20900
15855260339016;2;2:3,3:3,7:1,19:1,31:1,139:1,349:1,367:1;732:25122,18930:20856
15928913861000;2;2:3,5:3,7:1,17:3,31:1,67:1,223:1;12920:23970,14450:23460
15938172371375;2;5:3,31:1,73:3,97:1,109:1;10950:24455,18615:21170
15968549839697;2;7:1,13:1,19:1,23:3,43:1,127:1,139:1;14513:23460,18446:21321
16013083014656;2;2:9,7:2,13:1,97:1,439:1,1153:1;12860:24036,14552:23472
16043802892488;2;2:3,3:6,7:1,19:1,67:1,139:1,2221:1;7570:24992,19224:20754
16043908235264;2;2:15,7:1,13:4,31:1,79:1;1404:25220,7904:24960
16106111215551;2;3:3,7:1,37:1,61:3,73:1,139:1;183:25254,19703:20374
16206912974889;2;3:9,7:1,13:1,19:1,37:1,61:1,211:1;15993:22968,18225:21654
16212954304512;2;2:12,3:3,7:1,19:1,31:3,37:1;2976:25296,13264:24032
16214651669125;2;5:3,7:1,13:1,29:3,211:1,277:1;5365:25230,19720:20445
16252261835264;2;2:9,7:1,13:1,19:1,37:1,127:1,3907:1;1608:25328,16776:22592
16273561941000;2;2:3,3:2,5:3,7:3,13:1,31:1,103:1,127:1;1330:25340,19330:20840
16276425052888;2;2:3,7:1,11:3,13:1,19:3,31:1,79:1;7942:25080,10791:24673
16278208559613;2;3:6,7:1,11:3,13:1,19:1,31:1,313:1;5742:25245,18117:21780
16313505354783;2;3:3,7:1,13:1,67:1,157:1,337:1,1873:1;6327:25230,16823:22606
16340094644328;2;2:3,3:2,7:4,13:1,73:1,103:1,967:1;4970:25312,17864:21994
16345678993371;2;3:5,7:7,13:1,61:1,103:1;9688:24899,18816:21315
16359471425024;2;2:9,7:4,13:1,37:1,73:1,379:1;3248:25368,16728:22688
16366931662347;2;3:3,7:1,19:1,43:1,97:1,103:3;4635:25338,17819:22042
16387154155008;2;2:9,3:2,7:1,13:1,19:1,31:1,43:1,1543:1;6752:25240,12752:24280
16393226752000;2;2:12,5:3,7:3,17:3,19:1;8976:25024,14280:23800
16425873009000;2;2:3,3:3,5:3,7:1,13:1,41:3,97:1;410:25420,5412:25338
16431150975750;2;2:1,3:6,5:3,7:3,31:1,61:1,139:1;5535:25335,14805:23625
16489161578125;2;5:6,19:1,37:1,1087:1,1381:1;1725:25450,9525:25000
16497750840256;2;2:6,7:1,31:1,43:3,67:1,223:1;13072:24252,14620:23736
16511177592000;2;2:6,3:3,5:3,7:4,13:1,31:1,79:1;7980:25200,15820:23240
16552446164072;2;2:3,7:1,13:1,73:3,211:1,277:1;5402:25404,19856:20586
16564810836392;2;2:3,7:3,13:4,97:1,2179:1;5082:25424,7514:25272
16567731095552;2;2:11,7:1,13:2,37:1,421:1,439:1;7916:25236,13784:24072
16574699948625;2;3:3,5:3,7:6,13:3,19:1;3185:25480,9009:25116
16592410080064;2;2:6,7:1,13:1,19:1,61:1,73:1,151:1,223:1;12340:24504,15328:23508
16607747827125;2;3:3,5:3,7:3,13:1,31:1,97:1,367:1;5110:25445,14805:23730
16611874552000;2;2:6,5:3,7:2,13:1,41:1,43:3;10320:24940,18280:21900
16621977014272;2;2:12,7:1,19:1,31:1,73:1,97:1,139:1;4000:25488,11488:24720
16660689201000;2;2:3,3:6,5:3,13:1,19:1,67:1,1381:1;1461:25539,6170:25420
16731251213824;2;2:9,7:1,17:3,37:1,61:1,421:1;10200:25024,16024:23280
16757507501000;2;2:3,5:3,7:3,19:1,137:3;9042:25208,14385:23975
16776487000000;2;2:6,5:6,7:1,13:1,19:1,31:1,313:1;5800:25500,18300:22000
16787178524249;2;7:1,31:1,67:1,173:3,223:1;13148:24393,14705:23874
16824278441152;2;2:6,7:4,13:1,19:1,31:1,79:1,181:1;10444:25032,13270:24378
16846954632144;2;2:4,3:11,7:3,13:1,31:1,43:1;13626:24282,17793:22383
16850937493000;2;2:3,5:3,13:1,19:1,211:1,313:1,1033:1;17560:22530,20080:20610
16903739548241;2;7:1,13:1,19:1,29:3,31:1,67:1,193:1;12209:24708,15602:23577
16911271312488;2;2:3,3:3,7:1,31:3,37:1,73:1,139:1;186:25668,20026:20708
16931877417000;2;2:3,3:3,5:3,7:1,13:1,19:1,47:1,7717:1;10104:25146,16125:23355
16987432623616;2;2:9,7:1,13:1,31:1,53:3,79:1;1431:25705,8056:25440
17034177990375;2;3:3,5:3,7:1,13:1,83:3,97:1;415:25730,5478:25647
17040697900568;2;2:3,19:1,61:1,73:1,97:1,277:1,937:1;8358:25436,18182:22260
17101729373248;2;2:6,13:1,97:1,499:1,631:1,673:1;184:25764,7240:25572
17141716388979;2;3:6,7:1,13:4,337:1,349:1;15795:23634,19422:21411
17153341569000;2;2:3,3:6,5:3,7:1,13:1,19:1,31:1,439:1;7155:25605,15930:23580
17153733384872;2;2:3,7:6,19:1,67:1,103:1,139:1;1610:25788,17787:22589
17189231125437;2;3:3,7:4,19:1,23:3,31:1,37:1;11472:25029,18492:22149
17242044549184;2;2:6,7:1,13:1,37:3,211:1,277:1;5476:25752,20128:20868
17284376953125;2;3:3,5:9,31:1,97:1,109:1;11250:25125,19125:21750
17320274485696;2;2:6,7:6,13:1,19:1,67:1,139:1;1372:25872,10332:25312
17338977865125;2;3:6,5:3,7:4,19:1,43:1,97:1;4725:25830,18165:22470
17351289592875;2;3:2,5:3,7:4,31:1,43:1,61:1,79:1;11660:25075,15430:23915
17370145442321;2;7:3,17:3,37:1,61:1,4567:1;8841:25550,13872:24497
17376149546875;2;5:6,7:4,31:1,67:1,223:1;13300:24675,14875:24150
17406514989864;2;2:3,3:2,7:1,11:3,13:1,31:3,67:1;682:25916,5104:25850
17445925217448;2;2:3,3:6,7:3,13:1,17:1,19:1,31:1,67:1;13203:24741,18144:22554
17490111464000;2;2:6,5:3,7:1,31:1,73:1,79:1,1747:1;9400:25540,18610:22270
17502179023000;2;2:3,5:3,7:3,19:1,139:3;9174:25576,14595:24325
17551083801104;2;2:4,7:3,23:3,31:1,61:1,139:1;5658:25898,15134:24150
17586315837125;2;5:3,7:1,19:1,31:1,61:1,73:1,79:1,97:1;9885:25520,17565:23000
17588672647000;2;2:3,5:3,7:3,13:1,19:1,31:1,37:1,181:1;7910:25760,19880:21350
17593912263473;2;7:1,13:1,149:3,211:1,277:1;5513:25926,20264:21009
17627375775744;2;2:12,3:3,7:1,19:1,31:1,67:1,577:1;5296:25952,11639:25225
17675731791872;2;2:12,7:1,11:3,31:1,67:1,223:1;13376:24816,14960:24288
17691731670375;2;3:6,5:3,7:3,19:1,31:3;3255:26040,9207:25668
17691954437528;2;2:3,7:1,19:1,37:1,139:1,1399:1,2311:1;6428:25926,11736:25238
17723741421302;2;2:1,7:4,19:1,73:1,151:1,17623:1;9617:25629,16527:23639
17756309284632;2;2:3,3:8,19:3,31:1,37:1,43:1;5814:25992,12996:24966
17773193593792;2;2:6,7:4,13:1,37:2,67:1,97:1;9660:25648,17773:22995
17833413515840;2;2:6,5:1,13:1,19:2,43:1,157:1,1759:1;9476:25704,17808:23012
17853009940584;2;2:3,3:3,7:1,13:1,19:1,43:1,73:1,97:1,157:1;15816:24042,16537:23711
17878023328256;2;2:9,7:4,13:1,19:1,97:1,607:1;3668:26124,12992:25032
17882648000000;2;2:9,5:6,7:6,19:1;9240:25760,14700:24500
18014275252736;2;2:9,7:2,19:1,37:1,271:1,3769:1;3968:26184,18504:22688
18063187996672;2;2:12,7:2,13:1,19:1,199:1,1831:1;3072:26224,19056:22336
18083958110829;2;3:6,13:1,19:3,37:1,73:1,103:1;8334:25965,12084:25365
18133705180864;2;2:6,7:2,13:4,61:1,3319:1;7020:26104,18408:22828
18170126765973;2;3:3,7:1,13:1,19:1,31:1,109:1,127:1,907:1;9504:25869,19308:22221
18285187015144;2;2:3,7:1,31:1,67:1,89:3,223:1;13528:25098,15130:24564
18295474640625;2;3:3,5:6,7:1,13:1,17:3,97:1;425:26350,5610:26265
18300930244506;2;2:1,3:9,7:1,13:3,19:1,37:1,43:1;3861:26325,12609:25353
18311944295827;2;7:1,13:1,151:3,211:1,277:1;5587:26274,20536:21291
18348768781623;2;3:3,7:1,19:1,43:1,97:1,107:3;4815:26322,18511:22898
18426689288000;2;2:6,5:3,7:1,19:1,103:1,277:1,607:1;13640:25140,14160:24980
18450430852672;2;2:6,7:1,13:1,61:1,199:1,499:1,523:1;772:26424,18286:23106
18470967546304;2;2:6,7:1,13:1,31:1,79:1,109:3;2328:26428,8284:26160
18500044437000;2;2:3,3:3,5:3,7:1,31:1,37:1,61:1,1399:1;13100:25330,20610:21360
18517145826816;2;2:9,3:3,7:1,13:1,19:1,31:1,67:1,373:1;400:26456,18456:23040
18561932272000;2;2:7,5:3,13:1,79:3,181:1;2490:26470,17380:23700
18595098899783;2;7:1,31:1,67:1,179:3,223:1;13604:25239,15215:24702
18601206349824;2;2:18,3:3,7:1,37:1,73:1,139:1;192:26496,20672:21376
18615153624704;2;2:7,7:1,13:2,19:1,61:1,73:1,1453:1;9540:26084,12258:25598
18660047896000;2;2:6,5:3,7:3,19:1,71:3;9372:26128,14910:24850
18678172438016;2;2:9,7:1,13:1,19:3,211:1,277:1;5624:26448,20672:21432
18699223234328;2;2:3,7:1,13:1,19:1,73:1,1249:1,14827:1;3126:26528,6036:26438
18704328209875;2;5:3,7:3,11:3,31:1,97:1,109:1;11550:25795,19635:22330
18746478662464;2;2:6,7:1,31:1,37:1,67:1,73:1,7459:1;3288:26548,10146:26062
18755265339125;2;5:3,7:7,19:1,43:1,223:1;2030:26565,6125:26460
18765977420736;2;2:6,3:3,7:1,13:1,19:1,43:3,79:1;258:26574,16512:24252
18789023425536;2;2:10,3:2,7:6,13:1,31:1,43:1;11858:25774,18452:23212
18793736089128;2;2:3,3:2,7:4,11:3,13:1,61:1,103:1;605:26587,19712:22330
18800926120808;2;2:3,13:1,31:1,67:1,313:1,487:1,571:1;3626:26568,19290:22652
18852979080663;2;3:3,7:1,13:1,19:4,97:1,607:1;13224:25479,20767:21470
18854899336000;2;2:6,5:3,7:6,13:1,23:1,67:1;4240:26580,18900:22960
18857855953125;2;3:3,5:6,7:3,19:4;3325:26600,9405:26220
18860945441247;2;3:6,7:3,13:4,19:1,139:1;15327:24804,16991:24076
18871266272768;2;2:9,7:1,13:4,19:1,31:1,313:1;6032:26520,19032:22880
18946147291461;2;3:6,13:1,19:1,67:1,79:1,103:1,193:1;7950:26421,15909:24618
18948823803000;2;2:3,3:3,5:3,7:1,13:1,43:3,97:1;430:26660,5676:26574
18984021056000;2;2:9,5:3,7:1,11:3,13:1,31:1,79:1;1485:26675,8360:26400
18991357632000;2;2:9,3:3,5:3,13:1,37:1,73:1,313:1;11640:25920,13536:25464
19000579014387;2;3:3,37:1,127:1,331:1,373:1,1213:1;17520:23883,20299:21992
19000888850944;2;2:9,7:3,11:3,13:3,37:1;3520:26664,20592:21736
19005116476528;2;2:4,7:1,13:3,193:1,199:1,2011:1;8787:26365,15223:24921
19013302819000;2;2:3,5:3,7:1,31:1,43:1,73:1,103:1,271:1;4750:26640,5310:26620
19019035741888;2;2:6,7:1,13:1,19:1,37:1,79:1,127:1,463:1;15192:24940,19104:22924
19057057019000;2;2:3,5:3,7:3,11:3,13:3,19:1;9438:26312,15015:25025
19086170779648;2;2:12,7:1,19:3,37:1,43:1,61:1;7524:26524,9840:26272
19128953440051;2;7:4,13:1,37:1,163:1,307:1,331:1;3395:26726,19523:22694
19134027214848;2;2:12,3:6,7:1,13:1,67:1,1051:1;10701:26163,13872:25440
19174577923592;2;2:3,7:3,13:4,19:1,79:1,163:1;2912:26754,13442:25584
19191675975199;2;7:1,13:2,19:1,79:1,181:1,211:1,283:1;9260:26399,11615:26024
19220837551552;2;2:6,7:4,13:1,31:1,211:1,1471:1;16065:24703,16828:24360
19225388480977;2;7:1,31:1,67:1,181:3,223:1;13756:25521,15385:24978
19243083747797;2;7:3,13:1,19:1,29:3,67:1,139:1;1421:26796,10701:26216
19244435392000;2;2:9,5:3,7:1,13:1,79:1,151:1,277:1;16600:24480,19480:22800
19386641461248;2;2:12,3:6,19:1,31:1,73:1,151:1;6072:26760,18504:23544
19397023358769;2;3:3,7:1,19:1,43:1,97:1,109:3;4905:26814,18857:23326
19420880763375;2;3:3,5:3,7:4,13:1,19:1,31:1,313:1;6090:26775,19215:23100
19425212534728;2;2:3,7:4,11:3,13:1,211:1,277:1;5698:26796,20944:21714
19446837035661;2;3:3,7:1,17:3,19:1,31:3,37:1;3162:26877,14093:25534
19486832785875;2;3:3,5:3,7:1,13:3,37:1,73:1,139:1;195:26910,20995:21710
19506488129856;2;2:6,3:3,7:1,13:1,31:1,37:3,79:1;8436:26640,16724:24568
19545805083896;2;2:3,7:4,13:3,31:1,67:1,223:1;13832:25662,15470:25116
19579452931584;2;2:9,3:3,7:1,13:1,43:1,283:1,1279:1;3768:26928,14912:25336
19585091799000;2;2:3,3:2,5:3,7:3,13:1,139:1,3511:1;2240:26950,16405:24755
19586692022625;2;3:5,5:3,7:4,13:1,73:1,283:1;10430:26425,20400:22305
19620577275507;2;3:3,13:1,31:1,37:3,97:1,367:1;5402:26899,15651:25086
19731737326483;2;7:3,13:1,31:1,109:1,373:1,3511:1;7084:26859,15427:25230
19801427068683;2;3:3,13:4,31:1,37:1,61:1,367:1;3900:27027,21203:21736
19806088313375;2;5:3,7:1,13:1,31:3,211:1,277:1;5735:26970,21080:21855
19862751045592;2;2:3,7:1,13:1,19:1,29:3,97:1,607:1;3799:27057,13456:25926
19867889125000;2;2:3,5:6,7:3,19:1,29:3;9570:26680,15225:25375
19903878102528;2;2:9,3:3,7:1,19:1,61:1,103:1,1723:1;13662:25890,16440:24912
19922525695107;2;3:6,7:2,19:3,31:1,43:1,61:1;4218:27075,15843:25170
19937444597441;2;7:1,17:3,19:1,31:1,73:1,97:1,139:1;4250:27081,12206:26265
19946679235119;2;3:9,7:2,13:1,19:1,31:1,37:1,73:1;10935:26514,15822:25191
19981064440792;2;2:3,7:1,13:1,19:1,31:1,53:3,313:1;6148:27030,19398:23320
20038454345728;2;2:18,7:4,13:1,31:1,79:1;1512:27160,8512:26880
20074128550875;2;3:3,5:3,7:3,19:1,97:3;3395:27160,9603:26772
20118859350408;2;2:3,3:3,7:1,13:3,19:3,883:1;3952:27170,15906:25248
20123661824000;2;2:12,5:3,7:3,19:1,37:1,163:1;240:27200,11504:26496
20148985792000;2;2:9,5:3,13:4,73:1,151:1;6175:27105,11440:26520
20174486125248;2;2:6,3:3,7:1,13:1,31:1,43:1,109:1,883:1;14904:25644,18198:24186
20195892139976;2;2:3,7:1,43:1,61:1,73:1,97:1,19417:1;9938:26784,12512:26322
20197279180288;2;2:9,7:1,23:3,31:1,67:1,223:1;13984:25944,15640:25392
20199992719625;2;5:3,31:1,79:3,97:1,109:1;11850:26465,20145:22910
20223328624128;2;2:9,3:3,7:1,31:1,109:1,127:1,487:1;4180:27212,8056:27008
20246990283513;2;3:3,7:4,31:1,73:1,79:1,1747:1;7798:27041,9870:26817
20281790312000;2;2:6,5:3,7:3,19:1,73:3;9636:26864,15330:25550
20301817536000;2;2:9,3:3,5:3,7:1,11:3,13:1,97:1;440:27280,5808:27192
20302115009176;2;2:3,7:1,11:3,13:1,19:1,67:1,109:1,151:1;726:27280,20460:22726
20319745549824;2;2:9,3:3,7:1,19:1,61:1,103:1,1759:1;528:27288,1899:27285
20344409721125;2;5:3,7:3,19:1,73:1,313:1,1093:1;11690:26565,19206:23669
20420757565992;2;2:3,3:3,7:4,31:1,43:1,109:1,271:1;11242:26684,20248:22970
20484460543491;2;3:6,7:1,19:1,37:3,43:1,97:1;4995:27306,19203:23754
20487629392048;2;2:4,7:4,13:1,19:1,79:1,151:1,181:1;301:27363,10869:26779
20506993609375;2;5:6,7:1,13:1,19:1,43:1,127:1,139:1;15775:25500,20050:23175
20528375580125;2;5:3,7:1,31:1,37:3,67:1,223:1;14060:26085,15725:25530
20582710891561;2;7:1,13:1,157:3,211:1,277:1;5809:27318,21352:22137
20647804538179;2;7:1,13:1,19:1,31:4,67:1,193:1;13051:26412,16678:25203
20673275077000;2;2:3,5:3,7:4,13:1,43:1,73:1,211:1;8610:27160,12600:26530
20792338158501;2;3:6,7:1,13:1,373:1,823:1,1021:1;69:27498,21501:22140
20817803575296;2;2:15,3:3,7:1,13:1,19:1,31:1,439:1;7632:27312,16992:25152
20830041622728;2;2:3,3:5,13:1,139:1,181:3;1810:27512,17376:24978
20918133609984;2;2:9,3:2,13:1,37:1,43:1,139:1,1579:1;10928:26968,19672:23696
20964513668427;2;3:3,7:2,19:1,67:1,97:1,181:1,709:1;9147:27234,18091:24686
20978521515224;2;2:3,7:1,13:1,79:3,211:1,277:1;5846:27492,21488:22278
21001819600125;2;3:3,5:3,7:1,13:1,89:3,97:1;445:27590,5874:27501
21098341900125;2;3:3,5:3,7:3,19:1,67:1,103:1,139:1;1725:27630,20965:22820
21126758464000;2;2:9,5:3,7:3,19:1,37:3;9768:27232,15540:25900
21139949353536;2;2:6,3:6,13:1,19:1,37:1,43:1,1153:1;1764:27648,16100:25696
21201384348991;2;7:1,11:3,17:3,31:1,67:1,223:1;14212:26367,15895:25806
21320542085031;2;3:9,7:1,19:1,37:1,43:1,5119:1;3639:27708,18063:24894
21341532231873;2;3:3,7:1,37:1,67:3,73:1,139:1;201:27738,21641:22378
21341605217625;2;3:9,5:3,7:3,11:3,19:1;3465:27720,9801:27324
21356217479168;2;2:12,11:1,13:1,19:1,61:1,163:1,193:1;944:27744,19232:24240
21409590246408;2;2:3,3:6,7:4,13:1,337:1,349:1;17010:25452,20916:23058
21463200014893;2;7:1,13:1,19:1,31:1,37:1,67:1,163:1,991:1;12554:26909,16532:25685
21473214455511;2;3:9,7:3,13:1,19:1,79:1,163:1;3024:27783,13959:26568
21511799677125;2;3:3,5:3,673:1,757:1,12511:1;2480:27805,6365:27700
21543335624384;2;2:6,7:1,31:1,47:3,67:1,223:1;14288:26508,15980:25944
21557903633000;2;2:3,5:3,7:3,19:1,149:3;9834:27416,15645:26075
21560784961625;2;5:3,7:3,13:1,19:1,97:1,139:1,151:1;4800:27785,21350:22785
21569827549032;2;2:3,3:8,7:1,19:1,37:3,61:1;1812:27834,10656:27306
21575418195968;2;2:12,7:1,13:1,29:1,31:3,67:1;3264:27824,16448:25776
21611799282717;2;3:3,7:1,19:1,43:1,97:1,113:3;5085:27798,19549:24182
21660110943471;2;3:2,7:3,11:3,13:1,31:1,103:1,127:1;1463:27874,21263:22924
21666123688391;2;7:2,13:1,17:3,19:1,199:1,1831:1;3264:27863,20247:23732
21689130599208;2;2:3,3:3,19:1,31:1,79:1,271:1,7963:1;3018:27876,20602:23480
21690880304184;2;2:3,3:3,7:4,13:1,31:1,67:1,1549:1;5971:27797,18196:25022
21712467830697;2;3:3,7:1,17:3,31:1,571:1,1321:1;1224:27897,21241:22976
21715053080994;2;2:1,3:6,7:1,13:1,547:3;1641:27897,21293:22933
21750233628403;2;7:2,19:1,37:3,61:1,7561:1;6660:27787,17464:25419
21773337060375;2;3:12,5:3,31:1,97:1,109:1;12150:27135,20655:23490
21782957833728;2;2:9,3:3,7:3,13:1,193:1,1831:1;4536:27888,19896:24048
21785300992000;2;2:15,5:3,7:1,13:1,211:1,277:1;5920:27840,21760:22560
21791340643625;2;5:3,7:5,31:1,313:1,1069:1;9905:27510,17409:25466
21826902843837;2;3:3,7:9,13:1,23:1,67:1;4452:27909,19845:24108
21860250867000;2;2:3,3:3,5:3,7:1,13:1,37:2,67:1,97:1;10350:27480,16190:26020
21895223108096;2;2:9,13:2,19:1,31:1,43:1,97:1,103:1;7648:27784,15688:26224
21918915765621;2;3:5,7:1,17:3,19:1,31:1,61:1,73:1;16949:25738,20589:23628
21980654857512;2;2:3,3:6,13:1,19:1,139:1,151:1,727:1;4554:27972,12000:27258
22110405028712;2;2:3,7:2,11:3,13:1,41:1,43:3;11352:27434,20108:24090
22157678255923;2;7:4,19:1,37:3,43:1,223:1;2146:28083,6475:27972
22196333669237;2;7:4,13:1,23:3,211:1,277:1;5957:28014,21896:22701
22238229223000;2;2:3,5:3,7:1,19:3,31:1,67:1,223:1;14440:26790,16150:26220
22263022186496;2;2:12,7:1,13:1,29:3,31:1,79:1;1566:28130,8816:27840
22311456737472;2;2:6,3:3,7:1,17:3,37:1,73:1,139:1;204:28152,21964:22712
22329504197000;2;2:3,5:3,7:1,11:3,13:1,19:1,31:1,313:1;6380:28050,20130:24200
22390020914625;2;3:3,5:3,7:1,13:1,271:1,367:1,733:1;270:28185,10905:27630
22437711667000;2;2:3,5:3,7:3,19:1,151:3;9966:27784,15855:26425
22449727857375;2;3:3,5:3,7:4,13:4,97:1;455:28210,6006:28119
22472000556544;2;2:9,7:3,11:3,127:1,757:1;11935:27489,21340:23364
22539301750000;2;2:4,5:6,7:3,31:1,61:1,139:1;6150:28150,16450:26250
22564433736000;2;2:6,3:9,5:3,13:1,73:1,151:1;11880:27540,13248:27252
22582529181277;2;13:1,31:1,37:1,43:1,79:1,397:1,1123:1;3110:28253,14669:26882
22591210452587;2;7:1,31:1,67:1,191:3,223:1;14516:26931,16235:26358
22631487095763;2;3:3,7:3,13:2,19:1,37:1,67:1,307:1;5763:28206,19523:24766
22661341707375;2;3:3,5:3,7:3,19:1,101:3;3535:28280,9999:27876
22679515529216;2;2:15,7:1,13:1,19:1,31:1,37:1,349:1;8672:28032,20624:24048
22679955643904;2;2:9,13:1,31:1,43:1,463:1,5521:1;16268:26388,19152:25016
22779758523375;2;3:3,5:3,7:1,19:1,23:3,43:1,97:1;5175:28290,19895:24610
22799877964227;2;3:6,7:2,13:1,97:1,439:1,1153:1;2784:28347,16371:26406
22843767780288;2;2:6,3:6,7:1,13:4,31:1,79:1;8892:28080,17628:25896
22886452736000;2;2:12,5:3,7:3,19:4;10032:27968,15960:26600
22944043692297;2;3:3,7:1,13:1,19:1,31:1,37:3,313:1;6438:28305,20313:24420
22981655816000;2;2:6,5:3,7:3,31:1,43:1,61:1,103:1;5810:28350,9780:28040
23033844461719;2;7:1,13:1,163:3,211:1,277:1;6031:28362,22168:22983
23185055236096;2;2:14,13:1,31:1,43:1,127:1,643:1;4024:28488,13744:27408
23197991544000;2;2:6,3:3,5:3,7:1,13:1,23:3,97:1;460:28520,6072:28428
23242818270763;2;7:1,13:1,19:1,151:1,6247:1,14251:1;9067:28230,17643:26086
23273623539712;2;2:12,7:1,13:1,97:1,241:1,2671:1;121:28551,15952:26784
23279338358584;2;2:3,7:1,11:3,31:1,73:1,79:1,1747:1;10340:28094,20471:24497
23281127942625;2;3:6,5:3,7:1,37:1,61:1,103:1,157:1;14328:27297,20425:24530
23308339038229;2;7:1,31:1,67:1,193:3,223:1;14668:27213,16405:26634
23332490974611;2;3:8,7:1,13:1,19:1,31:1,43:1,1543:1;7596:28395,14346:27315
23374000390104;2;2:3,3:3,7:1,13:3,31:1,61:3;4758:28548,22509:22875
23408865049024;2;2:6,7:4,13:1,19:1,37:1,79:1,211:1;13111:27657,14812:27216
23410523293157;2;7:3,11:3,13:1,19:1,31:1,37:1,181:1;8701:28336,21868:23485
23426327810125;2;5:3,31:1,83:3,97:1,109:1;12450:27805,21165:24070
23434525983232;2;2:9,7:1,13:1,31:1,59:3,79:1;1593:28615,8968:28320
23460386401088;2;2:6,7:1,13:1,41:3,211:1,277:1;6068:28536,22304:23124
23505297795343;2;7:3,13:1,19:1,31:3,67:1,139:1;1519:28644,11439:28024
23569756327936;2;2:12,7:4,13:1,19:1,31:1,313:1;6496:28560,20496:24640
23589601501284;2;2:2,3:6,7:1,13:2,37:1,421:1,439:1;15507:27081,21921:23547
23597990967096;2;2:3,3:4,7:1,13:1,19:1,61:1,487:1,709:1;10016:28270,15854:26968
23607477601344;2;2:6,3:3,7:1,13:3,43:1,73:1,283:1;9312:28356,18096:26052
23640789627000;2;2:3,3:3,5:3,7:1,13:1,31:1,211:1,1471:1;7760:28510,18030:26100
23672525300648;2;2:3,7:1,31:1,67:1,97:3,223:1;14744:27354,16490:26772
23691961619144;2;2:3,7:1,13:1,19:1,31:1,43:1,733:1,1753:1;4295:28689,22392:23186
23765578455528;2;2:3,3:3,7:1,13:1,19:1,79:1,397:1,2029:1;16218:26916,20544:24714
23801804488000;2;2:6,5:3,7:6,11:3,19:1;10164:28336,16170:26950
23879578814000;2;2:4,5:3,7:1,13:1,31:1,37:1,73:1,1567:1;2550:28790,21194:24306
23918887331514;2;2:1,3:3,7:3,17:3,31:1,61:1,139:1;6273:28713,16779:26775
23948585262784;2;2:6,7:6,13:1,19:1,79:1,163:1;3136:28812,14476:27552
23989057212393;2;3:9,7:1,13:3,19:1,43:1,97:1;5265:28782,20241:25038
23997725047296;2;2:9,3:2,7:1,11:3,13:1,19:1,31:1,73:1;3112:28832,3916:28820
24034393774125;2;3:3,5:3,7:3,19:1,103:3;3605:28840,10197:28428
24137585581375;2;5:3,7:3,17:3,19:1,37:1,163:1;255:28900,12223:28152
24150934825472;2;2:9,7:3,13:1,37:1,43:1,61:1,109:1;8872:28624,18088:26320
24262217245448;2;2:3,7:1,13:1,19:1,31:3,97:1,607:1;4061:28923,14384:27714
24268493375000;2;2:3,5:6,7:3,19:1,31:3;10230:28520,16275:27125
24323762297133;2;3:9,13:3,43:1,103:1,127:1;18252:26325,19773:25506
24329202926392;2;2:3,7:1,13:1,83:3,211:1,277:1;6142:28884,22576:23406
24338584053000;2;2:3,3:3,5:3,7:4,37:1,73:1,139:1;210:28980,22610:23380
24391045066752;2;2:12,3:2,7:1,13:1,73:1,103:1,967:1;5680:28928,20416:25136
24412239030592;2;2:6,7:7,31:1,67:1,223:1;14896:27636,16660:27048
24422042926125;2;3:3,5:3,13:1,67:1,79:1,103:1,1021:1;612:29013,21845:24100
24500895862625;2;5:3,7:1,13:1,19:3,43:1,67:1,109:1;5310:28985,18050:26505
24525923442328;2;2:3,7:1,11:3,19:1,103:1,277:1,607:1;15004:27654,15576:27478
24532313013117;2;3:3,7:1,13:1,31:1,37:1,2347:1,3709:1;4357:29024,18360:26373
24623559145647;2;3:3,7:1,11:3,31:1,37:1,61:1,1399:1;14410:27863,22671:23496
24705931854032;2;2:4,11:3,13:1,79:3,181:1;2739:29117,19118:26070
24731504723016;2;2:3,3:3,7:3,13:1,31:1,37:1,61:1,367:1;4200:29106,22834:23408
24744031767000;2;2:3,3:3,5:3,7:1,13:1,47:3,97:1;470:29140,6204:29046
24771541336451;2;7:1,13:1,167:3,211:1,277:1;6179:29058,22712:23547
24779913925032;2;2:3,3:5,7:1,43:1,151:1,283:1,991:1;6618:29040,20684:25162
24787805404481;2;7:1,31:1,67:1,197:3,223:1;14972:27777,16745:27186
24790574016000;2;2:9,3:3,5:3,13:1,31:1,97:1,367:1;5840:29080,16920:27120
24872856127119;2;3:3,7:1,11:3,13:1,19:1,31:1,37:1,349:1;5423:29128,8943:28908
24902989810712;2;2:3,13:1,19:1,103:1,211:1,631:1,919:1;5796:29126,15942:27524
24907527497853;2;3:3,7:1,11:3,13:1,19:1,31:1,67:1,193:1;13893:28116,17754:26829
25095871016216;2;2:3,7:6,11:3,13:1,23:1,67:1;4664:29238,20790:25256
25104156714000;2;2:4,3:3,5:3,7:1,13:3,19:1,37:1,43:1;4290:29250,14010:28170
25113609488968;2;2:3,7:4,11:1,13:1,19:3,31:1,43:1;9044:28994,21938:24416
25160931546875;2;5:6,17:3,31:1,97:1,109:1;12750:28475,21675:24650
25165597184000;2;2:12,5:3,7:3,13:1,73:1,151:1;6650:29190,12320:28560
25205877944000;2;2:6,5:3,13:1,43:1,151:1,163:1,229:1;10380:28880,14220:28160
25220092681000;2;2:3,5:3,7:3,19:1,157:3;10362:28888,16485:27475
25240414296699;2;3:3,7:4,17:3,19:1,43:1,97:1;5355:29274,20587:25466
25251136100857;2;19:1,31:1,37:1,67:1,409:1,42283:1;10593:28870,14065:28218
25264584709273;2;7:2,13:1,23:3,41:1,43:3;11868:28681,21022:25185
25298065584064;2;2:6,7:4,13:1,31:1,37:1,61:1,181:1;12117:28651,18438:26698
25306706052089;2;7:1,11:3,31:1,43:1,73:1,103:1,271:1;5225:29304,5841:29282
25353649123712;2;2:7,7:3,13:3,31:1,61:1,139:1;6396:29276,17108:27300
25396638358581;2;3:3,7:1,37:1,71:3,73:1,139:1;213:29394,22933:23714
25455232434177;2;3:6,7:4,13:1,19:1,97:1,607:1;14616:28161,22953:23730
25461817171875;2;3:6,5:6,7:6,19:1;3675:29400,10395:28980
25542165796875;2;3:3,5:6,7:1,13:1,19:3,97:1;475:29450,6270:29355
25550454436003;2;7:1,31:1,67:1,199:3,223:1;15124:28059,16915:27462
25587835812539;2;7:1,11:3,13:1,31:1,103:1,109:1,607:1;12578:28683,22704:24035
25605572866048;2;2:12,7:3,19:1,67:1,103:1,139:1;1840:29472,20328:25816
25672238011693;2;7:1,13:7,211:1,277:1;6253:29406,22984:23829
25705081304000;2;2:6,5:3,7:3,19:1,79:3;10428:29072,16590:27650
25714265373216;2;2:5,3:6,7:4,19:1,73:1,331:1;7434:29358,13881:28455
25832905933653;2;3:9,7:1,13:1,19:1,43:1,127:1,139:1;17037:27540,21654:25029
25854170660864;2;2:15,7:3,13:1,19:1,67:1,139:1;1568:29568,11808:28928
25878913475779;2;7:1,13:1,17:3,29:1,31:3,67:1;3468:29563,17476:27387
25899396443648;2;2:9,7:1,13:1,31:1,61:3,79:1;1647:29585,9272:29280
25936994440000;2;2:6,5:4,7:1,31:1,67:1,103:1,433:1;12330:28870,15060:28240
25937576000000;2;2:9,5:6,7:1,31:1,67:1,223:1;15200:28200,17000:27600
25948538417529;2;3:3,7:4,13:3,19:1,43:1,223:1;2262:29601,6825:29484
25951208178266;2;2:1,7:4,19:1,31:1,37:1,43:1,73:1,79:1;2079:29603,15981:27965
26007313479875;2;5:3,7:1,13:3,19:1,31:1,103:1,223:1;1248:29627,22035:24830
26130660101000;2;2:3,5:3,7:1,13:1,17:3,211:1,277:1;6290:29580,23120:23970
26186351452352;2;2:6,7:1,13:1,19:1,29:3,31:1,313:1;6728:29580,21228:25520
26336558521000;2;2:3,5:3,7:1,13:1,19:1,61:1,67:1,3727:1;7690:29580,11740:29130
26518285123064;2;2:3,7:1,61:1,73:1,97:1,241:1,4549:1;20750:26004,23553:23783
26530248163328;2;2:15,7:1,13:1,37:2,67:1,97:1;11040:29312,20312:26280
26534548723221;2;3:3,7:1,11:6,19:1,43:1,97:1;5445:29766,20933:25894
26537971707000;2;2:3,3:3,5:3,13:1,19:3,73:1,151:1;12540:29070,13984:28766
26541501360192;2;2:6,3:3,7:1,13:1,31:1,41:3,79:1;9348:29520,18532:27224
26604139313997;2;3:3,7:6,31:1,43:1,61:1,103:1;10269:29442,17885:27538
26660989651625;2;5:3,7:2,61:3,127:1,151:1;7265:29730,9150:29585
26686728699904;2;2:18,7:1,13:1,19:1,97:1,607:1;4192:29856,14848:28608
26693632000000;2;2:18,5:6,7:3,19:1;10560:29440,16800:28000
26696736746199;2;3:3,13:1,31:1,41:3,97:1,367:1;5986:29807,17343:27798
26723510490376;2;2:3,7:1,31:1,67:1,101:3,223:1;15352:28482,17170:27876
26866495748456;2;2:3,7:1,13:4,19:3,31:1,79:1;9386:29640,12753:29159
26869439673531;2;3:6,7:1,13:4,19:1,31:1,313:1;6786:29835,21411:25740
26942039488000;2;2:9,5:3,7:1,13:3,31:1,883:1;3315:29965,5400:29920
26944667654625;2;3:3,5:3,7:3,19:1,107:3;3745:29960,10593:29532
26979114848625;2;3:3,5:3,29:3,31:1,97:1,109:1;13050:29145,22185:25230
27063811343296;2;2:6,7:1,13:1,43:3,211:1,277:1;6364:29928,23392:24252
27122362323119;2;7:4,29:3,31:1,67:1,223:1;15428:28623,17255:28014
27149573626623;2;3:3,7:1,19:4,31:3,37:1;3534:30039,15751:28538
27175426754616;2;2:3,3:6,7:1,19:3,37:1,43:1,61:1;8094:29868,11070:29556
27189555427125;2;3:3,5:3,7:1,13:1,97:4;485:30070,6402:29973
27194132353024;2;2:12,7:1,13:1,31:4,79:1;1674:30070,9424:29760
27195915522321;2;3:2,7:4,13:1,19:1,73:1,223:1,313:1;2716:30065,18466:27545
27197272277000;2;2:3,5:3,7:6,19:1,23:3;10626:29624,16905:28175
27203237254648;2;2:3,7:1,13:1,17:3,19:1,31:1,37:1,349:1;9214:29784,21913:25551
27245744140680;2;2:3,3:3,5:1,13:1,19:1,31:1,43:1,193:1,397:1;10308:29682,22593:25047
27346031548992;2;2:6,3:3,13:2,19:1,73:1,181:1,373:1;2325:30123,11748:29520
27361699911000;2;2:3,3:3,5:3,7:2,13:1,19:1,31:1,37:1,73:1;12150:29460,17580:27990
27538604320409;2;7:1,13:1,173:3,211:1,277:1;6401:30102,23528:24393
27564304988584;2;2:3,7:1,13:1,19:1,31:1,59:3,313:1;6844:30090,21594:25960
27586254864896;2;2:9,7:1,13:1,19:1,37:1,163:1,5167:1;11720:29616,19239:27353
27603857004507;2;3:3,7:1,37:1,73:4,139:1;219:30222,23579:24382
27678339643311;2;3:5,7:1,19:3,37:1,97:1,661:1;2055:30246,15447:28842
27686241856000;2;2:9,5:3,7:2,13:1,19:1,31:1,1153:1;7120:30120,18280:27840
27710852321845;2;5:1,7:3,11:3,31:1,79:1,4957:1;154:30261,19117:27468
27833213555000;2;2:3,5:4,7:1,37:1,157:1,136897:1;1095:30305,18398:27852
27834506919163;2;7:1,19:4,31:1,73:1,97:1,139:1;4750:30267,13642:29355
27872179438887;2;3:6,7:1,19:1,41:3,43:1,97:1;5535:30258,21279:26322
27877775756103;2;3:9,7:1,13:1,43:1,283:1,1279:1;4239:30294,16776:28503
27904856616000;2;2:6,3:3,5:3,7:1,13:1,19:1,74719:1;1590:30330,15560:28900
27931932429625;2;5:3,7:1,31:1,41:3,67:1,223:1;15580:28905,17425:28290
28024691070887;2;7:1,19:1,23:3,103:1,277:1,607:1;15686:28911,16284:28727
28039168521000;2;2:3,3:3,5:3,7:7,13:1,97:1;490:30380,6468:30282
28046588903424;2;2:19,3:2,7:3,13:1,31:1,43:1;13552:29456,21088:26528
28057294393856;2;2:9,7:1,13:1,37:1,67:1,421:1,577:1;1928:30384,18843:27749
28219583662543;2;7:1,13:1,19:3,37:1,43:1,157:1,181:1;15732:28975,22054:25959
28223478199000;2;2:3,5:3,7:3,19:1,163:3;10758:29992,17115:28525
28342689609752;2;2:3,7:1,31:1,67:1,103:3,223:1;15656:29046,17510:28428
28484000976375;2;3:3,5:3,7:3,19:1,109:3;3815:30520,10791:30084
28504784546875;2;5:6,7:4,13:1,211:1,277:1;6475:30450,23800:24675
28587299904000;2;2:9,3:2,5:3,43:1,73:1,97:1,163:1;18380:28180,21446:26554
28691162759168;2;2:15,7:1,13:1,31:1,211:1,1471:1;18360:28232,19232:27840
28731865839768;2;2:3,3:2,7:1,13:4,31:3,67:1;806:30628,6032:30550
28746122048000;2;2:9,5:3,7:3,19:1,41:3;10824:30176,17220:28700
28753872840504;2;2:3,3:3,7:1,37:4,73:1,139:1;222:30636,23902:24716
28778483248424;2;2:3,7:1,13:1,31:1,37:1,193:1,283:1,631:1;18474:28220,20849:27015
28791880299000;2;2:3,3:3,5:3,7:1,13:1,19:1,37:1,79:1,211:1;13550:29740,15870:29160
28882844293375;2;5:3,31:1,89:3,97:1,109:1;13350:29815,22695:25810
28977435029816;2;2:3,7:1,13:1,19:1,73:1,277:1,313:1,331:1;1839:30713,21870:26456
28989375724881;2;3:3,11:3,13:1,19:1,37:1,61:1,1447:1;7689:30558,20361:27390
28996235620352;2;2:12,7:1,11:3,13:1,211:1,277:1;6512:30624,23936:24816
29101648334941;2;7:4,13:1,19:1,67:1,73:1,79:1,127:1;3493:30744,17920:28581
29176245489664;2;2:12,7:1,13:3,31:1,67:1,223:1;15808:29328,17680:28704
29178954454923;2;3:3,7:3,13:1,43:1,151:1,163:1,229:1;10899:30324,14931:29568
29246285439000;2;2:3,3:3,5:3,7:1,19:1,37:1,43:1,5119:1;20070:27660,20395:27485
29254025390625;2;3:3,5:9,7:1,19:1,43:1,97:1;5625:30750,21625:26750
29256153421131;2;3:2,7:1,13:1,17:3,73:1,103:1,967:1;6035:30736,21692:26707
29432227591312;2;2:4,7:1,13:3,37:1,79:1,151:1,271:1;533:30875,19874:27842
29588240808000;2;2:6,3:2,5:3,7:1,19:1,37:3,61:1;4625:30895,11840:30340
29590399409571;2;3:3,7:1,11:3,13:1,19:1,37:1,61:1,211:1;19547:28072,22275:26466
29599083095813;2;7:1,11:3,19:3,31:1,67:1,223:1;15884:29469,17765:28842
29716176683375;2;5:3,7:4,13:1,19:1,31:1,67:1,193:1;14735:29820,18830:28455
29791125000000;2;2:6,3:3,5:9,7:1,13:1,97:1;500:31000,6600:30900
29810687032000;2;2:6,5:3,7:3,19:1,83:3;10956:30544,17430:29050
29840012236125;2;3:3,5:3,7:1,13:1,31:1,79:1,97:1,409:1;12645:30300,17005:29210
29911628644352;2;2:27,7:1,13:1,31:1,79:1;1728:31040,9728:30720
29929701035871;2;3:3,7:1,13:1,307:3,421:1;4912:31007,24034:25223
29973979198583;2;7:1,19:1,31:1,83:1,211:1,571:1,727:1;18834:28559,22160:26727
29991729057472;2;2:6,7:1,13:1,43:1,79:1,613:1,2473:1;4351:31041,8730:30838
29996019248104;2;2:3,7:1,13:1,89:3,211:1,277:1;6586:30972,24208:25098
30047108927255;2;5:1,7:1,19:1,337:1,397:1,457:1,739:1;6732:30983,13127:30288
30080872891125;2;3:6,5:3,7:3,19:1,37:3;3885:31080,10989:30636
30080908462059;2;3:3,7:1,13:1,61:1,349:1,541:1,1063:1;2992:31091,10091:30742
30087234627723;2;3:9,7:1,13:1,19:3,31:1,79:1;9747:30780,19323:28386
30148842972311;2;7:4,19:1,41:3,43:1,223:1;2378:31119,7175:30996
30151789928000;2;2:6,5:3,13:1,19:1,139:1,151:1,727:1;5060:31080,20495:27825
30247901970013;2;7:2,13:1,19:4,199:1,1831:1;3648:31141,22629:26524
30277835772219;2;3:3,7:1,19:1,31:1,43:1,61:1,97:1,1069:1;6464:31075,7692:31011
30327433775639;2;7:3,11:3,13:1,43:1,151:1,787:1;12551:30492,22154:26895
30352686371000;2;2:3,5:3,7:3,19:1,167:3;11022:30728,17535:29225
30410723592704;2;2:9,7:3,13:2,19:1,199:1,271:1;6748:31108,13570:30334
30456974906407;2;7:1,31:1,67:1,211:3,223:1;16036:29751,17935:29118
30463550365976;2;2:3,7:1,13:1,19:1,31:1,61:3,313:1;7076:31110,22326:26840
30504415626503;2;7:1,13:1,179:3,211:1,277:1;6623:31146,24344:25239
30550479452857;2;7:1,13:1,19:1,37:1,79:1,139:1,157:1,277:1;4777:31224,9718:30945
30588583891096;2;2:3,7:3,11:3,31:1,43:1,61:1,103:1;6391:31185,10758:30844
30618173686464;2;2:6,3:3,7:1,13:1,31:1,43:3,79:1;9804:30960,19436:28552
30680805525363;2;3:3,7:1,19:1,43:1,97:1,127:3;5715:31242,21971:27178
30693825878625;2;3:3,5:3,7:1,13:1,97:1,101:3;505:31310,6666:31209
30758980268016;2;2:4,3:5,7:3,11:3,13:1,31:1,43:1;16654:29678,21747:27357
30797252629533;2;3:3,13:1,31:1,43:3,97:1,367:1;6278:31261,18189:29154
30874086459125;2;5:3,7:3,13:3,31:1,97:1,109:1;13650:30485,23205:26390
30892068017216;2;2:6,7:1,31:1,53:3,67:1,223:1;16112:29892,18020:29256
31011118275592;2;2:3,7:3,13:1,17:3,19:1,67:1,139:1;1666:31416,12546:30736
31021666557336;2;2:3,3:2,7:4,13:4,61:1,103:1;715:31421,23296:26390
31115808571904;2;2:9,7:1,31:1,67:1,673:1,6211:1;2859:31445,23112:26576
31145018825375;2;5:3,7:1,13:1,19:3,31:1,79:1,163:1;2840:31455,6935:31350
31148846277696;2;2:6,3:3,7:1,19:3,37:1,73:1,139:1;228:31464,24548:25384
31218811034229;2;3:3,7:1,13:1,19:1,31:1,41:3,313:1;7134:31365,22509:27060
31275552763000;2;2:3,5:3,7:2,13:1,97:1,439:1,1153:1;16075:30045,18190:29340
31282266742272;2;2:9,3:3,7:1,13:1,67:1,211:1,1759:1;3960:31488,11184:31032
31300050547584;2;2:7,3:3,7:1,13:1,181:1,271:1,2029:1;15252:30276,20268:28428
31335758272000;2;2:9,5:3,7:1,13:4,31:1,79:1;1755:31525,9880:31200
31364918687375;2;5:3,7:3,13:1,61:1,73:1,12637:1;1680:31535,11916:30959
31431832595072;2;2:7,7:4,13:1,19:3,31:1,37:1;57:31559,7980:31388
31456314253000;2;2:3,5:3,7:3,13:6,19:1;11154:31096,17745:29575
31538377072657;2;7:1,13:1,181:3,211:1,277:1;6697:31494,24616:25521
31560931080504;2;2:3,3:3,7:4,19:1,31:1,277:1,373:1;4893:31563,17192:29806
31665926376000;2;2:6,3:3,5:3,7:1,19:1,31:3,37:1;3720:31620,16580:30040
31666096129024;2;2:10,7:6,31:1,61:1,139:1;6888:31528,18424:29400
31668457777875;2;3:3,5:3,31:1,103:3,277:1;7107:31518,18540:29355
31676484063744;2;2:9,3:3,13:1,19:1,37:1,157:1,1597:1;6792:31536,15948:30228
31736339152875;2;3:3,5:3,7:3,19:1,113:3;3955:31640,11187:31188
31742698897000;2;2:3,5:3,7:1,13:1,19:1,37:1,127:1,3907:1;2010:31660,20970:28240
31747120082944;2;2:12,7:4,37:1,43:1,2029:1;800:31664,24038:26138
31751058653496;2;2:3,3:2,7:1,13:1,19:1,43:1,73:1,193:1,421:1;18652:29342,22462:27332
31767054778368;2;2:18,3:3,7:1,13:1,31:1,37:1,43:1;10368:31296,20820:28332
31774645915768;2;2:3,7:1,31:1,67:1,107:3,223:1;16264:30174,18190:29532
31852574025272;2;2:3,7:3,11:3,13:1,17:1,19:1,31:1,67:1;16137:30239,22176:27566
31958338793472;2;2:12,3:6,7:1,13:1,337:1,349:1;19440:29088,23904:26352
31986452749888;2;2:6,7:1,13:1,19:1,31:4,313:1;7192:31620,22692:27280
32006160459000;2;2:3,3:2,5:3,7:1,13:1,19:1,31:1,43:1,1543:1;8440:31550,15940:30350
32009284296899;2;7:1,13:1,19:1,29:3,43:1,127:1,139:1;18299:29580,23258:26883
32009740747712;2;2:6,7:1,13:1,17:3,19:1,97:1,607:1;4454:31722,15776:30396
32018021000000;2;2:6,5:6,7:3,17:3,19:1;11220:31280,17850:29750
32064005964536;2;2:3,7:4,13:4,211:1,277:1;6734:31668,24752:25662
32097776464000;2;2:7,5:3,13:1,19:1,31:1,37:1,73:1,97:1;5268:31732,24900:25540
32153238790029;2;3:6,7:1,19:1,43:4,97:1;5805:31734,22317:27606
32222169609875;2;5:3,7:1,31:1,43:3,67:1,223:1;16340:30315,18275:29670
32246439117165;2;3:3,5:1,7:1,13:1,37:1,79:1,331:1,2713:1;2934:31821,9117:31578
32262707570184;2;2:3,3:3,7:1,13:1,19:1,31:1,43:1,229:1,283:1;3842:31816,9993:31503
32358849796000;2;2:5,5:3,7:1,13:2,37:1,421:1,439:1;9895:31545,17230:30090
32394655374543;2;3:3,7:4,11:3,37:1,73:1,139:1;231:31878,24871:25718
32407050937625;2;5:3,7:1,13:1,19:1,61:1,73:1,151:1,223:1;15425:30630,19160:29385
32445067484375;2;5:6,7:2,13:1,41:1,43:3;12900:31175,22850:27375
32464798856000;2;2:6,5:3,7:1,19:1,31:1,73:1,97:1,139:1;5000:31860,14360:30900
32482507141000;2;2:3,5:3,7:4,19:1,31:1,103:1,223:1;1344:31906,23730:26740
32553566647875;2;3:3,5:3,7:1,13:1,97:1,103:3;515:31930,6798:31827
32593236371423;2;7:1,13:1,17:3,271:1,367:1,733:1;306:31943,12359:31314
32665009552000;2;2:7,5:3,7:7,37:1,67:1;11405:31475,19796:29204
32669070819840;2;2:9,3:3,5:1,7:1,13:3,73:1,421:1;8558:31762,23568:26952
32716689385016;2;2:3,7:1,13:1,19:1,31:1,43:1,73:1,109:1,223:1;1915:31981,24112:26542
32738182710632;2;2:3,7:3,19:1,37:1,67:1,439:1,577:1;11168:31530,15146:30816
32764398966208;2;2:6,7:4,13:3,37:1,43:1,61:1;9009:31759,17766:30058
32815320523713;2;3:6,7:1,13:1,19:1,67:1,73:1,5323:1;12681:31338,17865:30042
32954807923875;2;3:3,5:3,31:4,97:1,109:1;13950:31155,23715:26970
32981442178048;2;2:10,7:1,13:4,19:1,61:1,139:1;11726:31538,23972:26780
32996254015296;2;2:6,3:3,11:3,13:1,31:1,97:1,367:1;6424:31988,18612:29832
33002731850625;2;3:3,5:4,19:1,43:1,79:1,157:1,193:1;3260:32065,11905:31520
33011533724832;2;2:5,3:6,13:1,31:1,43:1,127:1,643:1;4527:32049,15462:30834
33014700716032;2;2:12,7:2,409:1,523:1,769:1;19944:29272,22002:28174
33101448371712;2;2:9,3:2,7:3,19:1,31:3,37:1;820:32108,17267:30349
33129783753661;2;7:4,31:4,67:1,223:1;16492:30597,18445:29946
33132719646208;2;2:9,7:1,13:1,23:3,211:1,277:1;6808:32016,25024:25944
33161415616000;2;2:9,5:3,7:3,19:1,43:3;11352:31648,18060:30100
33260056579295;2;5:1,7:1,13:1,31:1,73:1,109:1,296347:1;1056:32159,7778:32007
33281625747608;2;2:3,7:4,19:1,31:1,37:1,43:3;7329:32039,23048:27606
33381786758040;2;2:3,3:3,5:1,7:1,19:1,37:1,43:3,79:1;17286:30444,17509:30371
33392967271902;2;2:1,3:3,7:3,19:3,31:1,61:1,139:1;7011:32091,18753:29925
33442804559619;2;3:3,7:1,13:1,19:1,23:3,97:1,607:1;16008:30843,25139:25990
33451455515625;2;3:3,5:6,7:3,19:1,23:3;4025:32200,11385:31740
33483880761877;2;7:1,13:1,19:1,31:1,37:1,43:1,307:1,1279:1;16645:30678,19804:29517
33510964032000;2;2:9,3:3,5:3,7:1,13:4,97:1;520:32240,6864:32136
33511455052712;2;2:3,7:1,13:4,19:1,67:1,109:1,151:1;858:32240,24180:26858
33549023543464;2;2:3,11:3,13:1,43:1,151:1,163:1,229:1;11418:31768,15642:30976
33555605067712;2;2:6,7:4,13:1,19:3,31:1,79:1;10108:31920,13734:31402
33589913109704;2;2:3,7:1,31:1,67:1,109:3,223:1;16568:30738,18530:30084
33640842598272;2;2:7,3:2,7:3,13:1,17:3,31:1,43:1;14399:31297,22406:28186
33672044131551;2;3:3,7:1,19:1,43:1,97:1,131:3;5895:32226,22663:28034
33675868260125;2;5:3,7:1,13:1,37:3,211:1,277:1;6845:32190,25160:26085
33698290149125;2;5:3,7:3,19:4,37:1,163:1;285:32300,13661:31464
33743181689000;2;2:3,5:3,7:3,19:1,173:3;11418:31832,18165:30275
33828661104875;2;5:3,7:6,13:1,19:1,67:1,139:1;1715:32340,12915:31640
33908315713272;2;2:3,3:3,7:7,11:1,13:1,31:1,43:1;9996:32046,11032:31934
33936730021376;2;2:9,7:1,13:1,31:1,61:1,67:1,5749:1;320:32376,14648:31344
33997109419000;2;2:3,5:3,7:1,13:1,31:1,139:1,277:1,313:1;3630:32380,11140:31950
34057215481688;2;2:3,7:3,19:1,31:1,43:1,523:1,937:1;13334:31644,22118:28536
34168635858357;2;3:8,7:1,11:3,13:1,19:1,31:1,73:1;3501:32436,22341:28446
34341767112744;2;2:3,3:3,7:3,13:1,37:1,43:1,73:1,307:1;18106:30512,25263:26313
34342778293551;2;3:3,7:7,13:3,19:1,37:1;3822:32487,14658:31479
34522913656000;2;2:6,5:3,7:1,11:3,31:1,67:1,223:1;16720:31020,18700:30360
34540732863000;2;2:3,3:2,5:3,7:1,13:1,103:1,241:1,1699:1;7750:32420,22420:28550
34570698022952;2;2:3,7:4,13:1,31:1,43:1,283:1,367:1;3402:32564,24122:27384
34589277597609;2;3:6,7:2,19:1,97:1,103:1,5101:1;13662:31761,14265:31644
34595657770401;2;3:3,7:3,13:1,19:1,43:1,547:1,643:1;8092:32417,23926:27545
34616846818008;2;2:3,3:3,7:4,13:1,43:1,97:1,1231:1;21399:29169,25200:26502
34740524741013;2;3:11,7:4,13:1,61:1,103:1;12456:32013,24192:27405
34779589068637;2;7:4,19:1,43:4,223:1;2494:32637,7525:32508
34779908594431;2;7:1,11:3,13:1,17:3,211:1,277:1;6919:32538,25432:26367
34870125075968;2;2:9,7:2,13:1,37:1,61:1,127:1,373:1;4960:32632,16558:31186
34918014313000;2;2:3,5:3,7:4,13:1,19:1,97:1,607:1;4585:32655,16240:31290
34923390031250;2;2:1,5:6,7:1,31:1,37:1,181:1,769:1;5825:32625,14555:31695
34927046875000;2;2:3,5:9,7:6,19:1;11550:32200,18375:30625
34942679023616;2;2:15,7:1,13:1,19:1,37:1,79:1,211:1;14984:31608,16928:31104
34985047063869;2;3:3,7:1,37:1,73:1,79:3,139:1;237:32706,25517:26386
34995823752617;2;7:1,13:3,17:3,31:1,67:1,223:1;16796:31161,18785:30498
35017517027773;2;7:1,37:1,43:2,61:1,193:1,6211:1;11205:32272,19965:30022
35047068422464;2;2:6,7:3,37:3,43:1,733:1;12432:32116,21460:29304
35053959391451;2;7:1,11:3,13:1,19:1,61:1,67:1,3727:1;8459:32538,12914:32043
35092269576000;2;2:6,3:9,5:3,7:1,13:1,31:1,79:1;10260:32400,20340:29880
35107020350857;2;7:1,13:1,19:1,31:1,37:3,67:1,193:1;15577:31524,19906:30081
35126975265625;2;5:6,19:3,31:1,97:1,109:1;14250:31825,24225:27550
35144640700533;2;3:7,7:7,13:1,19:1,79:1;12684:32109,23520:28077
35181505944368;2;2:4,7:3,29:3,31:1,61:1,139:1;7134:32654,19082:30450
35182843265024;2;2:21,7:1,13:1,19:1,31:1,313:1;7424:32640,23424:28160
35227277733375;2;3:9,5:3,7:3,13:3,19:1;4095:32760,11583:32292
35237940496857;2;3:3,7:4,19:4,43:1,97:1;5985:32718,23009:28462
35279664056000;2;2:6,5:3,7:2,13:1,19:1,199:1,1831:1;3840:32780,23820:27920
35340864138944;2;2:6,7:1,13:1,47:3,211:1,277:1;6956:32712,25568:26508
35417392931375;2;5:3,7:2,13:4,61:1,3319:1;8775:32630,23010:28535
35481706533000;2;2:3,3:3,5:3,7:1,13:1,53:3,97:1;530:32860,6996:32754
35529224192000;2;2:15,5:3,7:3,11:3,19:1;11616:32384,18480:30800
35660158235000;2;2:3,5:4,13:1,31:1,109:1,229:1,709:1;2540:32910,13695:32105
35748325523456;2;2:15,7:3,13:1,19:1,79:1,163:1;3584:32928,16544:31488
35753015584377;2;3:2,7:3,13:4,31:1,103:1,127:1;1729:32942,25129:27092
35877888557056;2;2:15,7:1,13:1,17:3,31:1,79:1;1836:32980,10336:32640
35888033853000;2;2:3,3:3,5:3,7:1,19:1,109:1,277:1,331:1;255:32985,10082:32668
35954560858699;2;7:1,31:1,67:1,223:4;16948:31443,18955:30774
35989627515625;2;5:6,7:1,19:1,103:1,277:1,607:1;17050:31425,17700:31225
36013900101543;2;3:3,7:1,13:1,19:1,31:1,43:3,313:1;7482:32895,23607:28380
36076108488875;2;5:3,7:1,13:1,31:1,79:1,109:3;2910:33035,10355:32700
36129344093297;2;7:1,13:1,19:3,29:1,31:3,67:1;3876:33041,19532:30609
36330481152000;2;2:12,3:3,5:3,7:1,37:1,73:1,139:1;240:33120,25840:26720
36378742510656;2;2:6,3:3,7:4,13:4,307:1;16068:31824,24661:27755
36440426774528;2;2:15,7:4,31:1,67:1,223:1;17024:31584,19040:30912
36480805543000;2;2:3,5:3,7:1,13:1,19:3,211:1,277:1;7030:33060,25840:26790
36495409143375;2;3:3,5:3,7:1,13:1,97:1,107:3;535:33170,7062:33063
36496288390744;2;2:3,7:2,13:4,41:1,43:3;13416:32422,23764:28470
36754263784000;2;2:6,5:3,7:3,19:1,89:3;11748:32752,18690:31150
36801951674696;2;2:3,13:1,19:1,43:1,139:1,1669:1,1867:1;10482:32912,16764:31778
36851646832875;2;3:12,5:3,7:1,19:1,43:1,97:1;6075:33210,23355:28890
36857941939000;2;2:3,5:3,7:1,13:4,19:1,31:1,313:1;7540:33150,23790:28600
36916998303744;2;2:12,3:3,13:1,31:1,37:1,61:1,367:1;4800:33264,26096:26752
36996500884672;2;2:6,7:1,19:3,43:1,211:1,1327:1;3852:33304,23313:28975
37064861560125;2;3:3,5:3,7:6,17:3,19:1;4165:33320,11781:32844
37125296562088;2;2:3,7:4,19:1,29:3,43:1,97:1;6090:33292,16944:31834
37319859407376;2;2:4,3:3,7:4,13:1,19:1,31:1,37:1,127:1;9513:33159,17850:31626
37392555062375;2;5:3,31:1,97:4,109:1;14550:32495,24735:28130
37402206811704;2;2:3,3:3,7:4,19:1,67:1,181:1,313:1;6062:33376,23709:28875
37735155352125;2;3:3,5:3,7:1,11:1,31:1,43:1,97:1,1123:1;15650:32365,17925:31740
38513882086533;2;3:3,7:1,19:1,43:1,97:1,137:3;6165:33702,23701:29318
38965262749875;2;3:3,5:3,7:3,11:6,19:1;4235:33880,11979:33396
39099126183481;2;7:1,13:1,19:1,31:3,43:1,127:1,139:1;19561:31620,24862:28737
39205553416029;2;3:3,7:3,11:3,13:1,19:1,79:1,163:1;3696:33957,17061:32472
39384854179216;2;2:4,7:1,13:1,19:3,97:1,109:1,373:1;7895:33881,20102:31502
39396696446016;2;2:6,3:3,7:3,13:1,19:1,439:1,613:1;2856:34020,19908:31584
39467472593913;2;3:5,7:1,13:1,31:3,181:1,331:1;4710:34017,18321:32178
39753513892125;2;3:6,5:3,11:3,31:1,97:1,109:1;14850:33165,25245:28710
39801337319744;2;2:6,7:1,11:3,13:1,43:1,97:1,1231:1;22418:30558,26400:27764
39861773854875;2;3:6,5:3,7:4,19:1,43:1,223:1;2610:34155,7875:34020
39869605857403;2;7:1,61:1,79:1,127:3,577:1;1035:34162,27051:27178
39982273845696;2;2:6,3:3,7:1,13:1,31:1,47:3,79:1;10716:33840,21244:31208
40008663533384;2;2:3,7:2,13:1,19:1,31:1,37:1,337:1,1069:1;13682:33456,19155:32069
40013281956375;2;3:2,5:3,7:1,13:1,37:1,109:1,199:1,487:1;4630:34175,19015:32120
40225365204759;2;3:3,7:1,19:1,43:1,97:1,139:3;6255:34194,24047:29746
40298777883000;2;2:3,3:3,5:3,7:1,13:3,37:1,43:1,61:1;9230:34060,19035:32205
40768103592125;2;5:3,7:3,13:1,31:1,37:1,43:1,1483:1;12845:33810,19845:32060
40929537056625;2;3:6,5:3,7:3,19:1,41:3;4305:34440,12177:33948
41056096852953;2;3:3,7:1,13:4,19:1,31:1,37:1,349:1;6409:34424,10569:34164
41113326756411;2;3:3,7:1,13:4,19:1,31:1,67:1,193:1;16419:33228,20982:31707
41197889304000;2;2:6,3:3,5:3,11:3,13:1,73:1,151:1;14520:33660,16192:33308
41276449202625;2;3:9,5:3,7:1,13:1,19:1,31:1,313:1;7830:34425,24705:29700
41705745456375;2;3:6,5:3,7:4,11:1,13:1,31:1,43:1;10710:34335,11820:34215
41986815134481;2;3:6,7:1,19:1,43:1,47:3,97:1;6345:34686,24393:30174
42211818332875;2;5:3,31:1,97:1,101:3,109:1;15150:33835,25755:29290
42577207729875;2;3:6,5:3,7:1,13:1,43:1,97:1,1231:1;19475:32770,27000:28395
42609834911007;2;3:3,7:1,13:1,19:3,61:1,181:1,229:1;10602:34599,15543:33870
42672420403461;2;3:6,37:1,73:1,157:1,223:1,619:1;19485:32796,22877:31312
42892650561852;2;2:2,3:3,7:3,13:1,19:1,31:1,37:1,61:1,67:1;15519:33957,21405:32103
42909174275968;2;2:7,7:1,11:3,13:1,19:1,31:1,37:1,127:1;9966:34738,18700:33132
42911993109375;2;3:3,5:6,13:1,19:1,43:1,61:1,157:1;615:35010,27775:27800
42947630578125;2;3:3,5:6,7:1,13:1,19:1,97:1,607:1;17400:33525,27325:28250
42958740234375;2;3:3,5:12,7:3,19:1;4375:35000,12375:34500
43032232993239;2;3:9,7:1,31:1,73:1,79:1,1747:1;10026:34767,12690:34479
43136830199736;2;2:3,3:6,7:5,13:1,97:1,349:1;1596:35070,9380:34846
43299570558123;2;3:6,11:3,19:1,61:1,139:1,277:1;822:35115,17072:33715
43593799976216;2;2:3,7:1,19:1,31:1,37:1,1297:1,27541:1;15030:34256,24228:30854
43798950822627;2;3:3,7:1,11:3,13:3,19:1,43:1,97:1;6435:35178,24739:30602
44137481661000;2;2:3,3:5,5:3,7:1,13:1,31:3,67:1;930:35340,6960:35250
44410051601487;2;3:3,11:3,13:3,43:1,103:1,127:1;22308:32175,24167:31174
44540571201399;2;3:9,7:1,13:1,67:1,211:1,1759:1;4455:35424,12582:34911
44769434962625;2;5:3,31:1,97:1,103:3,109:1;15450:34505,26265:29870
44835825255039;2;3:3,7:1,13:1,19:1,37:3,67:1,283:1;8954:35335,18204:33855
45053928037125;2;3:3,5:3,7:3,19:1,127:3;4445:35560,12573:35052
45087078277458;2;2:1,3:6,7:6,31:1,61:1,139:1;7749:35469,20727:33075
45230826041856;2;2:9,3:9,7:1,13:1,31:1,37:1,43:1;5232:35592,11664:35208
45306671312448;2;2:6,3:3,7:7,13:1,31:1,79:1;11172:35280,22148:32536
45416394479393;2;7:4,19:1,43:1,47:3,223:1;2726:35673,8225:35532
45444318192000;2;2:7,3:3,5:3,7:1,13:1,37:1,157:1,199:1;3324:35676,19730:33550
45503156578789;2;7:1,13:1,19:3,271:1,367:1,733:1;342:35701,13813:34998
45662491216125;2;3:3,5:3,7:1,19:1,29:3,43:1,97:1;6525:35670,25085:31030
45770211024867;2;3:3,7:3,19:1,31:1,751:1,11173:1;7131:35676,11998:35315
46105190658000;2;2:4,3:3,5:3,19:1,37:1,67:1,18127:1;6390:35790,12955:35285
46169341654625;2;5:3,7:1,43:1,331:1,1621:1,2287:1;1752:35873,26630:30105
46314540318375;2;3:6,5:3,7:2,31:1,313:1,1069:1;12735:35370,22383:32742
46390122953811;2;3:9,7:6,13:1,23:1,67:1;5724:35883,25515:30996
46469752745472;2;2:9,3:3,7:4,19:1,31:1,2377:1;504:35952,27960:29088
47028200664627;2;3:3,7:1,13:1,19:1,31:1,47:3,313:1;8178:35955,25803:31020
47068769265336;2;2:3,3:6,7:4,13:1,19:1,31:1,439:1;10017:35847,22302:33012
47165429077767;2;3:3,7:1,11:3,13:1,19:1,43:1,127:1,139:1;20823:33660,26466:30591
47216156218875;2;3:6,5:3,7:3,19:1,43:3;4515:36120,12771:35604
47365134453000;2;2:3,3:3,5:3,7:6,13:1,31:1,37:1;20580:33810,27440:29890
47428330359375;2;3:3,5:6,7:3,31:1,97:1,109:1;15750:35175,26775:30450
47578155261903;2;3:6,7:7,19:1,43:1,97:1;6615:36162,25431:31458
47768364156149;2;7:1,13:1,19:1,31:1,41:3,67:1,193:1;17261:34932,22058:33333
48135595604616;2;2:3,3:3,13:1,31:1,37:1,193:1,211:1,367:1;6540:36306,8968:36194
48175315461000;2;2:3,3:6,5:3,7:1,13:1,19:1,37:1,1033:1;3585:36375,10040:36130
48256850657071;2;7:4,19:1,31:1,61:1,73:1,79:1,97:1;13839:35728,24591:32200
48843055975077;2;3:3,7:1,13:4,19:1,37:1,61:1,211:1;23101:33176,26325:31278
49229232815161;2;7:1,31:1,67:3,571:1,1321:1;1608:36649,4321:36630
49269271688000;2;2:6,5:3,7:1,13:3,43:1,67:1,139:1;7380:36560,25920:31700
49422262066632;2;2:3,3:3,7:1,13:1,73:1,79:1,127:1,3433:1;3168:36690,21624:34002
49423745534247;2;3:3,7:1,23:1,37:1,43:1,61:1,193:1,607:1;5220:36663,18575:35038
49446480533625;2;3:3,5:3,7:3,19:1,131:3;4585:36680,12969:36156
49539583469467;2;7:1,13:1,19:1,67:1,109:1,571:1,6871:1;1531:36726,16347:35614
49546661906889;2;3:3,7:1,19:1,43:1,97:1,149:3;6705:36654,25777:31886
50135036430024;2;2:3,3:3,7:3,13:4,19:1,29:1,43:1;6162:36816,16674:35700
50190471101125;2;5:3,31:1,97:1,107:3,109:1;16050:35845,27285:31030
50771960667792;2;2:4,3:5,7:3,13:4,31:1,43:1;19682:35074,25701:32331
51035460328125;2;3:3,5:6,7:1,13:1,19:1,31:1,37:1,61:1;2285:37090,26150:32125
51083946793152;2;2:6,3:6,7:1,13:1,17:3,31:1,79:1;11628:36720,23052:33864
51375139128306;2;2:1,3:3,7:1,31:1,37:1,61:1,67:1,79:1,367:1;211:37175,3461:37165
51464448090559;2;7:10,19:1,43:1,223:1;2842:37191,8575:37044
51479818299000;2;2:3,3:3,5:3,7:1,13:1,19:1,67:1,109:1,151:1;990:37200,27900:30990
51568730098011;2;3:3,7:1,19:1,43:1,97:1,151:3;6795:37146,26123:32314
51745956735375;2;3:3,5:3,7:6,19:4;4655:37240,13167:36708
52577088755464;2;2:3,7:3,13:4,17:1,19:1,31:1,67:1;19071:35737,26208:32578
53057823765875;2;5:3,31:1,97:1,109:4;16350:36515,27795:31610
53290896814701;2;3:3,7:7,13:1,19:1,31:1,313:1;8526:37485,26901:32340
53645078782197;2;3:9,7:1,17:3,19:1,43:1,97:1;6885:37638,26469:32742
54101645610831;2;3:12,7:1,13:1,19:1,97:1,607:1;18792:36207,29511:30510
54115640578125;2;3:12,5:6,7:3,19:1;4725:37800,13365:37260
54517599497088;2;2:7,3:3,7:1,13:1,19:1,103:1,283:1,313:1;386:37918,1635:37917
54539906187312;2;2:4,3:6,7:1,13:1,37:1,97:1,103:1,139:1;14790:37158,28515:31533
54932934553497;2;3:3,7:1,11:3,13:1,19:3,31:1,79:1;11913:37620,23617:34694
54986892506000;2;2:4,5:3,7:1,13:1,19:1,31:1,43:1,79:1,151:1;6765:37955,20490:35930
55105400806183;2;7:1,13:1,19:1,31:1,43:3,67:1,193:1;18103:36636,23134:34959
55155774816198;2;2:1,3:6,7:1,19:1,31:1,37:1,43:1,73:1,79:1;2673:38061,20547:35955
55235383970355;2;3:3,5:1,37:1,919:1,3061:1,3931:1;7947:37968,24738:34227
55289603089000;2;2:3,5:3,7:1,37:1,43:1,103:1,157:1,307:1;6250:38040,23040:35050
55377907379496;2;2:3,3:3,13:1,19:1,31:1,73:1,523:1,877:1;2682:38112,26154:33468
55546713907776;2;2:6,3:5,7:1,13:1,19:1,31:1,37:1,1801:1;3144:38148,22818:35214
55776426906375;2;3:3,5:3,7:1,19:1,31:3,43:1,97:1;6975:38130,26815:33170
55919564732024;2;2:3,7:4,19:1,37:1,43:1,193:1,499:1;13692:37646,28302:32156
56032354931625;2;3:3,5:3,31:1,37:3,97:1,109:1;16650:37185,28305:32190
56188715803136;2;2:9,7:1,19:1,31:1,61:1,163:1,2677:1;17646:37010,28164:32348
56271190464125;2;5:3,7:4,13:1,19:1,43:1,127:1,139:1;22085:35700,28070:32445
56543491428291;2;3:9,7:3,31:1,43:1,61:1,103:1;13203:37854,22995:35406
56556587815875;2;3:3,5:3,7:3,19:1,137:3;4795:38360,13563:37812
56871914038875;2;3:3,5:3,13:1,19:1,211:1,313:1,1033:1;26340:33795,30120:30915
57145086282375;2;3:6,5:3,7:1,13:1,19:1,47:1,7717:1;15156:37719,20690:36415
57332585104704;2;2:6,3:3,7:1,13:1,31:1,53:3,79:1;12084:38160,23956:35192
57570081365125;2;5:3,7:1,19:1,23:3,31:1,9181:1;17181:37444,27765:33070
57737935635471;2;3:6,7:1,13:3,43:1,229:1,523:1;24072:35247,29016:32175
57893850173943;2;3:3,7:6,19:1,67:1,103:1,139:1;2415:38682,29351:31948
57963493417473;2;3:3,7:1,19:1,43:1,97:1,157:3;7065:38622,27161:33598
58026931836741;2;3:3,7:4,17:3,19:1,43:1,223:1;2958:38709,8925:38556
58895659891035;2;3:6,5:1,11:3,31:1,79:1,4957:1;198:38907,24579:35316
59028378314031;2;3:3,7:3,673:1,757:1,12511:1;3472:38927,8911:38780
59047047540693;2;3:2,19:1,61:1,73:1,271:1,277:1,1033:1;23501:35848,26114:34549
59069854202625;2;3:3,5:3,7:3,19:1,139:3;4865:38920,13761:38364
59116031176375;2;5:3,31:1,97:1,109:1,113:3;16950:37855,28815:32770
59234907828726;2;2:1,3:3,7:3,23:3,31:1,61:1,139:1;8487:38847,22701:36225
59492393243136;2;2:9,3:6,7:1,19:1,31:1,67:1,577:1;7944:38928,24992:35272
59913843096107;2;7:1,11:3,13:1,19:1,67:1,73:1,5323:1;15499:38302,21835:36718
59984528379048;2;2:3,3:3,7:4,13:1,37:2,67:1,97:1;14490:38472,22666:36428
60086279979999;2;3:6,7:1,13:1,17:3,19:1,31:1,313:1;8874:39015,27999:33660
60206997262419;2;3:6,7:1,19:1,43:1,53:3,97:1;7155:39114,27507:34026
61438217389731;2;3:3,7:4,13:1,271:1,367:1,733:1;378:39459,15267:38682
61656495492375;2;3:6,5:3,7:3,19:1,47:3;4935:39480,13959:38916
61851608268723;2;3:6,7:1,13:1,19:1,67:1,73:1,79:1,127:1;4491:39528,23040:36747
61920597624984;2;2:3,3:3,7:4,31:1,61:1,103:1,613:1;5865:39519,19580:37894
62015911946469;2;3:9,13:1,43:1,151:1,163:1,229:1;14013:38988,19197:38016
62310819078125;2;5:6,23:3,31:1,97:1,109:1;17250:38525,29325:33350
62495367165504;2;2:6,3:6,7:1,13:1,19:1,31:1,67:1,373:1;600:39684,27684:34560
62507657388141;2;3:3,7:4,19:1,23:3,43:1,97:1;7245:39606,27853:34454
62525631896000;2;2:6,5:3,7:4,13:1,241:1,1039:1;5852:39648,29000:33660
62661976505037;2;3:3,7:1,13:1,19:1,43:1,211:1,337:1,439:1;3765:39708,18237:38394
62904821824000;2;2:9,5:3,13:1,19:3,73:1,151:1;9025:39615,16720:38760
63069789202875;2;3:6,5:3,7:1,13:1,19:1,31:1,37:1,349:1;7395:39720,12195:39420
63157704962625;2;3:6,5:3,7:1,13:1,19:1,31:1,67:1,193:1;18945:38340,24210:36585
63428859300807;2;3:5,7:4,11:3,13:1,61:1,103:1;15224:39127,29568:33495
63832235410125;2;3:2,5:3,7:1,13:1,19:1,37:1,79:1,103:1,109:1;10805:39700,23410:37085
64071071064000;2;2:6,3:3,5:3,7:1,11:3,13:1,31:1,79:1;12540:39600,24860:36520
64251095526072;2;2:3,3:2,7:1,13:1,17:3,31:3,67:1;1054:40052,7888:39950
64317567439125;2;3:3,5:3,7:3,11:3,13:3,19:1;5005:40040,14157:39468
64577341850112;2;2:9,3:9,7:1,13:1,67:1,1051:1;12808:39680,20808:38160
64714200492123;2;3:3,7:3,13:4,19:1,79:1,163:1;4368:40131,20163:38376
64866192741567;2;3:3,7:1,19:1,43:1,97:1,163:3;7335:40098,28199:34882
64870326736488;2;2:3,3:3,7:4,13:1,31:1,211:1,1471:1;10864:39914,25242:36540
65124842866307;2;7:4,19:1,43:1,53:3,223:1;3074:40227,9275:40068
65514904939575;2;3:3,5:2,7:1,13:1,37:1,61:3,127:1;19559:38716,21228:38247
65618685214875;2;3:6,5:3,13:3,31:1,97:1,109:1;17550:39195,29835:33930
65697624411328;2;2:6,7:1,13:4,43:1,97:1,1231:1;26494:36114,31200:32812
66099684821625;2;3:5,5:3,7:3,13:1,139:1,3511:1;3360:40425,16865:39430
66479407826923;2;7:1,13:1,19:1,37:3,43:1,127:1,139:1;23347:37740,29674:34299
67036784778873;2;3:3,7:1,13:1,19:1,29:3,97:1,607:1;20184:38889,31697:32770
67054125796875;2;3:3,5:6,7:3,19:1,29:3;5075:40600,14355:40020
67078480343112;2;2:3,3:9,7:1,19:1,31:1,277:1,373:1;6291:40581,22104:38322
67230458247043;2;7:4,13:1,19:3,43:1,67:1,109:1;7434:40579,25270:37107
67280487501500;2;2:2,5:3,7:2,13:3,31:1,61:1,661:1;3275:40665,21095:38685
67283322269625;2;3:6,5:3,7:1,11:3,19:1,43:1,97:1;7425:40590,28545:35310
67436092487673;2;3:3,7:1,13:1,19:1,31:1,53:3,313:1;9222:40545,29097:34980
68002827048000;2;2:6,3:3,5:3,13:4,73:1,151:1;17160:39780,19136:39364
68012963389000;2;2:3,5:3,7:3,43:1,727:1,6343:1;10290:40600,27010:36420
68206374918864;2;2:4,3:6,7:1,13:1,19:1,31:1,79:1,1381:1;2670:40854,13698:40338
68491747081611;2;3:3,7:1,19:3,31:1,37:1,73:1,631:1;3382:40907,23635:38096
68579141230656;2;2:6,3:6,7:1,19:1,61:1,103:1,1759:1;792:40932,20024:39268
69041596164625;2;5:3,7:3,17:3,31:1,97:1,109:1;17850:39865,30345:34510
69759764919243;2;3:3,7:1,19:1,43:1,97:1,167:3;7515:41082,28891:35738
69867226319625;2;3:6,5:3,7:9,19:1;5145:41160,14553:40572
70122628786392;2;2:3,3:3,7:1,13:1,19:1,31:1,37:1,313:1,523:1;18198:40020,21382:39224
70827540108416;2;2:7,7:1,13:4,19:1,31:1,37:1,127:1;11778:41054,22100:39156
71015782527144;2;2:3,3:3,7:1,13:1,31:1,73:1,97:1,109:1,151:1;9536:41242,25572:37866
71171112743360;2;2:6,5:1,7:4,31:1,67:1,103:1,433:1;17262:40418,21084:39536
71231331223143;2;3:6,7:4,13:1,19:1,37:1,61:1,73:1;8631:41328,28407:36420
71958544881587;2;7:1,13:1,19:1,31:1,47:3,67:1,193:1;19787:40044,25286:38211
72054946518408;2;2:3,3:6,7:1,19:1,37:1,73:1,163:1,211:1;7074:41544,22236:39378
72296239637349;2;3:3,7:1,13:6,19:1,43:1,97:1;7605:41574,29237:36166
72581518505375;2;5:3,11:6,31:1,97:1,109:1;18150:40535,30855:35090
72757924761375;2;3:3,5:3,7:3,19:1,149:3;5215:41720,14751:41124
72779178327625;2;5:3,7:4,11:3,19:1,43:1,223:1;3190:41745,9625:41580
73108250245728;2;2:5,3:6,19:1,31:1,877:1,6067:1;594:41814,24246:38898
73206721026621;2;3:6,7:4,13:1,31:1,67:1,1549:1;11165:41566,27294:37533
73304946182169;2;3:3,13:6,43:1,103:1,127:1;26364:38025,28561:36842
73475331949656;2;2:3,3:6,7:1,13:1,31:1,43:1,283:1,367:1;4374:41868,31014:35208
73528380509103;2;3:9,13:1,19:1,43:1,547:1,643:1;10404:41679,30762:35415
74893465370871;2;3:9,7:1,19:4,43:1,97:1;7695:42066,29583:36594
74939362163848;2;2:3,7:1,13:1,17:3,19:1,67:1,109:1,151:1;1122:42160,31620:35122
75032004513375;2;3:6,5:3,7:1,13:1,19:1,37:1,61:1,211:1;26655:38280,30375:36090
75362076664875;2;3:3,5:3,7:1,11:3,13:1,19:1,31:1,313:1;9570:42075,30195:36300
75727276876125;2;3:3,5:3,7:3,19:1,151:3;5285:42280,14949:41676
75843001878336;2;2:6,3:3,7:3,11:3,127:1,757:1;5620:42296,32010:35046
76070143406250;2;2:1,3:3,5:6,7:3,31:1,61:1,139:1;9225:42225,24675:39375
76240418815125;2;3:3,5:3,31:1,41:3,97:1,109:1;18450:41205,31365:35670
76608956417383;2;13:1,19:1,3463:1,6043:1,14821:1;2551:42468,27670:38127
77552161066737;2;3:3,7:1,19:1,43:1,97:1,173:3;7785:42558,29929:37022
77853078650529;2;3:3,7:1,13:4,19:1,43:1,127:1,139:1;24609:39780,31278:36153
77995160334000;2;2:4,3:8,5:3,7:3,13:1,31:1,43:1;22710:40470,29655:37305
78135277946301;2;3:2,61:1,67:1,73:1,79:1,337:1,1093:1;20570:41101,32404:35333
78548479446528;2;2:9,3:3,7:1,13:1,97:1,241:1,2671:1;18203:41701,23928:40176
78567766960221;2;3:3,7:1,11:3,31:1,73:1,79:1,1747:1;12254:42493,15510:42141
78776338417875;2;3:9,5:3,7:3,17:3,19:1;5355:42840,15147:42228
79004919540456;2;2:3,3:3,7:4,13:1,19:1,37:1,79:1,211:1;18970:41636,22218:40824
79091525193408;2;2:6,3:3,7:1,13:1,31:1,59:3,79:1;13452:42480,26668:39176
79247114338574;2;2:1,7:2,13:1,67:1,349:1,457:1,5821:1;3823:42943,19717:41521
79318301772528;2;2:4,3:9,7:1,13:1,19:1,31:1,37:1,127:1;12231:42633,22950:40662
79493320016712;2;2:3,3:9,7:1,19:1,67:1,181:1,313:1;7794:42912,30483:37125
79652052684477;2;3:9,7:1,13:1,19:1,67:1,181:1,193:1;5853:42990,22734:40797
79960370464611;2;3:3,7:1,13:1,19:1,31:1,43:1,733:1,1753:1;8500:42971,33588:34779
80020263671875;2;5:12,31:1,97:1,109:1;18750:41875,31875:36250
80137688379875;2;5:3,7:1,19:1,43:1,97:1,619:1,1867:1;16515:42290,25395:39950
80273045671875;2;3:3,5:6,7:4,19:1,43:1,97:1;7875:43050,30275:37450
80716854657257;2;7:1,13:1,23:3,271:1,367:1,733:1;414:43217,16721:42366
80768172303000;2;2:3,3:3,5:3,7:3,13:1,17:1,19:1,31:1,67:1;22005:41235,30240:37590
81010935369063;2;3:3,7:4,19:4,43:1,223:1;3306:43263,9975:43092
81541188819181;2;7:7,13:1,19:1,31:1,67:1,193:1;20629:41748,26362:39837
81884983203387;2;3:3,7:1,13:1,19:1,31:3,97:1,607:1;21576:41571,33883:35030
81899057036888;2;2:3,7:1,13:3,19:3,37:1,43:1,61:1;15990:42692,24111:40793
81906165140625;2;3:3,5:6,7:3,19:1,31:3;5425:43400,15345:42780
82769964411771;2;3:5,7:4,13:1,19:3,37:1,43:1;7980:43491,19491:42240
82779009244750;2;2:1,5:3,7:1,13:3,19:3,43:1,73:1;19513:42237,31095:37495
83056838133213;2;3:6,7:1,19:1,43:1,59:3,97:1;7965:43542,30621:37878
83666460087945;2;3:6,5:1,7:3,181:1,331:1,1117:1;948:43737,13734:43281
83885974838757;2;3:6,7:1,13:1,19:4,31:1,313:1;9918:43605,31293:37620
83923019653625;2;5:3,31:1,97:1,109:1,127:3;19050:42545,32385:36830
84047590611153;2;3:3,13:1,19:1,103:1,211:1,631:1,919:1;8694:43689,23913:41286
84120957249875;2;5:3,7:1,13:1,19:1,31:1,109:1,127:1,907:1;15840:43115,32180:37035
84560566754125;2;5:3,7:2,11:3,31:1,313:1,1069:1;15565:43230,27357:40018
84698564679729;2;3:3,7:6,11:3,13:1,23:1,67:1;6996:43857,31185:37884
84726528909750;2;2:1,3:6,5:3,7:1,13:3,19:1,37:1,43:1;6435:43875,21015:42255
85117812798375;2;3:3,5:3,7:3,19:1,157:3;5495:43960,15543:43332
85904257397679;2;3:3,7:1,19:1,43:1,97:1,179:3;8055:44034,30967:38306
86050228901238;2;2:1,3:2,7:1,103:1,349:1,1627:1,11677:1;28633:39701,34445:35617
86468159467683;2;3:3,7:3,19:1,43:1,103:1,181:1,613:1;27:44220,12006:43923
86478819437367;2;3:3,7:1,19:3,61:1,79:1,109:1,127:1;6498:44175,31975:37748
86647077313875;2;3:6,5:3,13:1,31:1,37:1,43:1,1483:1;16515:43470,25515:41220
87410462997312;2;2:6,3:3,7:1,13:1,31:1,61:3,79:1;13908:43920,27572:40504
87713644867875;2;3:3,5:3,13:1,19:1,67:1,79:1,103:1,193:1;13250:44035,26515:41030
87911409754701;2;3:3,13:1,19:1,31:1,337:1,883:1,1429:1;5901:44430,11526:44205
88410527728523;2;7:1,11:1,13:1,103:1,229:1,691:1,5419:1;8772:44435,15723:43886
88412337145125;2;3:6,5:3,7:3,19:1,53:3;5565:44520,15741:43884
88657716917952;2;2:6,3:2,7:1,13:1,31:1,37:1,103:2,139:1;7180:44528,18152:43564
88816022412201;2;3:3,7:1,19:1,43:1,97:1,181:3;8145:44526,31313:38734
89485802079219;2;3:3,7:1,13:3,19:1,31:1,43:1,67:1,127:1;4435:44714,28366:40547
89499212290341;2;3:3,7:1,61:1,73:1,97:1,241:1,4549:1;20477:43252,31125:39006
89700440507496;2;2:3,3:2,7:1,13:1,19:3,31:3,67:1;1178:44764,8816:44650
89819360580096;2;2:9,3:6,7:2,43:1,181:1,631:1;648:44784,4770:44766
89841111138989;2;7:4,19:1,43:1,59:3,223:1;3422:44781,10325:44604
90455200419311;2;7:1,13:1,19:1,41:3,43:1,127:1,139:1;25871:41820,32882:38007
90559496198115;2;3:3,5:1,7:3,19:1,43:1,79:1,157:1,193:1;4564:44891,16667:44128
90674423151039;2;3:3,7:1,13:4,19:3,31:1,79:1;14079:44460,27911:41002
90929383272000;2;2:6,3:3,5:3,7:1,13:3,31:1,883:1;8100:44880,13988:44512
90984449575656;2;2:3,3:6,7:2,13:1,19:1,31:1,43:1,967:1;5322:44952,29187:40437
91681484593608;2;2:3,3:12,7:2,13:1,97:1,349:1;2052:45090,12060:44802
91790793934875;2;3:3,5:3,7:6,19:1,23:3;5635:45080,15939:44436
91792852123707;2;3:6,7:1,19:1,43:1,61:3,97:1;8235:45018,31659:39162
91810925734437;2;3:3,7:1,13:1,17:3,19:1,31:1,37:1,349:1;8381:45016,13821:44676
91938905031519;2;3:3,7:1,13:1,17:3,19:1,31:1,67:1,193:1;21471:43452,27438:41463
92105131304125;2;5:3,31:1,97:1,109:1,131:3;19650:43885,33405:37990
92147583808000;2;2:9,5:3,7:1,19:1,61:1,103:1,1723:1;22770:43150,27400:41520
92233915255125;2;3:3,5:3,7:2,19:3,31:1,43:1,61:1;7030:45125,26405:41950
92345737199625;2;3:6,5:3,7:2,13:1,19:1,31:1,37:1,73:1;18225:44190,26370:41985
93029529336471;2;3:3,7:1,13:1,19:1,31:1,59:3,313:1;10266:45135,32391:38940
93288068245736;2;2:3,7:4,13:1,31:1,139:1,277:1,313:1;5082:45332,15596:44730
93329709031000;2;2:3,5:3,13:3,19:1,487:1,4591:1;550:45360,19110:44200
93400398728000;2;2:6,5:3,7:1,13:1,31:1,43:1,109:1,883:1;24840:42740,30330:40310
93937095748125;2;3:3,5:4,7:1,37:1,157:1,136897:1;13190:45085,27597:41778
94582738854000;2;2:4,3:6,5:3,43:1,97:1,103:1,151:1;6870:45510,28215:41625
94693368579264;2;2:6,3:3,7:1,13:1,37:1,67:1,421:1,577:1;2892:45576,27154:42110
94779770976072;2;2:3,3:2,7:4,13:1,103:1,241:1,1699:1;10850:45388,31388:39970
94835465479125;2;3:3,5:3,7:1,19:1,37:3,43:1,97:1;8325:45510,32005:39590
95201317927144;2;2:3,11:3,13:1,19:1,157:1,307:1,751:1;4936:45642,21648:43978
95254238921625;2;3:3,5:3,7:3,19:1,163:3;5705:45640,16137:44988
95826472490574;2;2:1,3:12,7:3,31:1,61:1,139:1;9963:45603,26649:42525
95829782245750;2;2:1,5:3,7:4,31:1,37:1,181:1,769:1;8155:45675,20377:44373
96260824807875;2;3:3,5:3,7:1,13:1,373:1,823:1,1021:1;115:45830,35835:36900
96293187716544;2;2:6,3:9,7:4,13:1,31:1,79:1;14364:45360,28476:41832
96388420128875;2;5:3,7:3,19:3,31:1,97:1,109:1;19950:44555,33915:38570
96834062989125;2;3:6,5:3,7:2,11:1,103:1,19141:1;5085:45900,34845:37920
96917632843248;2;2:4,3:2,7:4,31:1,61:1,271:1,547:1;14:45934,36197:36715
97798843225629;2;3:3,7:1,13:1,19:1,73:1,277:1,313:1,331:1;7517:46006,32805:39684
97944581425383;2;3:3,7:1,11:3,17:3,19:1,43:1,97:1;8415:46002,32351:40018
98706213356625;2;3:6,5:3,7:1,19:1,37:1,43:1,5119:1;6065:46180,30105:41490
98778176005509;2;3:6,7:1,11:3,13:1,19:1,97:1,607:1;22968:44253,36069:37290
98803727859375;2;3:6,5:6,7:3,11:3,19:1;5775:46200,16335:45540
98896103142109;2;7:1,13:4,19:1,67:1,73:1,5323:1;18317:45266,25805:43394
99290702785771;2;7:4,19:1,43:1,61:3,223:1;3538:46299,10675:46116
99333768120678;2;2:1,3:3,7:1,13:3,37:1,79:1,151:1,271:1;18031:45383,29811:41763
99413029886625;2;3:6,5:3,7:3,13:1,19:1,79:1,163:1;5040:46305,23265:44280
99860312727000;2;2:3,3:5,5:3,7:1,19:1,37:3,61:1;3020:46390,17760:45510
100038288030408;2;2:3,3:12,7:1,13:1,19:1,31:1,439:1;12879:46089,28674:42444
100702793251522;2;2:1,7:1,11:3,19:1,31:1,37:1,43:1,73:1,79:1;3267:46519,25113:43945
100802486390625;2;3:9,5:6,31:1,97:1,109:1;20250:45225,34425:39150
100847027008000;2;2:9,5:3,7:3,13:1,193:1,1831:1;7560:46480,33160:40080
100923751656000;2;2:6,3:3,5:3,7:1,13:1,43:1,97:1,1231:1;30570:41670,36000:37860
101120918909409;2;3:12,7:4,19:1,43:1,97:1;8505:46494,32697:40446
101222085568968;2;2:3,3:3,7:1,13:1,43:1,79:1,613:1,2473:1;13095:46257,36161:37783
101762291007000;2;2:3,3:3,5:3,13:1,19:1,139:1,151:1,727:1;7590:46620,20000:45430
102141492544000;2;2:9,5:3,7:3,13:1,73:1,4903:1;8220:46660,31776:41224
102440316502125;2;3:3,5:3,7:3,19:1,167:3;5845:46760,16533:46092
102563393962113;2;3:6,7:1,19:1,31:1,61:1,73:1,79:1,97:1;17793:45936,31617:41400
102814482485169;2;3:3,7:1,13:1,19:1,31:1,61:3,313:1;10614:46665,33489:40260
103184961774713;2;7:1,13:1,19:1,31:1,53:3,67:1,193:1;22313:45156,28514:43089
103236470632449;2;3:3,7:3,11:3,31:1,43:1,61:1,103:1;16137:46266,28105:43274
103304192315779;2;7:4,13:1,31:1,61:1,109:1,16057:1;25011:44422,36228:38203
103657504234375;2;5:6,7:1,13:1,271:1,367:1,733:1;450:46975,18175:46050
104348770617637;2;7:1,13:1,19:1,43:4,127:1,139:1;27133:43860,34486:39861
104365196878131;2;3:3,7:1,19:1,43:1,97:1,191:3;8595:46986,33043:40874
104464971000000;2;2:6,3:6,5:6,13:1,73:1,151:1;19800:45900,22080:45420
104622244063064;2;2:3,7:1,13:1,19:4,67:1,109:1,151:1;1254:47120,35340:39254
104698124631009;2;3:5,7:4,13:4,61:1,103:1;17992:46241,34944:39585
105015853930176;2;2:6,3:3,7:1,31:1,67:1,673:1,6211:1;34668:39864,35884:38888
105349296667375;2;5:3,31:1,97:1,109:1,137:3;20550:45895,34935:39730
105554990575125;2;3:3,5:3,7:2,13:1,97:1,439:1,1153:1;4640:47245,27285:44010
105758184168000;2;2:6,3:3,5:3,7:1,13:4,31:1,79:1;14820:46800,29380:43160
106082435008368;2;2:4,3:3,7:4,13:1,19:3,31:1,37:1;7406:47278,11970:47082
106165060603875;2;3:3,5:3,7:3,13:6,19:1;5915:47320,16731:46644
107220473836119;2;3:3,7:4,109:1,127:1,163:1,733:1;5823:47478,15111:46992
107531033353865;2;5:1,11:6,31:1,79:1,4957:1;242:47553,30041:43164
107678134278477;2;3:3,7:1,19:1,43:1,97:1,193:3;8685:47478,33389:41302
108020791549125;2;3:5,5:3,7:1,13:1,19:1,31:1,43:1,1543:1;12660:47325,23910:45525
108212964769000;2;2:3,5:3,7:1,13:3,31:1,61:3;7930:47580,37515:38125
108886638049371;2;3:6,7:1,13:1,19:1,31:1,43:1,229:1,283:1;5763:47724,22822:45947
109211118061500;2;2:2,3:3,5:3,7:1,13:2,37:1,421:1,439:1;25845:45135,36535:39245
109224366866433;2;3:3,7:1,13:1,17:3,19:1,37:1,61:1,211:1;30209:43384,34425:40902
109380707457777;2;3:6,7:7,19:1,43:1,223:1;3654:47817,11025:47628
109796445688293;2;3:2,7:4,13:1,37:1,109:1,199:1,487:1;6482:47845,26621:44968
109979015918625;2;3:9,5:3,7:3,19:4;5985:47880,16929:47196
110030817537125;2;5:3,31:1,97:1,109:1,139:3;20850:46565,35445:40310
110074461701652;2;2:2,3:3,7:4,37:1,43:1,367:1,727:1;13503:47565,35861:39991
110244407238000;2;2:4,3:3,5:3,7:7,37:1,67:1;14210:47530,29694:43806
110418826674429;2;3:3,7:1,13:1,19:1,31:1,43:1,73:1,109:1,223:1;26501:45112,36168:39813
110579846510952;2;2:3,3:3,7:4,13:3,37:1,43:1,61:1;12922:47684,26649:45087
110595000081176;2;2:3,13:3,37:1,61:1,73:1,181:1,211:1;5601:47975,10868:47814
110758180542408;2;2:3,3:6,7:1,37:1,73:1,919:1,1093:1;594:48024,11202:47820
110842009297000;2;2:3,5:3,19:3,31:1,37:1,73:1,193:1;7505:47975,26090:45320
111060450057375;2;3:6,5:3,7:1,13:3,19:1,43:1,97:1;8775:47970,33735:41730
111173628298616;2;2:3,13:1,19:1,79:1,109:1,2341:1,2791:1;5790:48056,27806:44760
111717388254528;2;2:6,3:5,7:3,19:1,31:3,37:1;1230:48162,24304:46004
112262408713000;2;2:3,5:3,7:1,13:1,19:1,31:1,43:1,67:1,727:1;13050:47920,37920:38650
112493434426191;2;3:2,7:1,13:1,31:1,67:1,193:1,277:1,1237:1;7463:48214,33415:42206
112610010634875;2;3:6,5:3,13:3,43:1,103:1,127:1;30420:43875,32955:42510
112636772697267;2;3:6,7:2,13:1,19:1,31:1,43:1,61:1,157:1;2766:48291,24819:46002
112663530308385;2;3:6,5:1,7:1,19:1,37:1,43:3,79:1;3956:48289,25929:45666
112927970652497;2;7:1,11:3,13:1,19:1,67:1,73:1,79:1,127:1;5489:48312,28160:44913
113227954459191;2;3:3,11:3,13:1,43:1,151:1,163:1,229:1;17127:47652,23463:46464
113262576612003;2;3:9,7:4,13:1,19:1,31:1,313:1;10962:48195,34587:41580
113537843769168;2;2:4,3:5,7:3,13:1,17:3,31:1,43:1;25738:45866,33609:42279
113883238200375;2;3:3,5:3,7:3,19:1,173:3;6055:48440,17127:47748
114306812580877;2;7:1,31:1,61:1,109:1,271:1,283:1,1033:1;14960:48053,35765:40928
114440565532293;2;3:6,7:7,11:1,13:1,31:1,43:1;14994:48069,16548:47901
114512863161753;2;3:3,7:1,19:1,43:1,97:1,197:3;8865:48462,34081:42158
114536463822144;2;2:6,3:3,7:1,13:1,31:1,61:1,67:1,5749:1;480:48564,21972:47016
114849015577875;2;3:3,5:3,31:1,47:3,97:1,109:1;21150:47235,35955:40890
115312627304875;2;5:3,7:1,11:3,13:1,19:1,31:1,67:1,193:1;23155:46860,29590:44715
115903464005511;2;3:6,7:3,13:1,37:1,43:1,73:1,307:1;14623:48314,27159:45768
116118196994744;2;2:3,7:1,67:1,331:1,373:1,439:1,571:1;10188:48638,34014:42500
116812265262875;2;5:3,7:3,13:3,31:1,109:1,367:1;8075:48810,34755:42140
116831858010777;2;3:6,7:4,13:1,43:1,97:1,1231:1;27265:45878,37800:39753
117574527562856;2;2:3,7:3,13:1,17:4,19:1,31:1,67:1;24939:46733,34272:42602
117750509092125;2;3:3,5:3,7:3,13:1,19:1,43:1,61:1,157:1;861:49014,38885:38920
117848298306375;2;3:3,5:3,7:4,13:1,19:1,97:1,607:1;24360:46935,38255:39550
117878783203125;2;3:3,5:9,7:6,19:1;6125:49000,17325:48300
118036092538539;2;3:3,7:1,19:1,43:1,97:1,199:3;8955:48954,34427:42586
118737582562242;2;2:1,3:3,7:3,29:3,31:1,61:1,139:1;10701:48981,28623:45675
119596786729875;2;3:6,5:3,7:1,13:1,19:1,43:1,127:1,139:1;28395:45900,36090:41715
119805857367625;2;5:3,11:3,13:3,31:1,97:1,109:1;21450:47905,36465:41470
120132122303375;2;5:3,7:4,13:3,19:1,43:1,223:1;3770:49335,11375:49140
120353034043125;2;3:3,5:4,13:1,31:1,109:1,229:1,709:1;3810:49365,26413:46712
120572263988848;2;2:4,7:3,19:1,31:1,127:1,139:1,2113:1;19138:48426,20803:48141
121113249677784;2;2:3,3:5,7:4,13:1,31:3,67:1;1302:49476,9744:49350
121630857134661;2;3:6,7:1,19:1,43:1,67:3,97:1;9045:49446,34773:43014
121949784028224;2;2:6,3:3,19:1,67:1,73:1,79:1,9613:1;14328:49188,20880:48324
121966706680875;2;3:6,5:3,7:3,19:1,59:3;6195:49560,17523:48852
122101742236257;2;3:9,7:1,103:3,811:1;16722:48969,29046:46041
122471134892568;2;2:3,3:3,7:1,11:3,19:1,31:1,277:1,373:1;7689:49599,27016:46838
123045529961529;2;3:9,7:3,19:1,67:1,103:1,139:1;3105:49734,37737:41076
124125546431809;2;13:1,19:1,37:1,1423:1,1567:1,6091:1;8169:49810,39417:39766
124395554044125;2;3:3,5:3,7:1,13:4,19:1,31:1,313:1;11310:49725,35685:42900
124863190485768;2;2:3,3:3,7:1,19:3,43:1,211:1,1327:1;5778:49956,24130:48032
124903309484375;2;5:6,29:3,31:1,97:1,109:1;21750:48575,36975:42050
197267754217625;2;5:3,7:1,13:1,19:3,61:1,181:1,229:1;17670:57665,25905:56450
765447801202539;2;3:3,7:4,13:1,19:1,43:1,73:1,97:1,157:1;51323:85738,55356:84147
